report_id,report_text,sif_potential,activity,hazard,barrier_failure,life_saving_rule
1,Technician disconnected a hydraulic hose while stored pressure remained.,HIGH,Hydraulic Maintenance,High-pressure release,Stored energy not released,Energy Isolation
2,An electrical cable was repaired while the circuit remained energized.,HIGH,Electrical Maintenance,Electric shock,Isolation not applied,Energy Isolation
3,Worker performed hot work on a vessel that had not been gas-freed.,HIGH,Hot Work,Explosion,Gas-free verification failed,Hot Work
4,Excavation was started without a permit or utility scan.,HIGH,Excavation,Underground utility strike,Permit and utility verification failed,Ground Disturbance
5,Worker stood close to a loaded trailer while it was being maneuvered.,HIGH,Vehicle Movement,Struck-by or crushing,Safe separation failed,Line of Fire
6,Hot work was started near flammable material without a proper permit.,HIGH,Hot Work,Fire or explosion,Hot-work permit and combustible control failed,Hot Work
7,Worker entered the swing radius of an excavator while it was operating.,HIGH,Excavation,Struck-by or crushing,Exclusion zone failed,Line of Fire
8,Vehicle reversed toward a worker without a spotter in a congested area.,HIGH,Vehicle Movement,Vehicle collision,Reversing control failed,Line of Fire
9,Scaffold access was used despite visible structural damage.,HIGH,Work at Height,Scaffold collapse or fall,Scaffold inspection/control failed,Working at Height
10,Temporary electrical cable was damaged but remained energized in a wet work area.,HIGH,Electrical Maintenance,Electric shock,Damaged equipment not isolated,Energy Isolation
11,A worker disconnected fall protection while working beside an open edge.,HIGH,Work at Height,Fall from height,Fall protection control bypassed,Working at Height
12,Maintenance started before lockout and tagout was applied to the machine.,HIGH,Equipment Maintenance,Unexpected startup,Lockout/tagout missing,Energy Isolation
13,Pump unexpectedly started while maintenance was being performed without proper isolation.,HIGH,Equipment Maintenance,Unexpected equipment movement,Energy isolation not applied,Energy Isolation
14,Excavator operated near an unverified underground pipeline.,HIGH,Excavation,Pipeline strike and release,Underground service verification failed,Ground Disturbance
15,Worker entered a process vessel while isolation of connected energy sources had not been verified.,HIGH,Confined Space Entry,Unexpected energy or hazardous atmosphere,Isolation boundary not verified,Confined Space
16,Hot work began before the surrounding area was checked for flammable materials.,HIGH,Hot Work,Fire or explosion,Pre-job fire hazard check failed,Hot Work
17,Worker climbed onto a moving vehicle to adjust equipment.,HIGH,Vehicle Movement,Fall or struck-by injury,Safe access and vehicle isolation failed,Line of Fire
18,Technician placed a hand inside a pinch point while equipment was being moved.,HIGH,Mechanical Maintenance,Crushing,Safe positioning and isolation failed,Line of Fire
19,Worker was positioned between a moving vehicle and a fixed structure.,HIGH,Vehicle Movement,Crushing injury,Worker entered line of fire,Line of Fire
20,A vehicle was driven through a pedestrian-only area while workers were present.,HIGH,Vehicle Movement,Vehicle-pedestrian collision,Traffic segregation failed,Line of Fire
21,A rotating coupling was exposed while workers were adjusting the machine.,HIGH,Machine Maintenance,Entanglement,Guarding and isolation failed,Energy Isolation
22,Worker reached into moving machinery to clear a blockage.,HIGH,Machine Operation,Entanglement or crushing,Machine not isolated before intervention,Energy Isolation
23,Worker used a damaged lifting hook to move a heavy component.,HIGH,Lifting Operation,Dropped load,Lifting equipment inspection failed,Line of Fire
24,Worker placed hands between moving components during alignment.,HIGH,Mechanical Maintenance,Crushing or pinch point,Hands placed in line of fire,Line of Fire
25,Worker entered an area with a hydrocarbon leak while using an ignition-producing tool.,HIGH,Gas Leak Response,Fire or explosion,Ignition control failed,Hot Work
26,A worker was trapped between a moving pipe and a fixed support during alignment.,HIGH,Mechanical Maintenance,Crushing,Line-of-fire control failed,Line of Fire
27,Worker entered a tank before confirming that the space was safe to enter.,HIGH,Confined Space Entry,Hazardous atmosphere,Entry conditions not verified,Confined Space
28,Worker walked behind a reversing mobile crane without visual contact with the operator.,HIGH,Vehicle Movement,Vehicle collision,Pedestrian separation failed,Line of Fire
29,Technician bypassed an electrical interlock to keep equipment running.,HIGH,Electrical Maintenance,Unexpected energization,Safety interlock bypassed,Energy Isolation
30,Worker entered a restricted area while high-voltage equipment was energized.,HIGH,Electrical Maintenance,Electric shock or arc flash,Access and isolation controls failed,Energy Isolation
31,Technician opened a live electrical cabinet without confirming the circuit was de-energized.,HIGH,Electrical Maintenance,Electric shock or arc flash,De-energization not verified,Energy Isolation
32,A worker entered a tank during cleaning while chemical residue remained.,HIGH,Confined Space Entry,Toxic chemical exposure,Hazard assessment and isolation failed,Confined Space
33,Maintenance crew entered a vessel without an emergency rescue arrangement.,HIGH,Confined Space Entry,Delayed rescue from hazardous atmosphere,Rescue plan absent,Confined Space
34,Worker accessed a roof edge without a guardrail or fall-arrest system.,HIGH,Work at Height,Fall from height,Edge protection absent,Working at Height
35,Worker entered a confined space without gas testing or a standby person.,HIGH,Confined Space Entry,Toxic or oxygen-deficient atmosphere,No gas testing and no standby person,Confined Space
36,Welding was performed near hydrocarbon vapors without gas testing.,HIGH,Hot Work,Fire or explosion,Gas testing absent,Hot Work
37,Worker attempted to manually guide a swinging load from within its path.,HIGH,Lifting Operation,Struck-by injury,Line-of-fire control failed,Line of Fire
38,A suspended pipe was being guided by hand while workers stood underneath it.,HIGH,Lifting Operation,Dropped or swinging load,Unsafe positioning under load,Line of Fire
39,Maintenance crew entered an area with a confirmed toxic gas release without authorization.,HIGH,Gas Leak Response,Toxic gas exposure,Area control and respiratory protection failed,Toxic Gas
40,Worker opened an energized electrical cabinet without arc-flash controls.,HIGH,Electrical Maintenance,Arc flash,Electrical isolation and boundary controls failed,Energy Isolation
41,Worker climbed an elevated structure without using required fall protection.,HIGH,Work at Height,Fall from height,Fall protection not used,Working at Height
42,Worker stood directly below a suspended heavy load during lifting.,HIGH,Lifting Operation,Dropped object,Personnel entered line of fire,Line of Fire
43,A pressure vessel was opened before confirming zero pressure.,HIGH,Pressure Equipment,Pressure release,Pressure isolation and verification failed,Energy Isolation
44,Worker was working on an elevated platform with an open edge and no fall protection.,HIGH,Work at Height,Fall from height,Open-edge protection failed,Working at Height
45,A toxic chemical line was opened without verifying isolation.,HIGH,Chemical Maintenance,Toxic release,Isolation and containment controls failed,Energy Isolation
46,A suspended load was left unattended above an occupied work area.,HIGH,Lifting Operation,Dropped load,Load control and exclusion failed,Line of Fire
47,Machine was restarted while a worker's hands were inside the guarded area.,HIGH,Machine Maintenance,Unexpected movement,Energy isolation and restart control failed,Energy Isolation
48,Worker entered the danger zone while a suspended load was being moved.,HIGH,Lifting Operation,Falling or swinging load,Exclusion zone not maintained,Line of Fire
49,Worker entered a chemical storage area after ventilation failure without confirming air quality.,HIGH,Chemical Handling,Toxic exposure,Ventilation and atmosphere controls failed,Toxic Gas
50,A worker entered a sump without verifying that hazardous vapors were absent.,HIGH,Confined Space Entry,Toxic vapor exposure,Atmosphere verification missing,Confined Space
51,Gas testing showed a hazardous reading but entry continued.,HIGH,Confined Space Entry,Toxic or flammable atmosphere,Unsafe entry decision,Confined Space
52,Worker entered a chemical process area after a toxic gas alarm without evacuation.,HIGH,Process Area,Toxic gas exposure,Alarm response and evacuation failed,Toxic Gas
53,Technician entered a vessel without checking oxygen and toxic gas levels.,HIGH,Confined Space Entry,Toxic or oxygen-deficient atmosphere,Atmosphere not tested,Confined Space
54,Flammable liquid was stored directly beside an active welding operation.,HIGH,Hot Work,Fire,Combustible separation failed,Hot Work
55,A worker crossed into the drop zone while a crane was moving a heavy load.,HIGH,Lifting Operation,Dropped or swinging load,Exclusion zone breached,Line of Fire
56,Worker used a scaffold with missing guardrails at an elevated worksite.,HIGH,Work at Height,Fall from height,Scaffold edge protection failed,Working at Height
57,Worker stood near a suspended load while the crane operator was lifting.,HIGH,Lifting Operation,Dropped load,Exclusion zone failed,Line of Fire
58,Electrical panel was opened without verifying that the power supply was isolated.,HIGH,Electrical Maintenance,Electric shock or arc flash,Electrical isolation not verified,Energy Isolation
59,Worker opened a process valve without confirming downstream isolation.,HIGH,Process Operation,Unexpected flow or pressure,Isolation boundary not verified,Energy Isolation
60,A crane lifted a load with workers inside the potential drop zone.,HIGH,Lifting Operation,Dropped load,Drop-zone control failed,Line of Fire
61,Worker performed work at height without attaching the safety harness.,HIGH,Work at Height,Fall from height,Fall protection not connected,Working at Height
62,Worker entered a confined pit without continuous atmospheric monitoring.,HIGH,Confined Space Entry,Hazardous atmosphere,Continuous monitoring absent,Confined Space
63,Technician removed a motor cover while the motor was still energized.,HIGH,Equipment Maintenance,Unexpected movement or electric shock,Energy isolation failed,Energy Isolation
64,A lifting sling showed severe damage but was still used for a heavy load.,HIGH,Lifting Operation,Dropped load,Lifting equipment inspection/control failed,Line of Fire
65,Worker entered a boiler area during an uncontrolled steam release.,HIGH,Boiler Operation,Steam burns or fatal exposure,Area isolation failed,Line of Fire
66,Technician worked on energized equipment without confirming electrical isolation.,HIGH,Electrical Maintenance,Electric shock or arc flash,Electrical isolation not verified,Energy Isolation
67,Worker entered a vessel alone without an attendant outside.,HIGH,Confined Space Entry,Hazardous atmosphere and delayed rescue,Attendant absent,Confined Space
68,Crane load was lifted over workers who were still in the area.,HIGH,Lifting Operation,Dropped load,Lifting exclusion zone failed,Line of Fire
69,A worker worked from an unguarded elevated platform during strong winds.,HIGH,Work at Height,Fall from height,Weather and edge controls failed,Working at Height
70,Maintenance was performed on a steam line without verifying isolation and cooling.,HIGH,Steam Line Maintenance,Steam release,Isolation and zero-energy verification failed,Energy Isolation
71,Worker stood beside an unsupported excavation wall while machinery operated nearby.,HIGH,Excavation,Cave-in or struck-by,Excavation stability and exclusion controls failed,Ground Disturbance
72,Worker started cutting a line without confirming it was free from flammable contents.,HIGH,Hot Work,Fire or explosion,Line isolation and content verification failed,Hot Work
73,Worker entered a confined chamber before confirming rescue equipment was available.,HIGH,Confined Space Entry,Delayed rescue,Rescue readiness failed,Confined Space
74,Worker accessed an elevated area through an improvised platform.,HIGH,Work at Height,Fall from height,Safe access control failed,Working at Height
75,Worker used a metal tool close to exposed energized conductors.,HIGH,Electrical Maintenance,Electric shock or arc flash,Safe approach controls failed,Energy Isolation
76,Worker climbed onto a tank without an approved access system or fall protection.,HIGH,Work at Height,Fall from height,Safe access and fall protection failed,Working at Height
77,Excavation work continued without checking for underground utilities.,HIGH,Excavation,Utility strike,Utility identification barrier failed,Ground Disturbance
78,Heavy vehicle operated close to an excavation edge without adequate setback.,HIGH,Excavation,Collapse or vehicle fall,Excavation edge control failed,Ground Disturbance
79,Worker removed a machine guard while the equipment was still running.,HIGH,Machine Operation,Contact with moving machinery,Guard and energy control bypassed,Energy Isolation
80,Technician opened a pressurized line without isolating and depressurizing it.,HIGH,Line Maintenance,Pressure release,Isolation and depressurization missing,Energy Isolation
81,Gas detector alarm was ignored while workers were inside a process vessel.,HIGH,Confined Space Entry,Toxic or flammable atmosphere,Gas alarm response failed,Confined Space
82,Confined-space entry permit was not verified before entry.,HIGH,Confined Space Entry,Hazardous atmosphere,Permit control failed,Confined Space
83,Technician worked beneath an elevated machine component supported only by a hydraulic cylinder.,HIGH,Mechanical Maintenance,Unexpected lowering,Mechanical blocking and isolation failed,Line of Fire
84,Worker crossed an active vehicle route while a truck was approaching.,HIGH,Vehicle Movement,Vehicle-pedestrian collision,Traffic segregation failed,Line of Fire
85,Worker approached exposed energized conductors during troubleshooting.,HIGH,Electrical Maintenance,Electric shock or arc flash,Approach boundary and isolation controls failed,Energy Isolation
86,Worker used an unapproved ladder to reach a high work location.,HIGH,Work at Height,Fall from height,Safe access control failed,Working at Height
87,A rotating shaft was exposed while workers were performing nearby maintenance.,HIGH,Machine Maintenance,Entanglement,Guarding and isolation failed,Energy Isolation
88,Scaffold was used without proper inspection or tagging.,HIGH,Work at Height,Fall from scaffold,Scaffold inspection barrier failed,Working at Height
89,Flammable gas was released during maintenance and workers remained nearby.,HIGH,Gas Leak Response,Fire or explosion,Gas isolation and exclusion controls failed,Toxic Gas
90,Welding was carried out without a fire watch in an area containing combustible materials.,HIGH,Hot Work,Fire,Fire-watch barrier absent,Hot Work
91,A worker crossed a barrier into an active lifting zone to retrieve a tool.,HIGH,Lifting Operation,Dropped load,Barricade and exclusion control bypassed,Line of Fire
92,A gas leak was detected but ignition sources were not removed.,HIGH,Gas Leak Response,Fire or explosion,Ignition-source control failed,Hot Work
93,Worker was inside a confined space while the ventilation system was not operating.,HIGH,Confined Space Entry,Oxygen deficiency or toxic exposure,Ventilation barrier failed,Confined Space
94,A reversing truck moved toward workers without an audible warning or spotter.,HIGH,Vehicle Movement,Vehicle collision,Reversing controls failed,Line of Fire
95,Worker was exposed to a chemical splash while opening a pressurized connection without depressurizing it.,HIGH,Chemical Maintenance,Chemical release,Depressurization and containment failed,Energy Isolation
96,A pressure relief device was isolated while the system remained pressurized.,HIGH,Process Operation,Overpressure release,Critical safety device isolation,Energy Isolation
97,Worker approached an uncontrolled gas leak to investigate without respiratory protection.,HIGH,Gas Leak Response,Toxic or flammable gas,Area isolation and emergency response failed,Toxic Gas
98,Worker entered an unsupported excavation deeper than the safe limit.,HIGH,Excavation,Cave-in,Excavation support and access controls failed,Ground Disturbance
99,Worker attempted to clear a conveyor jam without isolating the conveyor.,HIGH,Conveyor Maintenance,Entanglement,Lockout/tagout missing,Energy Isolation
100,Grinding sparks were produced near an open flammable chemical container.,HIGH,Hot Work,Fire or explosion,Combustible source not controlled,Hot Work
101,A floor drain was slow to clear after cleaning.,MEDIUM,Housekeeping,Standing water,Drain maintenance needed,
102,A work area had a minor lighting issue during daytime.,MEDIUM,Worksite Control,Reduced visibility,Lighting maintenance needed,
103,A small amount of water collected near a wash station.,MEDIUM,Housekeeping,Slip hazard,Drainage/cleaning needed,
104,A chemical label was partially damaged but the container remained identifiable.,MEDIUM,Chemical Handling,Identification error,Label maintenance needed,
105,A ladder inspection label was difficult to read.,MEDIUM,Work at Height,Inspection identification issue,Label maintenance needed,Working at Height
106,A small crack was noticed in a non-critical concrete walkway.,MEDIUM,Civil Maintenance,Trip hazard,Maintenance needed,
107,A worker reported mild discomfort after repetitive manual handling.,MEDIUM,Manual Handling,Ergonomic strain,Task rotation needed,
108,A small section of barrier tape was torn.,MEDIUM,Worksite Control,Reduced area demarcation,Barrier maintenance needed,
109,A floor mat was slightly curled at one edge.,MEDIUM,Housekeeping,Trip hazard,Mat replacement/adjustment needed,
110,Worker used an unsafe lifting posture for a moderately heavy object.,MEDIUM,Manual Handling,Musculoskeletal strain,Manual handling technique inadequate,
111,A temporary sign was difficult to read because it was dirty.,MEDIUM,Worksite Control,Reduced warning visibility,Sign maintenance needed,
112,Minor corrosion was observed on a handrail.,MEDIUM,Inspection,Loss of handrail integrity,Inspection/maintenance needed,
113,"A vehicle mirror was slightly dirty, reducing visibility.",MEDIUM,Vehicle Movement,Reduced visibility,Vehicle cleaning needed,Line of Fire
114,A low-risk work area had a slightly obstructed cabinet.,MEDIUM,Housekeeping,Minor access restriction,Storage control needed,
115,A fire hose cabinet had a small obstruction nearby.,MEDIUM,Fire Safety,Delayed access,Cabinet access control needed,
116,A small amount of debris was found below a workbench.,MEDIUM,Housekeeping,Trip hazard,Cleaning needed,
117,A small amount of packaging was left near a machine.,MEDIUM,Housekeeping,Minor trip/fire hazard,Waste removal needed,
118,A small amount of non-hazardous material was spilled and cleaned.,MEDIUM,Material Handling,Minor slip hazard,Spill response needed,
119,A storage area had minor clutter around one shelf.,MEDIUM,Housekeeping,Trip hazard,Organization needed,
120,A hand tool was left on an elevated platform and could potentially fall.,MEDIUM,Work at Height,Falling object,Tool control inadequate,Working at Height
121,A low-level equipment alarm was briefly activated during routine operation.,MEDIUM,Equipment Operation,Equipment condition,Inspection follow-up needed,
122,A small hand tool was found on a non-elevated work surface.,MEDIUM,Housekeeping,Minor object hazard,Tool storage needed,
123,Worker noticed a loose floor tile in an office area.,MEDIUM,Housekeeping,Trip hazard,Floor maintenance needed,
124,A worker reported that a walkway was becoming slippery after rain.,MEDIUM,Housekeeping,Slip hazard,Weather-related housekeeping needed,
125,A cabinet door was left open in a maintenance room.,MEDIUM,Housekeeping,Minor obstruction,Storage discipline issue,
126,A temporary cable cover was not positioned neatly but remained functional.,MEDIUM,Electrical,Trip hazard,Cable management needed,
127,A small area of floor paint was peeling in a low-traffic location.,MEDIUM,Housekeeping,Minor trip hazard,Floor maintenance needed,
128,A worker noticed a minor air leak from a pneumatic fitting.,MEDIUM,Pneumatic Maintenance,Minor pressure release,Fitting maintenance needed,
129,A minor vibration was noticed in a non-critical pump during routine inspection.,MEDIUM,Equipment Inspection,Equipment degradation,Inspection follow-up needed,
130,A worker reported that a warning sticker was peeling.,MEDIUM,Safety Communication,Reduced warning visibility,Sticker replacement needed,
131,Emergency exit was partially blocked by stored equipment.,MEDIUM,Housekeeping,Restricted emergency access,Storage control failed,
132,A minor paint spill occurred in a designated maintenance area.,MEDIUM,Housekeeping,Slip hazard,Spill cleanup needed,
133,A small scratch was noticed on a non-critical machine guard.,MEDIUM,Machine Inspection,Reduced guard integrity,Inspection follow-up needed,Energy Isolation
134,Worker carried a load that was heavier than recommended without assistance.,MEDIUM,Manual Handling,Strain injury,Manual handling control inadequate,
135,A small gap was noticed under a non-critical door.,MEDIUM,Maintenance,Minor condition issue,Maintenance follow-up needed,
136,A worker noticed a minor defect in a storage shelf label.,MEDIUM,Storage,Identification issue,Label maintenance needed,
137,Worker was not wearing hearing protection in a moderately noisy area.,MEDIUM,Noise Exposure,Hearing exposure,PPE compliance issue,
138,A small crack was observed in a non-load-bearing wall.,MEDIUM,Civil Maintenance,Minor structural concern,Inspection follow-up needed,
139,A worker found a slightly loose wheel on a material trolley and removed it from use.,MEDIUM,Material Handling,Trolley control issue,Equipment inspection needed,
140,A worker found a loose screw on a non-critical cabinet.,MEDIUM,Maintenance,Minor equipment condition,Maintenance follow-up needed,
141,A minor leak was found from a garden water connection.,MEDIUM,Maintenance,Slip hazard,Minor repair needed,
142,A worker reported that a manual handling task was repetitive.,MEDIUM,Manual Handling,Ergonomic strain,Task review needed,
143,A worker noticed that a toolbox latch was loose.,MEDIUM,Hand Tools,Tool storage issue,Tool maintenance needed,
144,Minor dust accumulation was observed around the production area.,MEDIUM,Housekeeping,Dust exposure,Cleaning frequency inadequate,
145,A small piece of packaging material was found in a pedestrian path.,MEDIUM,Housekeeping,Trip hazard,Waste removal needed,
146,A storage rack had one empty shelf with materials placed unevenly.,MEDIUM,Storage,Falling-object potential,Storage arrangement needed,
147,A hose reel was difficult to access because of nearby materials.,MEDIUM,Fire Safety,Delayed emergency access,Storage control needed,
148,A workbench drawer was left open after use.,MEDIUM,Housekeeping,Minor obstruction,Housekeeping discipline needed,
149,A small amount of sand accumulated on a walkway.,MEDIUM,Housekeeping,Slip hazard,Cleaning needed,
150,A compressed-air hose was coiled poorly near a workbench.,MEDIUM,Housekeeping,Trip hazard,Hose storage needed,
151,A work table had several unused cables piled underneath.,MEDIUM,Housekeeping,Trip hazard,Cable organization needed,
152,A vehicle parking area had faded lane markings.,MEDIUM,Vehicle Movement,Traffic confusion,Road marking maintenance needed,Line of Fire
153,Chemical container was left open but no exposure occurred.,MEDIUM,Chemical Handling,Chemical vapor exposure,Container closure control failed,
154,A worker's gloves were worn but still intact and nearing replacement.,MEDIUM,PPE,Reduced hand protection,PPE replacement needed,
155,A worker used a hand tool with a worn grip but stopped when it was noticed.,MEDIUM,Hand Tools,Loss of tool control,Tool inspection needed,
156,A toolbox was left open beside a work area.,MEDIUM,Housekeeping,Minor trip/object hazard,Tool storage inadequate,
157,A ladder was stored in a way that narrowed the walkway.,MEDIUM,Storage,Restricted access,Storage arrangement inadequate,
158,A minor housekeeping issue was observed near the storage room.,MEDIUM,Housekeeping,Trip hazard,Cleaning needed,
159,A warning light on a non-critical piece of equipment was dim.,MEDIUM,Equipment Inspection,Reduced warning visibility,Indicator maintenance needed,
160,A walkway had a small uneven section that was clearly marked.,MEDIUM,Civil Maintenance,Trip hazard,Surface repair needed,
161,A hose connection showed minor seepage with no personnel exposure.,MEDIUM,Process Area,Minor fluid exposure,Connection maintenance needed,
162,A storage shelf was slightly overloaded but remained stable.,MEDIUM,Storage,Falling object potential,Storage load control needed,
163,A handrail was dusty and required cleaning.,MEDIUM,Housekeeping,Reduced grip,Cleaning needed,
164,Wet floor was found near a doorway but no one was injured.,MEDIUM,Housekeeping,Slip hazard,Floor condition control needed,
165,A worker left a reusable water container near a workbench.,MEDIUM,Housekeeping,Minor obstruction,Workstation housekeeping needed,
166,A fire extinguisher inspection tag was becoming difficult to read.,MEDIUM,Fire Safety,Inspection identification issue,Tag replacement needed,
167,A storage cabinet was left unlocked in a low-risk area.,MEDIUM,Storage,Minor access-control issue,Storage discipline needed,
168,Small oil spill was noticed near a walkway and cleaned immediately.,MEDIUM,Housekeeping,Slip hazard,Housekeeping response delayed,
169,A worker forgot to return a small hand tool to storage.,MEDIUM,Housekeeping,Minor trip/object hazard,Tool storage discipline,
170,A small leak was observed from a non-hazardous water pipe.,MEDIUM,Maintenance,Slip hazard,Minor leak repair needed,
171,A portable fan was placed too close to a walkway.,MEDIUM,Worksite Control,Trip/obstruction hazard,Equipment placement needed,
172,Small debris was found around a work platform.,MEDIUM,Housekeeping,Trip hazard,Cleaning needed,
173,A worker noticed a loose bolt on a handrail and reported it.,MEDIUM,Inspection,Handrail integrity,Maintenance follow-up needed,
174,A worker used a ladder with a slightly damaged step but stopped work after noticing it.,MEDIUM,Work at Height,Fall hazard,Equipment inspection/control needed,Working at Height
175,A worker noticed that a safety sign was facing the wrong direction.,MEDIUM,Safety Communication,Reduced warning visibility,Sign positioning needed,
176,A workbench was slightly cluttered with unused materials.,MEDIUM,Housekeeping,Minor trip/cut hazard,Workstation organization needed,
177,A drain grate was partially covered by debris.,MEDIUM,Housekeeping,Drainage and trip hazard,Cleaning needed,
178,"A work light was positioned poorly, reducing visibility.",MEDIUM,Worksite Control,Reduced visibility,Lighting arrangement inadequate,
179,A worker noticed a small defect in a non-critical hand tool and reported it.,MEDIUM,Hand Tools,Tool failure potential,Tool inspection needed,
180,A minor surface crack was found on a workshop floor.,MEDIUM,Civil Maintenance,Trip hazard,Floor maintenance needed,
181,A small amount of water was found under a sink.,MEDIUM,Housekeeping,Slip hazard,Minor leak cleanup needed,
182,A pallet was stored outside the marked storage boundary.,MEDIUM,Storage,Obstruction,Storage discipline issue,
183,A temporary sign was partially hidden by stored materials.,MEDIUM,Worksite Control,Reduced warning visibility,Storage placement issue,
184,A small amount of cardboard was stored near a heat source but no ignition occurred.,MEDIUM,Fire Safety,Fire potential,Storage separation needed,Hot Work
185,A small amount of non-hazardous material spilled during transfer and was cleaned.,MEDIUM,Material Handling,Minor slip hazard,Spill response needed,
186,A forklift had a minor warning sticker missing.,MEDIUM,Vehicle Movement,Reduced warning communication,Vehicle signage maintenance,Line of Fire
187,A tool bag was placed near the edge of an elevated platform.,MEDIUM,Work at Height,Falling object,Tool placement control needed,Working at Height
188,A warning cone was missing from a small temporary wet area.,MEDIUM,Housekeeping,Slip hazard,Temporary warning control needed,
189,A small storage box partially covered a floor marking.,MEDIUM,Storage,Reduced visual guidance,Storage placement needed,
190,Loose cable was found across part of a maintenance walkway.,MEDIUM,Housekeeping,Trip hazard,Cable management inadequate,
191,A ventilation grille was dusty and needed cleaning.,MEDIUM,Ventilation,Reduced airflow,Maintenance/cleaning needed,
192,A worker briefly entered a marked equipment area to retrieve a tool.,MEDIUM,Worksite Control,Restricted-area access,Access discipline issue,
193,A worker found a slightly loose cabinet handle.,MEDIUM,Maintenance,Minor equipment condition,Maintenance needed,
194,A forklift horn was quieter than expected but remained operational.,MEDIUM,Vehicle Movement,Reduced warning,Vehicle inspection needed,Line of Fire
195,A small amount of non-hazardous dust was visible around a transfer point.,MEDIUM,Housekeeping,Dust exposure,Cleaning frequency needed,
196,A cleaning chemical label was slightly faded.,MEDIUM,Chemical Handling,Identification issue,Label maintenance needed,
197,A storage bin lid was left open in a work area.,MEDIUM,Housekeeping,Minor obstruction,Storage discipline needed,
198,A small hand tool was found without its storage case.,MEDIUM,Hand Tools,Minor tool hazard,Tool storage control needed,
199,A drain cover was slightly loose but remained in place.,MEDIUM,Housekeeping,Trip hazard,Drain maintenance needed,
200,A portable light stand was slightly unstable but not in use.,MEDIUM,Worksite Control,Tip-over potential,Equipment storage needed,
201,Worker followed the approved procedure during routine equipment inspection.,LOW,Routine Inspection,Operational hazard,Procedure compliance effective,
202,Supervisor completed a field verification of critical controls.,LOW,Safety Verification,Critical control failure,Field verification effective,
203,The team verified that the isolation register matched field isolation points.,LOW,Isolation Management,Unexpected energy release,Isolation reconciliation effective,Energy Isolation
204,A lifting supervisor was present throughout the critical lift.,LOW,Lifting Operation,Dropped load,Lift supervision effective,Line of Fire
205,Excavation was postponed until underground service drawings were confirmed.,LOW,Excavation,Utility strike,Utility verification and stop-work effective,Ground Disturbance
206,A dedicated fire watch monitored the area after hot work was completed.,LOW,Hot Work,Fire,Post-work fire watch effective,Hot Work
207,A rescue drill was completed before planned confined-space work.,LOW,Confined Space Entry,Delayed rescue,Emergency preparedness effective,Confined Space
208,Workers confirmed that all temporary equipment had been removed before startup.,LOW,Equipment Startup,Unexpected movement,Startup checklist effective,Energy Isolation
209,The supervisor confirmed that critical controls were in place before work.,LOW,Safety Verification,High-consequence hazard,Critical-control verification effective,
210,Excavation access was provided through an approved ladder.,LOW,Excavation,Fall into excavation,Safe access effective,Ground Disturbance
211,A pedestrian stopped at the marked crossing before approaching the vehicle route.,LOW,Vehicle Movement,Vehicle-pedestrian collision,Pedestrian control effective,Line of Fire
212,Worker used mechanical lifting assistance instead of manually lifting a heavy component.,LOW,Material Handling,Manual handling strain,Handling control effective,
213,The site reviewed repeated safety observations during the monthly meeting.,LOW,Safety Management,Recurring hazard,Trend monitoring effective,
214,A supervisor verified the exclusion zone before lifting started.,LOW,Lifting Operation,Dropped load,Exclusion-zone verification effective,Line of Fire
215,Worker confirmed the rescue route before starting elevated work.,LOW,Work at Height,Delayed rescue,Rescue planning effective,Working at Height
216,Electrical isolation was independently verified before work started.,LOW,Electrical Maintenance,Electric shock,Independent isolation verification effective,Energy Isolation
217,The maintenance team verified zero pressure before disconnecting the process connection.,LOW,Process Maintenance,Pressure release,Zero-pressure verification effective,Energy Isolation
218,Worker immediately reported an unsafe condition instead of continuing the task.,LOW,Near-Miss Reporting,Potential hazard,Stop-work and reporting effective,
219,Electrical worker followed the approved isolation sequence before maintenance.,LOW,Electrical Maintenance,Electric shock,Isolation procedure effective,Energy Isolation
220,Worker used a lockout device and personal tag on the isolation point.,LOW,Equipment Maintenance,Unexpected startup,Lockout/tagout effective,Energy Isolation
221,Worker used a digital permit checklist before starting the task.,LOW,Permit to Work,Task hazards,Digital permit control effective,
222,The emergency exit route was checked and kept clear before maintenance.,LOW,Emergency Preparedness,Delayed evacuation,Emergency route control effective,
223,A trained maintenance crew followed the approved lockout procedure.,LOW,Equipment Maintenance,Unexpected startup,Competency and energy isolation effective,Energy Isolation
224,Maintenance crew verified all isolation locks before starting work.,LOW,Equipment Maintenance,Unexpected startup,Lock verification effective,Energy Isolation
225,Hot work was postponed until gas testing confirmed safe conditions.,LOW,Hot Work,Fire/explosion,Gas testing and stop-work effective,Hot Work
226,Worker stopped elevated work when the required fall protection was unavailable.,LOW,Work at Height,Fall from height,Stop-work control effective,Working at Height
227,A permit-to-work check confirmed required isolations before maintenance.,LOW,Permit to Work,Unexpected release,Permit and isolation verification effective,Energy Isolation
228,A toolbox talk covered line-of-fire hazards before maintenance.,LOW,Maintenance,Struck-by/crushing,Hazard communication effective,Line of Fire
229,Technician used mechanical blocking before entering the equipment danger zone.,LOW,Mechanical Maintenance,Unexpected movement,Mechanical isolation effective,Energy Isolation
230,Worker remained outside the lifting exclusion zone during crane operations.,LOW,Lifting Operation,Dropped load,Exclusion zone respected,Line of Fire
231,A toolbox talk covered hot-work controls before welding.,LOW,Hot Work,Fire/explosion,Pre-task communication effective,Hot Work
232,Vehicle and pedestrian routes were separated using barriers.,LOW,Vehicle Movement,Vehicle-pedestrian collision,Traffic segregation effective,Line of Fire
233,A qualified electrician performed the electrical isolation.,LOW,Electrical Maintenance,Electric shock,Competency control effective,Energy Isolation
234,Worker reported a near miss and the area was made safe immediately.,LOW,Near-Miss Reporting,Potential uncontrolled hazard,Prompt reporting and corrective action effective,
235,Worker stayed clear of pinch points during equipment alignment.,LOW,Mechanical Maintenance,Crushing,Safe positioning effective,Line of Fire
236,Maintenance team installed mechanical blocks before working under raised equipment.,LOW,Mechanical Maintenance,Unexpected lowering,Mechanical isolation effective,Energy Isolation
237,Conveyor jam was cleared only after lockout and verification.,LOW,Conveyor Maintenance,Entanglement,Lockout/tagout effective,Energy Isolation
238,Gas monitoring was active throughout a permitted hot-work task.,LOW,Hot Work,Fire/explosion,Continuous gas monitoring effective,Hot Work
239,Worker waited for the crane load to be fully lowered before entering the area.,LOW,Lifting Operation,Dropped load,Safe positioning effective,Line of Fire
240,A supervisor verified that barriers were intact before work began.,LOW,Worksite Control,Unauthorized access,Barrier inspection effective,
241,Worker verified that the confined space had adequate ventilation before entry.,LOW,Confined Space Entry,Toxic atmosphere,Ventilation control effective,Confined Space
242,The worker verified the isolation by attempting a controlled start before maintenance.,LOW,Equipment Maintenance,Unexpected startup,Try-start verification effective,Energy Isolation
243,Worker returned all tools to storage after maintenance.,LOW,Housekeeping,Trip/object hazard,Tool control effective,
244,The excavation was monitored while heavy equipment operated nearby.,LOW,Excavation,Cave-in/struck-by,Exclusion and monitoring controls effective,Ground Disturbance
245,The team confirmed weather conditions were acceptable before elevated work.,LOW,Work at Height,Fall from height,Weather assessment effective,Working at Height
246,Worker used an inspected full-body harness with an approved anchor point.,LOW,Work at Height,Fall from height,Fall protection effective,Working at Height
247,Worker inspected the scaffold before climbing and confirmed the tag was valid.,LOW,Work at Height,Fall from scaffold,Scaffold inspection effective,Working at Height
248,A lifting aid was used for a heavy component to reduce manual handling.,LOW,Material Handling,Strain injury,Mechanical assistance effective,
249,The worksite stopped excavation when an unidentified service was discovered.,LOW,Excavation,Utility strike,Stop-work control effective,Ground Disturbance
250,The supervisor confirmed no one was under the suspended load before lifting.,LOW,Lifting Operation,Dropped load,Drop-zone verification effective,Line of Fire
251,Fire blankets were installed to protect nearby combustible materials during welding.,LOW,Hot Work,Fire,Spark containment effective,Hot Work
252,Machine guards were checked before equipment startup.,LOW,Machine Operation,Entanglement,Guarding verification effective,Energy Isolation
253,A toolbox talk covered energy isolation before equipment maintenance.,LOW,Equipment Maintenance,Unexpected startup,Pre-task communication effective,Energy Isolation
254,The team reassessed hazards after the work scope changed.,LOW,Safety Planning,Changing hazards,Dynamic risk assessment effective,
255,Supervisor confirmed that required PPE was available before work started.,LOW,General Maintenance,Exposure hazard,PPE readiness effective,
256,The confined-space attendant maintained communication throughout the task.,LOW,Confined Space Entry,Delayed rescue,Attendant control effective,Confined Space
257,Worker inspected the welding leads before starting the task.,LOW,Hot Work,Electrical/fire hazard,Equipment inspection effective,Hot Work
258,The team completed a job safety analysis before starting maintenance.,LOW,Safety Planning,Multiple hazards,Hazard assessment effective,
259,The team barricaded the area before moving a suspended load.,LOW,Lifting Operation,Dropped load,Barricade and exclusion controls effective,Line of Fire
260,Worker completed confined-space entry after gas testing showed safe conditions.,LOW,Confined Space Entry,Atmospheric exposure,Gas testing and permit controls effective,Confined Space
261,Worker verified PPE requirements before entering the work area.,LOW,Routine Operation,Exposure hazard,PPE compliance effective,
262,Hot-work equipment was kept away from gas cylinders and combustibles.,LOW,Hot Work,Fire/explosion,Separation control effective,Hot Work
263,The machine was tested at low speed with personnel outside the danger zone.,LOW,Machine Testing,Unexpected movement,Controlled testing effective,Line of Fire
264,Worker stayed outside the swing radius of the excavator.,LOW,Excavation,Struck-by injury,Exclusion zone effective,Line of Fire
265,Machine guard was reinstalled before the equipment was returned to service.,LOW,Machine Maintenance,Entanglement,Guarding control effective,Energy Isolation
266,Workers reviewed the communication plan before a complex maintenance task.,LOW,Maintenance,Miscommunication,Communication planning effective,
267,A barricaded area prevented pedestrians from entering the lifting zone.,LOW,Lifting Operation,Dropped load,Barricade effective,Line of Fire
268,The crane operator refused to lift until the drop zone was cleared.,LOW,Lifting Operation,Dropped load,Stop-work authority effective,Line of Fire
269,The work area remained barricaded until maintenance was fully completed.,LOW,Maintenance,Unauthorized access,Barricade control effective,
270,Worker used a designated safe route around a chemical transfer operation.,LOW,Chemical Handling,Chemical exposure,Area segregation effective,
271,Shift handover included details of all active equipment isolations.,LOW,Shift Handover,Unexpected startup,Isolation handover effective,Energy Isolation
272,The team used a controlled handover between shifts for ongoing maintenance.,LOW,Maintenance,Loss of safety information,Shift handover effective,
273,Workers maintained the required exclusion distance from operating machinery.,LOW,Machine Operation,Struck-by/crushing,Exclusion distance effective,Line of Fire
274,Worker stopped work when the required isolation could not be verified.,LOW,Equipment Maintenance,Unexpected energy release,Stop-work authority effective,Energy Isolation
275,Worker confirmed the emergency stop location before operating machinery.,LOW,Machine Operation,Unexpected movement,Emergency-stop readiness effective,Energy Isolation
276,A confined-space permit was suspended when ventilation failed.,LOW,Confined Space Entry,Hazardous atmosphere,Permit suspension and stop-work effective,Confined Space
277,Maintenance team completed a toolbox talk before a high-risk lifting task.,LOW,Lifting Operation,Dropped load,Pre-task planning effective,Line of Fire
278,The worker remained within the protected area while performing elevated work.,LOW,Work at Height,Fall from height,Fall protection effective,Working at Height
279,A trained worker used approved fall-protection equipment at height.,LOW,Work at Height,Fall from height,Competency and fall protection effective,Working at Height
280,The worksite maintained a clear emergency route throughout the maintenance task.,LOW,Maintenance,Delayed emergency response,Emergency access control effective,
281,Worker used a controlled pedestrian route around operating equipment.,LOW,Vehicle Movement,Vehicle-pedestrian collision,Traffic control effective,Line of Fire
282,Worker confirmed all combustible materials were removed before grinding.,LOW,Hot Work,Fire,Combustible control effective,Hot Work
283,Elevated work was postponed until an approved anchor point was available.,LOW,Work at Height,Fall from height,Fall protection planning effective,Working at Height
284,Worker confirmed underground services were marked before excavation.,LOW,Excavation,Utility strike,Utility identification effective,Ground Disturbance
285,The site reviewed high-risk activities during the weekly safety meeting.,LOW,Safety Management,Recurring hazards,Risk review effective,
286,The team confirmed the confined-space monitoring equipment remained operational.,LOW,Confined Space Entry,Hazardous atmosphere,Monitoring equipment control effective,Confined Space
287,Corrective actions from a previous safety observation were verified as closed.,LOW,Safety Management,Recurring hazard,Corrective-action verification effective,
288,The team reviewed previous near misses before starting a similar task.,LOW,Safety Planning,Recurring hazards,Learning from incidents effective,
289,The work permit was displayed at the worksite and matched the task.,LOW,Permit to Work,Task control,Permit control effective,
290,Gas detector was calibrated and tested before a confined-space entry.,LOW,Confined Space Entry,Hazardous atmosphere,Gas detector control effective,Confined Space
291,The elevated work area had compliant guardrails and toe boards.,LOW,Work at Height,Fall/falling object,Edge protection effective,Working at Height
292,Worker did not enter the excavation until stability was confirmed.,LOW,Excavation,Cave-in,Entry verification effective,Ground Disturbance
293,The team verified that corrective actions addressed the underlying hazard.,LOW,Safety Management,Recurring hazard,Corrective-action effectiveness review,
294,Worker completed a chemical compatibility check before transfer.,LOW,Chemical Handling,Chemical reaction/exposure,Chemical compatibility control effective,
295,The driver waited until the pedestrian route was clear before moving.,LOW,Vehicle Movement,Vehicle-pedestrian collision,Traffic control effective,Line of Fire
296,Crane operator stopped lifting when a worker approached the exclusion zone.,LOW,Lifting Operation,Dropped load,Stop-work control effective,Line of Fire
297,The team completed a pre-start inspection before operating the equipment.,LOW,Equipment Operation,Equipment failure,Pre-start inspection effective,
298,Workers followed the site emergency evacuation procedure during a drill.,LOW,Emergency Response,Emergency exposure,Emergency response controls effective,
299,Excavation permit and utility drawings were reviewed before digging.,LOW,Excavation,Utility strike,Permit and utility controls effective,Ground Disturbance
300,Technician verified downstream isolation before opening a process valve.,LOW,Process Maintenance,Unexpected flow,Isolation verification effective,Energy Isolation
301,Worker was observed carrying a heavy load using an improper lifting technique without any assistance.,MEDIUM,Manual Handling,Musculoskeletal Injury,Manual handling procedure not followed,No clear Life-Saving Rule detected
302,"A worker used an improper technique to lift a heavy load, risking a back strain.",MEDIUM,Manual Handling,Musculoskeletal Injury,Safe lifting technique not applied,No clear Life-Saving Rule detected
303,Team member was observed lifting a heavy load alone instead of using a mechanical aid or getting assistance.,MEDIUM,Manual Handling,Musculoskeletal Injury,Mechanical aid not used for heavy load,No clear Life-Saving Rule detected
304,"Worker carried a heavy load with incorrect posture, increasing the risk of a musculoskeletal injury.",MEDIUM,Manual Handling,Musculoskeletal Injury,Incorrect posture during manual handling,No clear Life-Saving Rule detected
305,A technician was handling a heavy component using improper manual technique without a lifting aid.,MEDIUM,Manual Handling,Musculoskeletal Injury,Lifting aid not requested for heavy component,No clear Life-Saving Rule detected
306,Supervisor observed a worker attempting to carry a load that was too heavy for a single person without using the team-lift procedure.,MEDIUM,Manual Handling,Musculoskeletal Injury,Team-lift procedure not followed for heavy load,No clear Life-Saving Rule detected
307,A worker stood beneath a suspended heavy load while it was being lifted by a crane.,HIGH,Lifting Operation,Suspended Load,Exclusion zone not maintained under suspended load,Lifting Operations
308,Worker entered the drop zone of an active crane lift without authorization.,HIGH,Lifting Operation,Suspended Load,Drop zone not barricaded,Lifting Operations
309,"A damaged sling was used to lift a heavy steel component, risking a catastrophic load drop.",HIGH,Lifting Operation,Suspended Load,Pre-lift inspection of lifting gear not conducted,Lifting Operations
310,Workers remained inside the crane swing radius during an active lifting operation.,HIGH,Lifting Operation,Suspended Load,Swing radius exclusion zone not cleared,Lifting Operations
311,A heavy load was lifted above workers who had not evacuated the area below.,HIGH,Lifting Operation,Suspended Load,Area below lift not cleared of personnel,Lifting Operations
312,"An overloaded crane hook was used to lift a heavy structural component, exceeding the rated capacity.",HIGH,Lifting Operation,Suspended Load,Load weight not verified against crane capacity,Lifting Operations
313,"Worker correctly used a mechanical lifting aid to move a heavy load, following the manual handling procedure.",LOW,Manual Handling,None identified,No barrier failure,No clear Life-Saving Rule detected
314,Team performed a two-person lift for a heavy component following the safe manual handling guidelines.,LOW,Manual Handling,None identified,No barrier failure,No clear Life-Saving Rule detected
315,Worker completed a pre-lift check and used correct posture when handling a heavy load.,LOW,Manual Handling,None identified,No barrier failure,No clear Life-Saving Rule detected
316,Lifting team carried out a toolbox talk on correct manual handling technique before starting the heavy load task.,LOW,Manual Handling,None identified,No barrier failure,No clear Life-Saving Rule detected
317,Supervisor confirmed all workers used proper lifting technique and appropriate equipment for the heavy load movement.,LOW,Manual Handling,None identified,No barrier failure,No clear Life-Saving Rule detected
318,A team lift was conducted for a heavy load and all workers maintained correct posture throughout the task.,LOW,Manual Handling,None identified,No barrier failure,No clear Life-Saving Rule detected
319,An inspection noted that a worker found waste material blocking the aisle while setting up the work area. The event traced back to inadequate housekeeping controls.,MEDIUM,Worksite Control,Poor housekeeping condition,Housekeeping control inadequate,
320,a confined-space attendant opened the vessel while the ventilation was not running during the tank entry. Follow-up identified inadequate ventilation.,HIGH,Confined Space Entry,Hazardous atmosphere,Ventilation inadequate,Confined Space
321,A worker reported that a process operator disconnected the line while pressure remained in it during the shift.,HIGH,Process Operation,Pressure release,Permit control failed,Energy Isolation
322,A worker reported that a technician flagged that continuous gas monitoring was intermittent during confined-space entry. The finding cited the gas testing was not completed.,MEDIUM,Confined Space Entry,Hazardous atmosphere,Gas testing not completed,Confined Space
323,A permit review found that a worker worked on the elevated platform without any fall protection during the scaffolding work. The finding cited fall protection was not in place.,HIGH,Work at Height,Fall from height,Fall protection absent,Working at Height
324,A permit review found that an equipment operator worked near the system without hearing protection while running the equipment. The observation was attributed to a PPE compliance issue.,MEDIUM,Equipment Operation,Noise exposure,PPE compliance issue,No clear Life-Saving Rule detected
325,"During the walk-down, a worker started grinding beside an open chemical container while inspecting the extinguishers. Follow-up identified no fire watch was present.",HIGH,Fire Safety,Fire or explosion,Fire watch absent,Hot Work
326,A near miss occurred when a safety officer noted that the inspection certificate for the assembly was overdue during the check. Follow-up identified the required inspection was not completed.,MEDIUM,Equipment Inspection,Equipment failure,Inspection not completed,
327,an auditor reached the upper level while the guard rail on the control measures had been removed during the field verification. The finding cited edge protection was missing.,HIGH,Safety Verification,Fall from height,Edge protection absent,Working at Height
328,a technician observed loose clothing near the rotating equipment during mechanical maintenance.,MEDIUM,Mechanical Maintenance,Entanglement,Inspection not completed,Line of Fire
329,a material handler left tools unsecured on the carton stack during material handling. The event traced back to inadequate tool control.,HIGH,Material Handling,Falling object,Tool control inadequate,
330,The shift handover mentioned that a technician lifted the material bundle using an awkward posture while carrying the load. The event traced back to a previously identified corrective action was not closed out.,MEDIUM,Manual Handling,Musculoskeletal Injury,Corrective action not completed,
331,An observation from the safety patrol noted that a worker left tools unsecured on the carton stack during material handling. The finding cited inadequate tool control.,HIGH,Material Handling,Falling object,Tool control inadequate,
332,a technician reported that the ventilation in the tank interior was running below capacity while entering the vessel.,MEDIUM,Confined Space Entry,Hazardous atmosphere,Communication/handover failed,Confined Space
333,"During the walk-down, a technician carried the load alone without assistance during manual handling. The finding cited a previously identified corrective action was not closed out.",MEDIUM,Manual Handling,Musculoskeletal Injury,Corrective action not completed,No clear Life-Saving Rule detected
334,A near miss occurred when a fitter worked close to the moving parts without guarding while working on the drive. It was noted that the energy isolation was not applied.,HIGH,Mechanical Maintenance,Entanglement,Energy isolation failed,Line of Fire
335,A permit review found that a technician opened the vessel before depressurization was verified while monitoring the process line. The observation was attributed to the energy isolation was not applied.,HIGH,Process Operation,Pressure release,Energy isolation failed,Energy Isolation
336,a lifting supervisor found that the load weight was not confirmed before the lift during the lifting operation. This was linked to the exclusion zone control was degraded.,MEDIUM,Lifting Operation,Dropped load,Exclusion zone control degraded,Lifting Operations
337,a machine operator worked close to the moving parts without guarding while the machine was running. Follow-up identified a failure of the machine guarding.,HIGH,Machine Operation,Entanglement,Guarding failed,Line of Fire
338,a rigger noted the barricade around the lift area was incomplete during the critical lift. The event traced back to the exclusion zone control was degraded.,MEDIUM,Lifting Operation,Dropped load,Exclusion zone control degraded,Lifting Operations
339,A permit review found that a technician worked below the platform while material was being handled above during the transfer. Follow-up identified a failure to maintain the exclusion zone.,HIGH,Material Handling,Falling object,Exclusion zone failed,
340,a maintenance technician noted that the lockout was incomplete before the start test while servicing the machine. Follow-up identified the energy isolation control was degraded.,MEDIUM,Equipment Maintenance,Unexpected startup,Energy isolation control degraded,Energy Isolation
341,an operator lifted the load above shoulder height repeatedly while carrying the load. This was linked to a previously identified corrective action was not closed out.,MEDIUM,Manual Handling,Musculoskeletal Injury,Corrective action not completed,
342,A supervisor observed that a spotter reversed the truck while a worker was in the blind spot while the vehicle was reversing.,HIGH,Vehicle Movement,Vehicle-pedestrian collision,Traffic segregation failed,Line of Fire
343,A near miss occurred when an attendant found water pooling on the walkway in the common work area. The finding cited a previously identified corrective action was not closed out.,MEDIUM,Housekeeping,Slip hazard,Corrective action not completed,
344,a worker found waste material blocking the aisle during the shift. The observation was attributed to a previously identified corrective action was not closed out.,MEDIUM,Worksite Control,Poor housekeeping condition,Corrective action not completed,
345,"During the walk-down, a welder observed sparks landing on flammable material during hot work. This was linked to combustible materials were not controlled.",HIGH,Hot Work,Fire or explosion,Combustible control failed,Hot Work
346,a responder entered the flange before gas testing was carried out while assessing the release. It was noted that a lapse in permit control.,HIGH,Gas Leak Response,Hazardous atmosphere,Permit control failed,Toxic Gas
347,A permit review found that a technician observed the safety clutch fail during during the repair. The event traced back to a failure of the machine guarding.,HIGH,Hand Tools,Equipment failure,Guarding failed,
348,A worker reported that an electrician flagged that the residual charge was not discharged during circuit repair.,MEDIUM,Electrical Maintenance,Electric shock or arc flash,Energy isolation control degraded,Energy Isolation
349,a permit issuer observed sparks landing on flammable material during the permit check. The finding cited a lapse in permit control.,HIGH,Permit to Work,Fire or explosion,Permit control failed,Hot Work
350,a supervisor observed a minor steam leak from the connection during permit issuance. The event traced back to the energy isolation control was degraded.,MEDIUM,Permit to Work,Pressure release,Energy isolation control degraded,Energy Isolation
351,A supervisor observed that an attendant flagged uneven flooring in the work area in the common work area. The finding cited inadequate housekeeping controls.,MEDIUM,Housekeeping,Slip hazard,Housekeeping control inadequate,No clear Life-Saving Rule detected
352,An observation from the safety patrol noted that a permit issuer observed the relief valve fail during the pressure test during permit issuance. Follow-up identified the energy isolation was not applied.,HIGH,Permit to Work,Pressure release,Energy isolation failed,Energy Isolation
353,a spotter operated the excavator while a worker was inside the swing radius during the yard move. The event traced back to the stop-work control was not effective.,HIGH,Vehicle Movement,Vehicle-pedestrian collision,Stop-work control failed,Line of Fire
354,a worker found that the load weight was not confirmed before the lift while the crane was positioning the load. The observation was attributed to the exclusion zone control was degraded.,MEDIUM,Lifting Operation,Dropped load,Exclusion zone control degraded,Lifting Operations
355,a driver moved the vehicle while the spotter had not cleared the route while the truck was moving. The event traced back to the stop-work control was not effective.,HIGH,Vehicle Movement,Vehicle-pedestrian collision,Stop-work control failed,Line of Fire
356,a craftsman found the tool handle cracked during the task during the repair.,MEDIUM,Hand Tools,Equipment failure,Inspection not completed,
357,No significant hazard was identified during while setting up the work area.,LOW,Worksite Control,None identified,No barrier failure / control effective,
358,a technician reached into the rotating shaft while the guard was removed during the mechanical repair. This was linked to a failure of the machine guarding.,HIGH,Mechanical Maintenance,Entanglement,Guarding failed,Line of Fire
359,A worker reported that a lifting supervisor observed the load swaying while the tag line was not used while the crane was positioning the load. It was noted that the lifting inspection was not completed.,MEDIUM,Lifting Operation,Dropped load,Lifting inspection not completed,Lifting Operations
360,a technician performed repair work on the circuit without a voltage check while working on the panel. Follow-up identified a lapse in permit control.,HIGH,Electrical Maintenance,Electric shock or arc flash,Permit control failed,Energy Isolation
361,A permit review found that a technician found objects stored above head height without a toe board while using hand tools. The observation was attributed to inadequate housekeeping controls.,MEDIUM,Hand Tools,Falling object,Housekeeping control inadequate,
362,a chemical technician handled the storage tank without the required chemical gloves while maintaining the reactor.,HIGH,Chemical Maintenance,Chemical exposure,Permit control failed,Toxic Gas
363,A permit review found that a driver found the traffic segregation barrier displaced while the vehicle was reversing.,MEDIUM,Vehicle Movement,Vehicle-pedestrian collision,Traffic segregation control degraded,Line of Fire
364,a spotter moved the vehicle while the spotter had not cleared the route during vehicle movement. The observation was attributed to the stop-work control was not effective.,HIGH,Vehicle Movement,Vehicle-pedestrian collision,Stop-work control failed,Line of Fire
365,"During the walk-down, an electrical supervisor noted the arc-flash boundary was not marked while servicing the switchgear.",MEDIUM,Electrical Maintenance,Electric shock or arc flash,Inspection not completed,Energy Isolation
366,An observation from the safety patrol noted that a mechanic cleared a blockage while the conveyor was still running during mechanical maintenance. It was noted that the energy isolation was not applied.,HIGH,Mechanical Maintenance,Entanglement,Energy isolation failed,Line of Fire
367,an attendant reported a slippery surface near the cleaning area during the shift cleanup.,MEDIUM,Housekeeping,Slip hazard,Housekeeping control inadequate,
368,The shift handover mentioned that an electrical supervisor observed exposed conductors while the equipment was live during electrical maintenance. It was noted that a lapse in permit control.,HIGH,Electrical Maintenance,Electric shock or arc flash,Permit control failed,Energy Isolation
369,A worker reported that a worker flagged that the emergency stop was not tested during maintenance. The event traced back to the energy isolation control was degraded.,MEDIUM,Maintenance,Unexpected startup,Energy isolation control degraded,Energy Isolation
370,a responder began work although the rescue plan was not established while managing the incident. The observation was attributed to no emergency rescue plan was in place.,HIGH,Emergency Response,Delayed rescue,Emergency/rescue plan absent,Confined Space
371,A permit review found that an operator performed the task without the required gloves during chemical handling.,MEDIUM,Chemical Handling,PPE deficiency,Equipment condition degraded,
372,A worker reported that a traffic marshal completed during worksite setup with all controls in place.,LOW,Worksite Control,None identified,No barrier failure / control effective,
373,a crane operator stood below the lifting gear while it was suspended while the load was being moved. The observation was attributed to a failure to maintain the exclusion zone.,HIGH,Lifting Operation,Dropped load,Exclusion zone failed,Lifting Operations
374,A near miss occurred when a safety officer reported an incomplete edge-protection section while verifying critical controls. The finding cited the fall protection control was degraded.,MEDIUM,Safety Verification,Fall from height,Fall protection control degraded,Working at Height
375,a responder entered the space despite the gas monitor alarm remaining active during leak investigation. The event traced back to a lapse in permit control.,HIGH,Gas Leak Response,Hazardous atmosphere,Permit control failed,Toxic Gas
376,An observation from the safety patrol noted that a warehouse attendant found waste material blocking the aisle in the storage area. The event traced back to inadequate housekeeping controls.,MEDIUM,Storage,Poor housekeeping condition,Housekeeping control inadequate,
377,A supervisor observed that a worker worked below the platform while material was being handled above during material handling. The event traced back to a failure to maintain the exclusion zone.,HIGH,Material Handling,Falling object,Exclusion zone failed,
378,a worker flagged that the pedestrian route crossed the vehicle path during vehicle movement. This was linked to the traffic segregation control was degraded.,MEDIUM,Vehicle Movement,Vehicle-pedestrian collision,Traffic segregation control degraded,Line of Fire
379,a worker noticed the load swinging over the occupied area while the load was being moved. The event traced back to a failure to maintain the exclusion zone.,HIGH,Lifting Operation,Dropped load,Exclusion zone failed,Lifting Operations
380,a supervisor found the excavation edge unsupported during excavation.,MEDIUM,Excavation,Utility strike,Utility verification not completed,Ground Disturbance
381,An inspection noted that a chemical technician observed the drum leaking while it was being moved while maintaining the reactor. The observation was attributed to a lapse in permit control.,HIGH,Chemical Maintenance,Chemical exposure,Permit control failed,Toxic Gas
382,A permit review found that a crane operator flagged that the sling angle exceeded the recommended limit during the lifting operation. The event traced back to the exclusion zone control was degraded.,MEDIUM,Lifting Operation,Dropped load,Exclusion zone control degraded,Lifting Operations
383,A permit review found that a supervisor worked in the trench without confirming the utility depth during excavation.,HIGH,Excavation,Utility strike,Excavation support failed,Ground Disturbance
384,an electrician noted the arc-flash boundary was not marked while working on the panel. The observation was attributed to the energy isolation control was degraded.,MEDIUM,Electrical Maintenance,Electric shock or arc flash,Energy isolation control degraded,Energy Isolation
385,an attendant noticed a tripping hazard from trailing cables in the common work area. Follow-up identified inadequate housekeeping controls.,MEDIUM,Housekeeping,Slip hazard,Housekeeping control inadequate,
386,A worker reported that a worker observed dust accumulation in the work area while testing the airflow. This was linked to inadequate ventilation.,MEDIUM,Ventilation,Noise exposure,Ventilation inadequate,No clear Life-Saving Rule detected
387,A permit review found that a worker worked below the platform while material was being handled above while stacking the pallets. The event traced back to a failure to maintain the exclusion zone.,HIGH,Material Handling,Falling object,Exclusion zone failed,
388,a lifting supervisor used rigging on the load that showed signs of wear before the lift while the load was being moved. The event traced back to the pre-lift inspection was skipped.,HIGH,Lifting Operation,Dropped load,Lifting inspection failed,Lifting Operations
389,An observation from the safety patrol noted that a responder entered the assembly point with no attendant present during emergency response. The observation was attributed to no emergency rescue plan was in place.,HIGH,Emergency Response,Delayed rescue,Emergency/rescue plan absent,Confined Space
390,a technician lifted the load above shoulder height repeatedly during the material transfer. Follow-up identified a previously identified corrective action was not closed out.,MEDIUM,Manual Handling,Musculoskeletal Injury,Corrective action not completed,
391,an authorized worker observed the relief valve fail during the pressure test during permit issuance.,HIGH,Permit to Work,Pressure release,Permit control failed,Energy Isolation
392,a supervisor confirmed the work was conducted safely during safety verification.,LOW,Safety Verification,None identified,No barrier failure / control effective,
393,The shift handover mentioned that a worker lifted the load above shoulder height repeatedly while lifting the heavy component.,MEDIUM,Manual Handling,Musculoskeletal Injury,Manual handling control inadequate,
394,An inspection noted that an inspector opened the vessel before depressurization was verified during the scheduled inspection.,HIGH,Equipment Inspection,Pressure release,Energy isolation failed,Energy Isolation
395,An observation from the safety patrol noted that a worker handled the heavy object without a mechanical aid during the material transfer.,MEDIUM,Manual Handling,Musculoskeletal Injury,Manual handling control inadequate,No clear Life-Saving Rule detected
396,An inspection noted that a crane operator observed the crane load passing directly over personnel while the crane was positioning the load. This was linked to the pre-lift inspection was skipped.,HIGH,Lifting Operation,Dropped load,Lifting inspection failed,Lifting Operations
397,a technician repeated the lifting motion without rest breaks during manual handling. It was noted that the manual handling control was inadequate.,MEDIUM,Manual Handling,Musculoskeletal Injury,Manual handling control inadequate,
398,a warehouse worker observed the drum leaking while it was being moved while moving the containers. Follow-up identified a PPE compliance issue.,HIGH,Chemical Handling,Chemical exposure,PPE compliance issue,Toxic Gas
399,An observation from the safety patrol noted that a scaffolder carried out work while working at height with the fall protection inspection tag expired. The event traced back to the required inspection was not completed.,MEDIUM,Work at Height,Fall from height,Inspection not completed,Working at Height
400,an attendant found debris scattered across the access path while clearing the workspace. It was noted that inadequate housekeeping controls.,MEDIUM,Housekeeping,Slip hazard,Housekeeping control inadequate,
401,an inspector observed the safety clutch fail during while inspecting the unit.,HIGH,Equipment Inspection,Equipment failure,Guarding failed,
402,A supervisor observed that a technician left tools unsecured on the containers during material handling. The finding cited inadequate tool control.,HIGH,Material Handling,Falling object,Tool control inadequate,
403,A worker reported that a crane operator observed the load swaying while the tag line was not used during the critical lift. Follow-up identified the lifting inspection was not completed.,MEDIUM,Lifting Operation,Dropped load,Lifting inspection not completed,Lifting Operations
404,"During the walk-down, a lifting supervisor observed the crane load passing directly over personnel during the critical lift.",HIGH,Lifting Operation,Dropped load,Exclusion zone failed,Lifting Operations
405,a lifting supervisor flagged that the sling angle exceeded the recommended limit during the critical lift. The finding cited the lifting inspection was not completed.,MEDIUM,Lifting Operation,Dropped load,Lifting inspection not completed,Lifting Operations
406,an operator reached into the line while the guard was removed during machine operation. The event traced back to a failure of the machine guarding.,HIGH,Machine Operation,Entanglement,Guarding failed,Line of Fire
407,The shift handover mentioned that a crane operator flagged that the sling angle exceeded the recommended limit during the critical lift. The observation was attributed to the lifting inspection was not completed.,MEDIUM,Lifting Operation,Dropped load,Lifting inspection not completed,Lifting Operations
408,a worker opened the chemical line without confirming isolation during chemical maintenance. It was noted that a lapse in permit control.,HIGH,Chemical Maintenance,Chemical exposure,Permit control failed,Toxic Gas
409,A near miss occurred when a material handler found objects stored above head height without a toe board during the transfer. It was noted that the tool control was degraded.,MEDIUM,Material Handling,Falling object,Tool control degraded,
410,A supervisor observed that a worker lifted material without a toe board on the platform while stacking the pallets. This was linked to a failure to maintain the exclusion zone.,HIGH,Material Handling,Falling object,Exclusion zone failed,
411,An observation from the safety patrol noted that a supervisor found the pressure gauge reading was not recorded while verifying the authorization. The finding cited the energy isolation control was degraded.,MEDIUM,Permit to Work,Pressure release,Energy isolation control degraded,Energy Isolation
412,A permit review found that a material handler lifted material without a toe board on the platform while stacking the pallets. The event traced back to inadequate tool control.,HIGH,Material Handling,Falling object,Tool control inadequate,
413,a ground worker observed that the utilities were not marked on the ground while digging the trench. The finding cited the required inspection was not completed.,MEDIUM,Excavation,Utility strike,Inspection not completed,Ground Disturbance
414,A permit review found that a crane operator noticed the load swinging over the occupied area during the lifting operation. The event traced back to a failure to maintain the exclusion zone.,HIGH,Lifting Operation,Dropped load,Exclusion zone failed,Lifting Operations
415,An inspection noted that a driver noticed the reversing alarm was not audible while the truck was moving. This was linked to the traffic segregation control was degraded.,MEDIUM,Vehicle Movement,Vehicle-pedestrian collision,Traffic segregation control degraded,Line of Fire
416,A supervisor observed that a warehouse worker handled the chemical container without the required chemical gloves while moving the containers. The observation was attributed to a PPE compliance issue.,HIGH,Chemical Handling,Chemical exposure,PPE compliance issue,Toxic Gas
417,The shift handover mentioned that a technician worked on the platform where the harness anchor was not certified during the scaffolding work. It was noted that the fall protection control was degraded.,MEDIUM,Work at Height,Fall from height,Fall protection control degraded,Working at Height
418,A worker reported that a safety officer confirmed the work was conducted safely during the control check.,LOW,Safety Verification,None identified,No barrier failure / control effective,
419,a supervisor completed during worksite setup with all controls in place.,LOW,Worksite Control,None identified,No barrier failure / control effective,
420,An inspection noted that a technician entered the chamber before gas testing was carried out during confined-space entry.,HIGH,Confined Space Entry,Hazardous atmosphere,Ventilation inadequate,Confined Space
421,A supervisor observed that a ground worker observed that the utilities were not marked on the ground during excavation. The observation was attributed to the required inspection was not completed.,MEDIUM,Excavation,Utility strike,Inspection not completed,Ground Disturbance
422,a safety officer was inside the space while the retrieval system was not rigged during the fire drill. The event traced back to no emergency rescue plan was in place.,HIGH,Fire Safety,Delayed rescue,Emergency/rescue plan absent,
423,a mechanic observed a damaged cable on the energized line during equipment maintenance. This was linked to the energy isolation control was degraded.,MEDIUM,Equipment Maintenance,Electric shock or arc flash,Energy isolation control degraded,Energy Isolation
424,A permit review found that a technician carried out hot work near the weld area without an extinguisher close by during the grinding operation. Follow-up identified no fire watch was present.,HIGH,Hot Work,Fire or explosion,Fire watch absent,Hot Work
425,a warehouse attendant found waste material blocking the aisle in the storage area. The observation was attributed to inadequate housekeeping controls.,MEDIUM,Storage,Poor housekeeping condition,Housekeeping control inadequate,
426,a technician verified the circuit was dead before starting work during electrical maintenance.,LOW,Electrical Maintenance,Electric shock or arc flash,No barrier failure / control effective,Energy Isolation
427,An observation from the safety patrol noted that an operator worked near the unit without hearing protection while operating the unit. Follow-up identified a PPE compliance issue.,MEDIUM,Equipment Operation,Noise exposure,PPE compliance issue,
428,The team performed a two-person lift following procedure while lifting the heavy component.,LOW,Manual Handling,Musculoskeletal Injury,No barrier failure / control effective,
429,a worker flagged that the machine noise exceeded limits while testing the airflow. The finding cited inadequate ventilation.,MEDIUM,Ventilation,Noise exposure,Ventilation inadequate,No clear Life-Saving Rule detected
430,a worker walked into the path of the moving vehicle while the vehicle was reversing. Follow-up identified the traffic segregation controls had broken down.,HIGH,Vehicle Movement,Vehicle-pedestrian collision,Traffic segregation failed,Line of Fire
431,The shift handover mentioned that a technician positioned a hand near the rotating shaft during the mechanical repair.,HIGH,Mechanical Maintenance,Entanglement,Guarding failed,Line of Fire
432,The rescue drill was completed before the task during the tank entry.,LOW,Confined Space Entry,Delayed rescue,No barrier failure / control effective,Confined Space
433,"During the walk-down, an attendant found debris scattered across the access path while clearing the workspace. The finding cited a previously identified corrective action was not closed out.",MEDIUM,Housekeeping,Slip hazard,Corrective action not completed,No clear Life-Saving Rule detected
434,a supervisor disconnected the line while pressure remained in it during permit issuance. The event traced back to the energy isolation was not applied.,HIGH,Permit to Work,Pressure release,Energy isolation failed,Energy Isolation
435,a rigger checked that the tag line was rigged before lifting while the load was being moved.,LOW,Lifting Operation,Dropped load,No barrier failure / control effective,Lifting Operations
436,A worker reported that a chemical handler worked in the area without respiratory protection during the release during drum handling.,HIGH,Chemical Handling,Chemical exposure,Permit control failed,Toxic Gas
437,The shift handover mentioned that an operator used the harness without inspecting it while transferring the chemical.,MEDIUM,Chemical Handling,PPE deficiency,Equipment condition degraded,No clear Life-Saving Rule detected
438,A supervisor observed that an operator verified that mechanical handling aids were available while carrying the load.,LOW,Manual Handling,Musculoskeletal Injury,No barrier failure / control effective,
439,a technician entered the machine danger zone without isolation while operating the press. This was linked to a failure of the machine guarding.,HIGH,Machine Operation,Entanglement,Guarding failed,Line of Fire
440,A permit review found that a safety officer noted the barricade around the lift area was incomplete during safety verification. The observation was attributed to the exclusion zone control was degraded.,MEDIUM,Safety Verification,Dropped load,Exclusion zone control degraded,Line of Fire
441,The excavation permit and utility survey were reviewed during excavation.,LOW,Excavation,Utility strike,No barrier failure / control effective,Ground Disturbance
442,an entrant started the tank entry with no gas detector available while entering the chamber. The observation was attributed to gas testing had not been performed before the task.,HIGH,Confined Space Entry,Hazardous atmosphere,Gas testing absent,Confined Space
443,An observation from the safety patrol noted that a safety officer flagged that the fire extinguisher was not immediately accessible during the fire safety walk. It was noted that the required inspection was not completed.,MEDIUM,Fire Safety,Fire or explosion,Inspection not completed,Hot Work
444,a responder checked that the gas detector was calibrated before the entry during leak investigation.,LOW,Gas Leak Response,Hazardous atmosphere,No barrier failure / control effective,Toxic Gas
445,An inspection noted that an attendant reported a slippery surface near the storage corner during routine housekeeping rounds. Follow-up identified inadequate housekeeping controls.,MEDIUM,Housekeeping,Slip hazard,Housekeeping control inadequate,No clear Life-Saving Rule detected
446,The shift handover mentioned that a first responder began work although the rescue plan was not established while responding to the event. The observation was attributed to no emergency rescue plan was in place.,HIGH,Emergency Response,Delayed rescue,Emergency/rescue plan absent,Confined Space
447,A supervisor observed that the rescue drill was completed before the task while responding to the event.,LOW,Emergency Response,Delayed rescue,No barrier failure / control effective,Confined Space
448,A worker reported that a warehouse worker worked in the area without respiratory protection during the release while transferring the chemical. The finding cited inadequate ventilation.,HIGH,Chemical Handling,Chemical exposure,Ventilation inadequate,Toxic Gas
449,An inspection noted that a warehouse attendant flagged that the workbench was cluttered while stacking the materials. This was linked to a previously identified corrective action was not closed out.,MEDIUM,Storage,Poor housekeeping condition,Corrective action not completed,
450,"During the walk-down, a worker confirmed the ventilation remained operational throughout while entering the vessel.",LOW,Confined Space Entry,Hazardous atmosphere,No barrier failure / control effective,Confined Space
451,A near miss occurred when a confined-space attendant began work in the confined space without atmospheric verification while entering the chamber. This was linked to a lapse in permit control.,HIGH,Confined Space Entry,Hazardous atmosphere,Permit control failed,Confined Space
452,A near miss occurred when a warehouse attendant flagged that the workbench was cluttered during the warehouse operation.,MEDIUM,Storage,Poor housekeeping condition,Corrective action not completed,
453,The isolation was tested and confirmed before the task while servicing the switchgear.,LOW,Electrical Maintenance,Electric shock or arc flash,No barrier failure / control effective,Energy Isolation
454,a welder carried out hot work near the weld area without an extinguisher close by while performing hot work. The event traced back to no fire watch was present.,HIGH,Hot Work,Fire or explosion,Fire watch absent,Hot Work
455,a safety officer observed the emergency stop not working properly while inspecting the unit. It was noted that degraded equipment condition.,MEDIUM,Equipment Inspection,Equipment failure,Equipment condition degraded,
456,A worker reported that an excavator operator verified the trench support before entry during the excavation work.,LOW,Excavation,Utility strike,No barrier failure / control effective,Ground Disturbance
457,A permit review found that a technician started elevated work although the platform had no edge protection while accessing the upper platform. The finding cited fall protection was not in place.,HIGH,Work at Height,Fall from height,Fall protection absent,Working at Height
458,an excavator operator observed that the utilities were not marked on the ground during excavation. This was linked to the utility verification was not completed.,MEDIUM,Excavation,Utility strike,Utility verification not completed,Ground Disturbance
459,An observation from the safety patrol noted that the inspection certificate was verified before use during the inspection.,LOW,Inspection,Equipment failure,No barrier failure / control effective,
460,a worker reversed the truck while a worker was in the blind spot while the truck was moving.,HIGH,Vehicle Movement,Vehicle-pedestrian collision,Stop-work control failed,Line of Fire
461,a worker found the traffic segregation barrier displaced during vehicle movement. The observation was attributed to the traffic segregation control was degraded.,MEDIUM,Vehicle Movement,Vehicle-pedestrian collision,Traffic segregation control degraded,Line of Fire
462,an electrician verified the circuit was dead before starting work while working on the panel.,LOW,Electrical Maintenance,Electric shock or arc flash,No barrier failure / control effective,Energy Isolation
463,a cleaner flagged uneven flooring in the work area while clearing the workspace. It was noted that a previously identified corrective action was not closed out.,MEDIUM,Housekeeping,Slip hazard,Corrective action not completed,No clear Life-Saving Rule detected
464,An observation from the safety patrol noted that an inspector reached the upper level while the guard rail on the installation had been removed during the audit. Follow-up identified a failure of safe access controls.,HIGH,Inspection,Fall from height,Safe access control failed,Working at Height
465,A worker reported that the depressurization was confirmed before the work during permit issuance.,LOW,Permit to Work,Pressure release,No barrier failure / control effective,Energy Isolation
466,an inspector started elevated work although the equipment had no edge protection during the scheduled inspection. The event traced back to a failure of safe access controls.,HIGH,Equipment Inspection,Fall from height,Safe access control failed,Working at Height
467,a fitter found the guard on the coupling was damaged during mechanical maintenance. Follow-up identified the guarding was degraded.,MEDIUM,Mechanical Maintenance,Entanglement,Guarding degraded,Line of Fire
468,Combustible materials were cleared from the hot work zone during fire safety checks.,LOW,Fire Safety,Fire or explosion,No barrier failure / control effective,Hot Work
469,An inspection noted that an inspector ran the equipment although the brake was reportedly faulty during the inspection. The finding cited a failure of the machine guarding.,HIGH,Inspection,Equipment failure,Guarding failed,
470,a technician carried the load alone without assistance while carrying the load. This was linked to the manual handling control was inadequate.,MEDIUM,Manual Handling,Musculoskeletal Injury,Manual handling control inadequate,
471,"During the walk-down, a technician checked that the guards were fit before operating during the check.",LOW,Equipment Inspection,Equipment failure,No barrier failure / control effective,
472,"During the walk-down, a technician cleared a blockage while the conveyor was still running during mechanical maintenance. Follow-up identified the energy isolation was not applied.",HIGH,Mechanical Maintenance,Entanglement,Energy isolation failed,Line of Fire
473,an operator noted the arc-flash boundary was not marked while the unit was down.,MEDIUM,Equipment Maintenance,Electric shock or arc flash,Inspection not completed,Energy Isolation
474,Noise levels were checked and controls verified while operating the unit.,LOW,Equipment Operation,Noise exposure,No barrier failure / control effective,
475,a technician positioned a hand near the rotating shaft during the mechanical repair. The observation was attributed to the energy isolation was not applied.,HIGH,Mechanical Maintenance,Entanglement,Energy isolation failed,Line of Fire
476,a worker observed an obstruction blocking the aisle during routine housekeeping rounds. It was noted that inadequate housekeeping controls.,MEDIUM,Housekeeping,Slip hazard,Housekeeping control inadequate,
477,a scaffolder used the approved anchor point when working during elevated maintenance.,LOW,Work at Height,Fall from height,No barrier failure / control effective,Working at Height
478,A supervisor observed that an electrician observed exposed conductors while the equipment was live during electrical maintenance.,HIGH,Electrical Maintenance,Electric shock or arc flash,Permit control failed,Energy Isolation
479,"During the walk-down, a worker reported a slippery surface near the common area during routine housekeeping rounds. Follow-up identified inadequate housekeeping controls.",MEDIUM,Housekeeping,Slip hazard,Housekeeping control inadequate,
480,A near miss occurred when the inspection certificate was verified before use while using hand tools.,LOW,Hand Tools,Equipment failure,No barrier failure / control effective,
481,A near miss occurred when a fitter positioned a hand near the rotating shaft during mechanical maintenance. Follow-up identified the energy isolation was not applied.,HIGH,Mechanical Maintenance,Entanglement,Energy isolation failed,Line of Fire
482,"During the walk-down, a technician was not wearing the respirator in the dusty area during gas leak response. The observation was attributed to degraded equipment condition.",MEDIUM,Gas Leak Response,PPE deficiency,Equipment condition degraded,
483,A worker reported that a supervisor confirmed the utilities were marked before digging while working in the trench.,LOW,Excavation,Utility strike,No barrier failure / control effective,Ground Disturbance
484,a first responder began work although the rescue plan was not established while managing the incident. This was linked to no emergency rescue plan was in place.,HIGH,Emergency Response,Delayed rescue,Emergency/rescue plan absent,Confined Space
485,an attendant reported a slippery surface near the storage corner while clearing the workspace. The event traced back to inadequate housekeeping controls.,MEDIUM,Housekeeping,Slip hazard,Housekeeping control inadequate,No clear Life-Saving Rule detected
486,A supervisor observed that a maintenance technician checked the energy-isolation register before the start while servicing the machine.,LOW,Equipment Maintenance,Unexpected startup,No barrier failure / control effective,Energy Isolation
487,"During the walk-down, a technician lifted material without a toe board on the platform during material handling.",HIGH,Material Handling,Falling object,Exclusion zone failed,
488,A permit review found that a machine operator found the tool handle cracked during the task while the machine was running. The finding cited the required inspection was not completed.,MEDIUM,Machine Operation,Equipment failure,Inspection not completed,Energy Isolation
489,Eye wash and PPE were verified before chemical handling while transferring the chemical.,LOW,Chemical Handling,Chemical exposure,No barrier failure / control effective,Toxic Gas
490,a technician proceeded with hot work although the permit did not match the site conditions while performing hot work. The event traced back to no fire watch was present.,HIGH,Hot Work,Fire or explosion,Fire watch absent,Hot Work
491,A worker reported that a confined-space attendant found the gas detector battery low before the task during confined-space entry. Follow-up identified the gas testing was not completed.,MEDIUM,Confined Space Entry,Hazardous atmosphere,Gas testing not completed,Confined Space
492,"During the walk-down, an attendant confirmed the drain was clear in the work area during the shift cleanup.",LOW,Housekeeping,Slip hazard,No barrier failure / control effective,
493,a first responder began work although the rescue plan was not established while managing the incident.,HIGH,Emergency Response,Delayed rescue,Emergency/rescue plan absent,Confined Space
494,a traffic marshal noted that the scrap bin was overflowing near the work area during worksite setup. Follow-up identified inadequate housekeeping controls.,MEDIUM,Worksite Control,Poor housekeeping condition,Housekeeping control inadequate,
495,An inspection noted that a supervisor confirmed the work area was clean after the task during the shift.,LOW,Worksite Control,Poor housekeeping condition,No barrier failure / control effective,
496,a safety officer began welding while no fire watch was stationed while inspecting the extinguishers. This was linked to no fire watch was present.,HIGH,Fire Safety,Fire or explosion,Fire watch absent,Hot Work
497,a fitter observed loose clothing near the rotating equipment while aligning the components. This was linked to the guarding was degraded.,MEDIUM,Mechanical Maintenance,Entanglement,Guarding degraded,Line of Fire
498,an entrant confirmed the ventilation remained operational throughout during confined-space entry.,LOW,Confined Space Entry,Hazardous atmosphere,No barrier failure / control effective,Confined Space
499,a worker found water pooling on the walkway during the shift cleanup. The event traced back to inadequate housekeeping controls.,MEDIUM,Housekeeping,Slip hazard,Housekeeping control inadequate,
500,A near miss occurred when housekeeping standards were maintained while stacking the materials.,LOW,Storage,Poor housekeeping condition,No barrier failure / control effective,
501,a safety officer noted that the enclosure around the unit was incomplete during the confined-space prep. This was linked to a PPE compliance issue.,MEDIUM,Ventilation,Noise exposure,PPE compliance issue,No clear Life-Saving Rule detected
502,A permit review found that a worker started elevated work although the access ladder had no edge protection while working at height. This was linked to edge protection was missing.,HIGH,Work at Height,Fall from height,Edge protection absent,Working at Height
503,A supervisor observed that a worker used a lift assist for the heavy load during the material transfer.,LOW,Manual Handling,Musculoskeletal Injury,No barrier failure / control effective,
504,The shift handover mentioned that a safety officer moved along the edge of the platform with no fall-arrest system in use while inspecting the unit. The observation was attributed to fall protection was not in place.,HIGH,Equipment Inspection,Fall from height,Fall protection absent,Working at Height
505,A permit review found that a storekeeper found the emergency pathway partially blocked during storage activity. The finding cited inadequate housekeeping controls.,MEDIUM,Storage,Poor housekeeping condition,Housekeeping control inadequate,No clear Life-Saving Rule detected
506,a first responder entered the assembly point with no attendant present while managing the incident. This was linked to no emergency rescue plan was in place.,HIGH,Emergency Response,Delayed rescue,Emergency/rescue plan absent,Confined Space
507,An inspection noted that eye wash and PPE were verified before chemical handling while moving the containers.,LOW,Chemical Handling,Chemical exposure,No barrier failure / control effective,Toxic Gas
508,A worker reported that a ground worker struck the buried cable while excavating during excavation. The finding cited a lapse in permit control.,HIGH,Excavation,Utility strike,Permit control failed,Ground Disturbance
509,A near miss occurred when a welder observed residual flammable vapors near the work zone while performing hot work. The finding cited the combustible material control was degraded.,MEDIUM,Hot Work,Fire or explosion,Combustible control degraded,Hot Work
510,The excavation permit and utility survey were reviewed while working in the trench.,LOW,Excavation,Utility strike,No barrier failure / control effective,Ground Disturbance
511,An observation from the safety patrol noted that a crane operator observed the crane load passing directly over personnel while the load was being moved. This was linked to a failure to maintain the exclusion zone.,HIGH,Lifting Operation,Dropped load,Exclusion zone failed,Lifting Operations
512,An inspection noted that a worker noticed that gas testing was performed with a non-calibrated detector while entering the chamber. This was linked to a failure in communication or handover.,MEDIUM,Confined Space Entry,Hazardous atmosphere,Communication/handover failed,Confined Space
513,A permit review found that a safety officer confirmed the ventilation remained operational throughout while checking the ventilation.,LOW,Ventilation,Hazardous atmosphere,No barrier failure / control effective,Confined Space
514,A near miss occurred when a cleaner reported a slippery surface near the aisles during the shift cleanup. It was noted that a previously identified corrective action was not closed out.,MEDIUM,Housekeeping,Slip hazard,Corrective action not completed,
515,A permit review found that a spotter reversed the truck while a worker was in the blind spot during vehicle movement. The event traced back to the stop-work control was not effective.,HIGH,Vehicle Movement,Vehicle-pedestrian collision,Stop-work control failed,Line of Fire
516,An inspection noted that a mechanic confirmed the voltage test was completed before the repair during equipment maintenance.,LOW,Equipment Maintenance,Electric shock or arc flash,No barrier failure / control effective,Energy Isolation
517,An inspection noted that a maintenance technician closed the switch while another worker was inside the danger zone during the repair job.,HIGH,Maintenance,Unexpected startup,Stop-work control failed,Energy Isolation
518,A permit review found that a supervisor observed that the utilities were not marked on the ground during the excavation work. The finding cited the required inspection was not completed.,MEDIUM,Excavation,Utility strike,Inspection not completed,Ground Disturbance
519,a technician confirmed all tools were tethered before while stacking the pallets.,LOW,Material Handling,Falling object,No barrier failure / control effective,
520,a worker observed items overhanging the edge of the overhead shelf while working with the tool kit.,HIGH,Hand Tools,Falling object,Exclusion zone failed,
521,a technician flagged that the machine noise exceeded limits while operating the unit. It was noted that a PPE compliance issue.,MEDIUM,Equipment Operation,Noise exposure,PPE compliance issue,No clear Life-Saving Rule detected
522,PPE was issued and inspected before the task while assessing the release.,LOW,Gas Leak Response,PPE deficiency,No barrier failure / control effective,
523,a technician worked on the elevated platform without any fall protection during elevated maintenance. The observation was attributed to edge protection was missing.,HIGH,Work at Height,Fall from height,Edge protection absent,Working at Height
524,a supervisor noted the barricade around the lift area was incomplete during the field verification. The finding cited the exclusion zone control was degraded.,MEDIUM,Safety Verification,Dropped load,Exclusion zone control degraded,Line of Fire
525,A near miss occurred when an electrician confirmed the voltage test was completed before the repair while working on the panel.,LOW,Electrical Maintenance,Electric shock or arc flash,No barrier failure / control effective,Energy Isolation
526,A worker reported that a technician lifted material without a toe board on the platform while using hand tools.,HIGH,Hand Tools,Falling object,Exclusion zone failed,
527,a permit issuer noted corrosion on the pressurized line during permit issuance. The observation was attributed to the required inspection was not completed.,MEDIUM,Permit to Work,Pressure release,Inspection not completed,Energy Isolation
528,An observation from the safety patrol noted that a worker verified that mechanical handling aids were available while lifting the heavy component.,LOW,Manual Handling,Musculoskeletal Injury,No barrier failure / control effective,
529,a technician observed dust accumulation in the work area while running the equipment. It was noted that inadequate ventilation.,MEDIUM,Equipment Operation,Noise exposure,Ventilation inadequate,No clear Life-Saving Rule detected
530,A worker reported that a lifting supervisor entered the exclusion zone while the load was being lifted while the crane was positioning the load. This was linked to a failure to maintain the exclusion zone.,HIGH,Lifting Operation,Dropped load,Exclusion zone failed,Lifting Operations
531,A supervisor observed that an operator confirmed the voltage test was completed before the repair while servicing the machine.,LOW,Equipment Maintenance,Electric shock or arc flash,No barrier failure / control effective,Energy Isolation
532,"During the walk-down, a rigger entered the exclusion zone while the load was being lifted during the lifting operation. The event traced back to a failure to maintain the exclusion zone.",HIGH,Lifting Operation,Dropped load,Exclusion zone failed,Lifting Operations
533,a worker carried the load alone without assistance during manual handling. The observation was attributed to a previously identified corrective action was not closed out.,MEDIUM,Manual Handling,Musculoskeletal Injury,Corrective action not completed,
534,The equipment was verified as isolated before during the maintenance shutdown.,LOW,Maintenance,Unexpected startup,No barrier failure / control effective,Energy Isolation
535,a technician reached into the cabinet while the busbar remained energized during circuit repair. Follow-up identified a lapse in permit control.,HIGH,Electrical Maintenance,Electric shock or arc flash,Permit control failed,Energy Isolation
536,A worker reported that a welder flagged that the fire extinguisher was not immediately accessible during the grinding operation. It was noted that the combustible material control was degraded.,MEDIUM,Hot Work,Fire or explosion,Combustible control degraded,Hot Work
537,A permit review found that the lifting plan was reviewed and the exclusion zone maintained while the crane was positioning the load.,LOW,Lifting Operation,Dropped load,No barrier failure / control effective,Lifting Operations
538,The shift handover mentioned that a worker entered the space despite the gas monitor alarm remaining active while checking the ventilation. The finding cited inadequate ventilation.,HIGH,Ventilation,Hazardous atmosphere,Ventilation inadequate,Confined Space
539,A worker reported that a safety officer flagged abnormal vibration from the equipment during equipment inspection. It was noted that degraded equipment condition.,MEDIUM,Equipment Inspection,Equipment failure,Equipment condition degraded,
540,A supervisor observed that a supervisor verified that spare PPE was available at the worksite while preparing for the task.,LOW,PPE,PPE deficiency,No barrier failure / control effective,
541,a worker observed an obstruction blocking the aisle in the common work area. The event traced back to a previously identified corrective action was not closed out.,MEDIUM,Housekeeping,Slip hazard,Corrective action not completed,No clear Life-Saving Rule detected
542,a maintenance technician closed the switch while another worker was inside the danger zone during maintenance. It was noted that the energy isolation was not applied.,HIGH,Maintenance,Unexpected startup,Energy isolation failed,Energy Isolation
543,A worker reported that an electrician verified the circuit was dead before starting work while servicing the switchgear.,LOW,Electrical Maintenance,Electric shock or arc flash,No barrier failure / control effective,Energy Isolation
544,a safety officer worked beside an open edge while the guardrail was absent during the scheduled inspection. This was linked to edge protection was missing.,HIGH,Equipment Inspection,Fall from height,Edge protection absent,Working at Height
545,An inspection noted that a scaffolder used the elevated work platform although the fall protection showed signs of damage during elevated maintenance. The finding cited the required inspection was not completed.,MEDIUM,Work at Height,Fall from height,Inspection not completed,Working at Height
546,Eye wash and PPE were verified before chemical handling during the shift.,LOW,Process Operation,Chemical exposure,No barrier failure / control effective,Toxic Gas
547,A permit review found that a worker drove through the pedestrian crossing without stopping while the truck was moving. This was linked to the traffic segregation controls had broken down.,HIGH,Vehicle Movement,Vehicle-pedestrian collision,Traffic segregation failed,Line of Fire
548,An observation from the safety patrol noted that a warehouse worker was not wearing the respirator in the dusty area during chemical handling. Follow-up identified a PPE compliance issue.,MEDIUM,Chemical Handling,PPE deficiency,PPE compliance issue,
549,A worker reported that a spotter confirmed the spotter was in position before reversing during vehicle movement.,LOW,Vehicle Movement,Vehicle-pedestrian collision,No barrier failure / control effective,Line of Fire
550,a storekeeper found the emergency pathway partially blocked during storage activity. The finding cited a previously identified corrective action was not closed out.,MEDIUM,Storage,Poor housekeeping condition,Corrective action not completed,No clear Life-Saving Rule detected
551,An observation from the safety patrol noted that an attendant confirmed the drain was clear in the work area while clearing the workspace.,LOW,Housekeeping,Slip hazard,No barrier failure / control effective,
552,a spotter drove through the pedestrian crossing without stopping while the vehicle was reversing. It was noted that the traffic segregation controls had broken down.,HIGH,Vehicle Movement,Vehicle-pedestrian collision,Traffic segregation failed,Line of Fire
553,A supervisor observed that a worker used the harness without inspecting it during the shift. The event traced back to a PPE compliance issue.,MEDIUM,PPE,PPE deficiency,PPE compliance issue,
554,Housekeeping standards were maintained while stacking the materials.,LOW,Storage,Poor housekeeping condition,No barrier failure / control effective,
555,An observation from the safety patrol noted that a maintenance fitter handled the pump without the required chemical gloves while maintaining the reactor. The event traced back to inadequate ventilation.,HIGH,Chemical Maintenance,Chemical exposure,Ventilation inadequate,Toxic Gas
556,A supervisor observed that a crane operator guided the suspended load by hand from within its path during the lifting operation.,HIGH,Lifting Operation,Dropped load,Exclusion zone failed,Lifting Operations
557,The shift handover mentioned that a process operator found the pressure gauge reading was not recorded while monitoring the process line. Follow-up identified the energy isolation control was degraded.,MEDIUM,Process Operation,Pressure release,Energy isolation control degraded,Energy Isolation
558,The excavation permit and utility survey were reviewed while digging the trench.,LOW,Excavation,Utility strike,No barrier failure / control effective,Ground Disturbance
559,a technician began work in the confined space without atmospheric verification during leak investigation. The finding cited gas testing had not been performed before the task.,HIGH,Gas Leak Response,Hazardous atmosphere,Gas testing absent,Toxic Gas
560,The shift handover mentioned that a worker observed the equipment starting without the safety interlock during the repair job. The observation was attributed to the energy isolation control was degraded.,MEDIUM,Maintenance,Unexpected startup,Energy isolation control degraded,Energy Isolation
561,A near miss occurred when the guarding interlock was verified before the run during the production run.,LOW,Machine Operation,Entanglement,No barrier failure / control effective,Line of Fire
562,"During the walk-down, a ground worker started digging before the underground utilities were located while working in the trench. It was noted that a lapse in permit control.",HIGH,Excavation,Utility strike,Permit control failed,Ground Disturbance
563,A supervisor observed that a technician found the tool handle cracked during the task during the repair. The finding cited the required inspection was not completed.,MEDIUM,Hand Tools,Equipment failure,Inspection not completed,
564,The shift handover mentioned that a welder verified the permit conditions covered the hot work while welding.,LOW,Hot Work,Fire or explosion,No barrier failure / control effective,Hot Work
565,A near miss occurred when a worker noted that the scrap bin was overflowing near the work area during the warehouse operation.,MEDIUM,Storage,Poor housekeeping condition,Corrective action not completed,No clear Life-Saving Rule detected
566,A worker reported that a worker confirmed the work area was clean after the task during the warehouse operation.,LOW,Storage,Poor housekeeping condition,No barrier failure / control effective,
567,A permit review found that a supervisor disconnected the line while pressure remained in it while verifying the authorization. It was noted that a lapse in permit control.,HIGH,Permit to Work,Pressure release,Permit control failed,Energy Isolation
568,a worker observed the crane load passing directly over personnel while the crane was positioning the load. Follow-up identified the pre-lift inspection was skipped.,HIGH,Lifting Operation,Dropped load,Lifting inspection failed,Lifting Operations
569,an electrician flagged that the residual charge was not discharged while servicing the switchgear. Follow-up identified the required inspection was not completed.,MEDIUM,Electrical Maintenance,Electric shock or arc flash,Inspection not completed,Energy Isolation
570,The shift handover mentioned that an auditor completed during safety verification with all controls in place.,LOW,Safety Verification,None identified,No barrier failure / control effective,
571,The excavation permit and utility survey were reviewed during the excavation work.,LOW,Excavation,Utility strike,No barrier failure / control effective,Ground Disturbance
572,an operator climbed the access ladder without attaching the safety harness while accessing the upper platform.,HIGH,Work at Height,Fall from height,Fall protection absent,Working at Height
573,an attendant noticed a tripping hazard from trailing cables during routine housekeeping rounds. The finding cited a previously identified corrective action was not closed out.,MEDIUM,Housekeeping,Slip hazard,Corrective action not completed,
574,An observation from the safety patrol noted that a supervisor confirmed the utilities were marked before digging during worksite setup.,LOW,Worksite Control,Utility strike,No barrier failure / control effective,Ground Disturbance
575,A supervisor observed that an inspector operated the assembly which had no guarding during the check.,HIGH,Equipment Inspection,Equipment failure,Guarding failed,
576,a safety officer noticed that gas testing was performed with a non-calibrated detector while checking the ventilation. The finding cited the gas testing was not completed.,MEDIUM,Ventilation,Hazardous atmosphere,Gas testing not completed,Confined Space
577,An observation from the safety patrol noted that an engineer confirmed that the structure had adequate edge protection while inspecting the equipment.,LOW,Inspection,Fall from height,No barrier failure / control effective,Working at Height
578,"During the walk-down, a mechanic observed exposed conductors while the equipment was live during equipment maintenance. Follow-up identified the energy isolation was not applied.",HIGH,Equipment Maintenance,Electric shock or arc flash,Energy isolation failed,Energy Isolation
579,An observation from the safety patrol noted that a safety officer noted that the retrieval line was not rigged while inspecting the extinguishers. The event traced back to no emergency rescue plan was in place.,MEDIUM,Fire Safety,Delayed rescue,Emergency/rescue plan absent,
580,An observation from the safety patrol noted that the inspection certificate was verified before use during the repair.,LOW,Hand Tools,Equipment failure,No barrier failure / control effective,
581,a driver drove through the pedestrian crossing without stopping during the yard move. This was linked to the stop-work control was not effective.,HIGH,Vehicle Movement,Vehicle-pedestrian collision,Stop-work control failed,Line of Fire
582,a crane operator found that the load weight was not confirmed before the lift while the crane was positioning the load. Follow-up identified the exclusion zone control was degraded.,MEDIUM,Lifting Operation,Dropped load,Exclusion zone control degraded,Lifting Operations
583,A near miss occurred when the toe boards were verified on the platform during the transfer.,LOW,Material Handling,Falling object,No barrier failure / control effective,
584,a worker found water pooling on the walkway during the shift cleanup. It was noted that inadequate housekeeping controls.,MEDIUM,Housekeeping,Slip hazard,Housekeeping control inadequate,
585,a worker left tools unsecured on the containers during the transfer. The observation was attributed to inadequate tool control.,HIGH,Material Handling,Falling object,Tool control inadequate,
586,a worker confirmed all tools were tethered before while moving the materials.,LOW,Material Handling,Falling object,No barrier failure / control effective,
587,The shift handover mentioned that a ground worker started digging before the underground utilities were located during excavation. The finding cited the excavation was not properly supported.,HIGH,Excavation,Utility strike,Excavation support failed,Ground Disturbance
588,The shift handover mentioned that an operator worked near the unit without hearing protection while running the equipment. The finding cited inadequate ventilation.,MEDIUM,Equipment Operation,Noise exposure,Ventilation inadequate,No clear Life-Saving Rule detected
589,The shift handover mentioned that a technician confirmed the voltage test was completed before the repair during circuit repair.,LOW,Electrical Maintenance,Electric shock or arc flash,No barrier failure / control effective,Energy Isolation
590,A supervisor observed that an operator transferred the chemical while the containment bund was damaged during drum handling.,HIGH,Chemical Handling,Chemical exposure,Ventilation inadequate,Toxic Gas
591,an electrical supervisor noted the arc-flash boundary was not marked while working on the panel. The observation was attributed to the energy isolation control was degraded.,MEDIUM,Electrical Maintenance,Electric shock or arc flash,Energy isolation control degraded,Energy Isolation
592,a maintenance technician confirmed the lockout-tagout was complete before restarting during maintenance.,LOW,Maintenance,Unexpected startup,No barrier failure / control effective,Energy Isolation
593,A worker reported that a worker closed the switch while another worker was inside the danger zone during maintenance. The event traced back to the stop-work control was not effective.,HIGH,Maintenance,Unexpected startup,Stop-work control failed,Energy Isolation
594,A supervisor observed that a lifting supervisor noted the barricade around the lift area was incomplete while the load was being moved. The observation was attributed to the exclusion zone control was degraded.,MEDIUM,Lifting Operation,Dropped load,Exclusion zone control degraded,Lifting Operations
595,A supervisor observed that pPE was issued and inspected before the task while assessing the release.,LOW,Gas Leak Response,PPE deficiency,No barrier failure / control effective,
596,A permit review found that a worker guided the suspended load by hand from within its path while the crane was positioning the load. The observation was attributed to the pre-lift inspection was skipped.,HIGH,Lifting Operation,Dropped load,Lifting inspection failed,Lifting Operations
597,a worker flagged abnormal vibration from the equipment during hand-tool work.,MEDIUM,Hand Tools,Equipment failure,Equipment condition degraded,
598,An inspection noted that a welder verified the permit conditions covered the hot work while performing hot work.,LOW,Hot Work,Fire or explosion,No barrier failure / control effective,Hot Work
599,a technician proceeded with hot work although the permit did not match the site conditions while welding. It was noted that no fire watch was present.,HIGH,Hot Work,Fire or explosion,Fire watch absent,Hot Work
600,an excavator operator flagged that the trench had no ladder access while working in the trench. Follow-up identified the required inspection was not completed.,MEDIUM,Excavation,Utility strike,Inspection not completed,Ground Disturbance
601,a responder checked that the gas detector was calibrated before the entry while responding to the gas alarm.,LOW,Gas Leak Response,Hazardous atmosphere,No barrier failure / control effective,Toxic Gas
602,a worker lifted the container using an awkward posture while lifting the heavy component. The finding cited the manual handling control was inadequate.,MEDIUM,Manual Handling,Musculoskeletal Injury,Manual handling control inadequate,
603,A permit review found that a technician climbed the scaffold without attaching the safety harness while working at height. Follow-up identified a failure of safe access controls.,HIGH,Work at Height,Fall from height,Safe access control failed,Working at Height
604,The guarding interlock was verified before the run during the production run.,LOW,Machine Operation,Entanglement,No barrier failure / control effective,Line of Fire
605,an operator reached into the cabinet while the busbar remained energized while servicing the machine. This was linked to the energy isolation was not applied.,HIGH,Equipment Maintenance,Electric shock or arc flash,Energy isolation failed,Energy Isolation
606,A near miss occurred when a technician observed that the initial atmosphere check was recorded late while responding to the gas alarm. The event traced back to a failure in communication or handover.,MEDIUM,Gas Leak Response,Hazardous atmosphere,Communication/handover failed,Toxic Gas
607,A permit review found that a mechanic verified the circuit was dead before starting work while servicing the machine.,LOW,Equipment Maintenance,Electric shock or arc flash,No barrier failure / control effective,Energy Isolation
608,a worker moved the vehicle while the spotter had not cleared the route while the vehicle was reversing. This was linked to the stop-work control was not effective.,HIGH,Vehicle Movement,Vehicle-pedestrian collision,Stop-work control failed,Line of Fire
609,A near miss occurred when an excavator operator observed that the utilities were not marked on the ground during the excavation work. The observation was attributed to the utility verification was not completed.,MEDIUM,Excavation,Utility strike,Utility verification not completed,Ground Disturbance
610,A supervisor observed that a cleaner confirmed the drain was clear in the work area during routine housekeeping rounds.,LOW,Housekeeping,Slip hazard,No barrier failure / control effective,
611,A near miss occurred when a fire warden carried out hot work near the assembly point without an extinguisher close by during fire safety checks. The finding cited a lapse in permit control.,HIGH,Fire Safety,Fire or explosion,Permit control failed,Hot Work
612,"During the walk-down, an electrical supervisor found that the isolation lock was not applied before the task while working on the panel. Follow-up identified the energy isolation control was degraded.",MEDIUM,Electrical Maintenance,Electric shock or arc flash,Energy isolation control degraded,Energy Isolation
613,An observation from the safety patrol noted that a technician checked that the extinguisher charge was valid before while assessing the release.,LOW,Gas Leak Response,Fire or explosion,No barrier failure / control effective,Toxic Gas
614,an engineer observed the safety clutch fail during while inspecting the equipment.,HIGH,Inspection,Equipment failure,Inspection not completed,
615,A supervisor observed that a permit issuer observed a minor steam leak from the connection during permit issuance. The event traced back to the required inspection was not completed.,MEDIUM,Permit to Work,Pressure release,Inspection not completed,Energy Isolation
616,an excavator operator verified the trench support before entry while working in the trench.,LOW,Excavation,Utility strike,No barrier failure / control effective,Ground Disturbance
617,A supervisor observed that a worker observed dust accumulation in the work area during ventilation verification. The finding cited a PPE compliance issue.,MEDIUM,Ventilation,Noise exposure,PPE compliance issue,
618,The shift handover mentioned that the team performed a two-person lift following procedure while lifting the heavy component.,LOW,Manual Handling,Musculoskeletal Injury,No barrier failure / control effective,
619,A near miss occurred when a driver operated the excavator while a worker was inside the swing radius during vehicle movement. This was linked to the stop-work control was not effective.,HIGH,Vehicle Movement,Vehicle-pedestrian collision,Stop-work control failed,Line of Fire
620,a technician handled the heavy object without a mechanical aid while lifting the heavy component. The finding cited the manual handling control was inadequate.,MEDIUM,Manual Handling,Musculoskeletal Injury,Manual handling control inadequate,No clear Life-Saving Rule detected
621,The shift handover mentioned that a worker observed sparks landing on flammable material while performing hot work. The event traced back to a lapse in permit control.,HIGH,Hot Work,Fire or explosion,Permit control failed,Hot Work
622,an attendant removed a minor obstruction from the walkway in the common work area.,LOW,Housekeeping,Slip hazard,No barrier failure / control effective,
623,an operator started elevated work although the platform had no edge protection while accessing the upper platform.,HIGH,Work at Height,Fall from height,Safe access control failed,Working at Height
624,a fire warden found the rescue tripod stored but not assembled during the fire safety walk. The event traced back to no emergency rescue plan was in place.,MEDIUM,Fire Safety,Delayed rescue,Emergency/rescue plan absent,
625,A near miss occurred when a worker verified the atmospheric readings were within safe limits before during confined-space entry.,LOW,Confined Space Entry,Hazardous atmosphere,No barrier failure / control effective,Confined Space
626,A near miss occurred when an auditor noticed the load swinging over the occupied area during safety verification. The finding cited a failure to maintain the exclusion zone.,HIGH,Safety Verification,Dropped load,Exclusion zone failed,Line of Fire
627,An inspection noted that a worker noticed a tripping hazard from trailing cables in the common work area. The event traced back to inadequate housekeeping controls.,MEDIUM,Housekeeping,Slip hazard,Housekeeping control inadequate,
628,The isolation was tested and confirmed before the task while the unit was down.,LOW,Equipment Maintenance,Electric shock or arc flash,No barrier failure / control effective,Energy Isolation
629,A permit review found that a worker confirmed the work was conducted safely while setting up the work area.,LOW,Worksite Control,None identified,No barrier failure / control effective,
630,A near miss occurred when a process operator observed the relief valve fail during the pressure test during the shift. The observation was attributed to a lapse in permit control.,HIGH,Process Operation,Pressure release,Permit control failed,Energy Isolation
631,A supervisor observed that a maintenance technician flagged abnormal vibration from the equipment during the maintenance shutdown. The observation was attributed to degraded equipment condition.,MEDIUM,Equipment Maintenance,Equipment failure,Equipment condition degraded,Energy Isolation
632,A near miss occurred when eye wash and PPE were verified before chemical handling while servicing the chemical line.,LOW,Chemical Maintenance,Chemical exposure,No barrier failure / control effective,Toxic Gas
633,An inspection noted that a worker was inside the space while the retrieval system was not rigged during the fire safety walk. It was noted that no emergency rescue plan was in place.,HIGH,Fire Safety,Delayed rescue,Emergency/rescue plan absent,
634,A permit review found that a technician used the instrument although the fall protection showed signs of damage while inspecting the unit. The finding cited the fall protection control was degraded.,MEDIUM,Equipment Inspection,Fall from height,Fall protection control degraded,Working at Height
635,An inspection noted that a worker confirmed that the access ladder had adequate edge protection while accessing the upper platform.,LOW,Work at Height,Fall from height,No barrier failure / control effective,Working at Height
636,a worker entered the exclusion zone while the load was being lifted while the load was being moved. The finding cited the pre-lift inspection was skipped.,HIGH,Lifting Operation,Dropped load,Lifting inspection failed,Lifting Operations
637,a supervisor flagged that the trench had no ladder access during excavation.,MEDIUM,Excavation,Utility strike,Inspection not completed,Ground Disturbance
638,an electrical supervisor verified the circuit was dead before starting work while servicing the switchgear.,LOW,Electrical Maintenance,Electric shock or arc flash,No barrier failure / control effective,Energy Isolation
639,a welder started hot work while combustible material remained nearby while welding. It was noted that no fire watch was present.,HIGH,Hot Work,Fire or explosion,Fire watch absent,Hot Work
640,An inspection noted that a worker reported that the ventilation in the tank interior was running below capacity during the tank entry. The finding cited a failure in communication or handover.,MEDIUM,Confined Space Entry,Hazardous atmosphere,Communication/handover failed,Confined Space
641,The shift handover mentioned that an operator verified the atmospheric readings were within safe limits before while assessing the release.,LOW,Gas Leak Response,Hazardous atmosphere,No barrier failure / control effective,Toxic Gas
642,a warehouse worker observed the drum leaking while it was being moved while transferring the chemical. This was linked to inadequate ventilation.,HIGH,Chemical Handling,Chemical exposure,Ventilation inadequate,Toxic Gas
643,An inspection noted that a technician carried the load alone without assistance during the material transfer. Follow-up identified the manual handling control was inadequate.,MEDIUM,Manual Handling,Musculoskeletal Injury,Manual handling control inadequate,
644,The guarding interlock was verified before the run while working on the drive.,LOW,Mechanical Maintenance,Entanglement,No barrier failure / control effective,Line of Fire
645,The shift handover mentioned that a mechanic worked close to the moving parts without guarding while working on the drive. This was linked to a failure of the machine guarding.,HIGH,Mechanical Maintenance,Entanglement,Guarding failed,Line of Fire
646,an inspector found the brake on the scaffold worn beyond limit while inspecting the equipment. It was noted that degraded equipment condition.,MEDIUM,Inspection,Equipment failure,Equipment condition degraded,
647,The shift handover mentioned that the inspection certificate was verified before use during the repair.,LOW,Hand Tools,Equipment failure,No barrier failure / control effective,
648,a supervisor observed the excavator bucket contact an unidentified service line during the excavation work. It was noted that a lapse in permit control.,HIGH,Excavation,Utility strike,Permit control failed,Ground Disturbance
649,a supervisor noted that the scrap bin was overflowing near the work area while managing the work zone. This was linked to inadequate housekeeping controls.,MEDIUM,Worksite Control,Poor housekeeping condition,Housekeeping control inadequate,No clear Life-Saving Rule detected
650,"During the walk-down, a chemical handler confirmed the chemical was stored in the correct container while moving the containers.",LOW,Chemical Handling,Chemical exposure,No barrier failure / control effective,Toxic Gas
651,a technician observed sparks landing on flammable material while performing hot work. The event traced back to a lapse in permit control.,HIGH,Hot Work,Fire or explosion,Permit control failed,Hot Work
652,An observation from the safety patrol noted that a crane operator found that the load weight was not confirmed before the lift while the crane was positioning the load. This was linked to the lifting inspection was not completed.,MEDIUM,Lifting Operation,Dropped load,Lifting inspection not completed,Lifting Operations
653,An observation from the safety patrol noted that vehicle and pedestrian routes were segregated during the yard move.,LOW,Vehicle Movement,Vehicle-pedestrian collision,No barrier failure / control effective,Line of Fire
654,a chemical technician worked in the area without respiratory protection during the release during the vessel clean-out. This was linked to a lapse in permit control.,HIGH,Chemical Maintenance,Chemical exposure,Permit control failed,Toxic Gas
655,A near miss occurred when a permit issuer noted corrosion on the pressurized line while reviewing the work permit. The finding cited the required inspection was not completed.,MEDIUM,Permit to Work,Pressure release,Inspection not completed,Energy Isolation
656,a safety officer confirmed the fire watch and extinguishers were in place before during the fire safety walk.,LOW,Fire Safety,Fire or explosion,No barrier failure / control effective,Hot Work
657,An inspection noted that a crane operator used rigging on the load that showed signs of wear before the lift while the load was being moved. Follow-up identified the pre-lift inspection was skipped.,HIGH,Lifting Operation,Dropped load,Lifting inspection failed,Lifting Operations
658,A permit review found that a safety officer noticed the safety glasses were scratched and fogged during the shift.,MEDIUM,PPE,PPE deficiency,Equipment condition degraded,
659,The isolation was tested and confirmed before the task during the maintenance shutdown.,LOW,Equipment Maintenance,Electric shock or arc flash,No barrier failure / control effective,Energy Isolation
660,A supervisor observed that an operator moved along the edge of the platform with no fall-arrest system in use while accessing the upper platform.,HIGH,Work at Height,Fall from height,Safe access control failed,Working at Height
661,a worker noted the barricade around the lift area was incomplete while the load was being moved. Follow-up identified the exclusion zone control was degraded.,MEDIUM,Lifting Operation,Dropped load,Exclusion zone control degraded,Lifting Operations
662,A near miss occurred when a material handler confirmed all tools were tethered before while moving the materials.,LOW,Material Handling,Falling object,No barrier failure / control effective,
663,"During the walk-down, an operator was not wearing the respirator in the dusty area while transferring the chemical. This was linked to degraded equipment condition.",MEDIUM,Chemical Handling,PPE deficiency,Equipment condition degraded,
664,a rigger guided the suspended load by hand from within its path while the load was being moved. The event traced back to the pre-lift inspection was skipped.,HIGH,Lifting Operation,Dropped load,Lifting inspection failed,Lifting Operations
665,a driver verified the reversing alarm was working before the move during the yard move.,LOW,Vehicle Movement,Vehicle-pedestrian collision,No barrier failure / control effective,Line of Fire
666,a technician entered the tank interior with no attendant present while entering the chamber. The finding cited no emergency rescue plan was in place.,HIGH,Confined Space Entry,Delayed rescue,Emergency/rescue plan absent,Confined Space
667,A permit review found that an operator carried the load alone without assistance during the material transfer. The finding cited a previously identified corrective action was not closed out.,MEDIUM,Manual Handling,Musculoskeletal Injury,Corrective action not completed,
668,A worker reported that a worker confirmed the fire watch and extinguishers were in place before while performing hot work.,LOW,Hot Work,Fire or explosion,No barrier failure / control effective,Hot Work
669,A permit review found that a scaffolder started elevated work although the access ladder had no edge protection during the scaffolding work. This was linked to edge protection was missing.,HIGH,Work at Height,Fall from height,Edge protection absent,Working at Height
670,A near miss occurred when a worker flagged that the pedestrian route crossed the vehicle path during the yard move. The finding cited the traffic segregation control was degraded.,MEDIUM,Vehicle Movement,Vehicle-pedestrian collision,Traffic segregation control degraded,Line of Fire
671,"During the walk-down, a confined-space attendant confirmed the ventilation remained operational throughout while entering the vessel.",LOW,Confined Space Entry,Hazardous atmosphere,No barrier failure / control effective,Confined Space
672,a worker started the tank entry with no gas detector available while entering the vessel. The observation was attributed to gas testing had not been performed before the task.,HIGH,Confined Space Entry,Hazardous atmosphere,Gas testing absent,Confined Space
673,A worker reported that a worker worked on the platform where the harness anchor was not certified while working at height. It was noted that the fall protection control was degraded.,MEDIUM,Work at Height,Fall from height,Fall protection control degraded,Working at Height
674,A worker reported that noise levels were checked and controls verified during equipment operation.,LOW,Equipment Operation,Noise exposure,No barrier failure / control effective,
675,An observation from the safety patrol noted that a panel operator observed the drum leaking while it was being moved during the shift. This was linked to a lapse in permit control.,HIGH,Process Operation,Chemical exposure,Permit control failed,Toxic Gas
676,The shift handover mentioned that a welder noted that the fire watch had not been briefed before during the grinding operation. The observation was attributed to the combustible material control was degraded.,MEDIUM,Hot Work,Fire or explosion,Combustible control degraded,Hot Work
677,a technician verified the permit conditions covered the hot work during the grinding operation.,LOW,Hot Work,Fire or explosion,No barrier failure / control effective,Hot Work
678,a worker started hot work while combustible material remained nearby during hot work.,HIGH,Hot Work,Fire or explosion,Permit control failed,Hot Work
679,a technician noted that the retrieval line was not rigged during the tank entry. This was linked to no emergency rescue plan was in place.,MEDIUM,Confined Space Entry,Delayed rescue,Emergency/rescue plan absent,Confined Space
680,An inspection noted that a mechanic confirmed the guard was in place before start-up while working on the drive.,LOW,Mechanical Maintenance,Entanglement,No barrier failure / control effective,Line of Fire
681,A near miss occurred when a cleaner noticed a tripping hazard from trailing cables in the common work area. This was linked to inadequate housekeeping controls.,MEDIUM,Housekeeping,Slip hazard,Housekeeping control inadequate,
682,a lifting supervisor used rigging on the load that showed signs of wear before the lift during the lifting operation. The observation was attributed to the pre-lift inspection was skipped.,HIGH,Lifting Operation,Dropped load,Lifting inspection failed,Lifting Operations
683,An observation from the safety patrol noted that a safety officer verified the permit conditions covered the hot work while inspecting the extinguishers.,LOW,Fire Safety,Fire or explosion,No barrier failure / control effective,Hot Work
684,a supervisor observed a worker without eye protection near the eye protection while preparing for the task.,MEDIUM,PPE,PPE deficiency,Equipment condition degraded,No clear Life-Saving Rule detected
685,a scaffolder worked on the elevated platform without any fall protection during the scaffolding work. This was linked to a failure of safe access controls.,HIGH,Work at Height,Fall from height,Safe access control failed,Working at Height
686,a worker confirmed the fire watch and extinguishers were in place before during hot work.,LOW,Hot Work,Fire or explosion,No barrier failure / control effective,Hot Work
687,A permit review found that a ventilation technician flagged that the machine noise exceeded limits while testing the airflow. The observation was attributed to a PPE compliance issue.,MEDIUM,Ventilation,Noise exposure,PPE compliance issue,
688,a safety officer entered the space despite the gas monitor alarm remaining active while testing the airflow. The event traced back to a lapse in permit control.,HIGH,Ventilation,Hazardous atmosphere,Permit control failed,Confined Space
689,a material handler confirmed all tools were tethered before while stacking the pallets.,LOW,Material Handling,Falling object,No barrier failure / control effective,
690,The shift handover mentioned that a safety officer accessed the scaffold while the edge protection was missing during the audit. Follow-up identified edge protection was missing.,HIGH,Inspection,Fall from height,Edge protection absent,Working at Height
691,A permit review found that a welder observed residual flammable vapors near the work zone during hot work.,MEDIUM,Hot Work,Fire or explosion,Combustible control degraded,Hot Work
692,An inspection noted that a worker verified that waste was segregated properly during storage activity.,LOW,Storage,Poor housekeeping condition,No barrier failure / control effective,
693,a material handler worked below the platform while material was being handled above during material handling. This was linked to inadequate tool control.,HIGH,Material Handling,Falling object,Tool control inadequate,
694,A near miss occurred when an operator used the platform although the fall protection showed signs of damage while working at height. The event traced back to the fall protection control was degraded.,MEDIUM,Work at Height,Fall from height,Fall protection control degraded,Working at Height
695,a craftsman checked that the guards were fit before operating during the repair.,LOW,Hand Tools,Equipment failure,No barrier failure / control effective,
696,A permit review found that a technician began work in the confined space without atmospheric verification while entering the vessel. The finding cited inadequate ventilation.,HIGH,Confined Space Entry,Hazardous atmosphere,Ventilation inadequate,Confined Space
697,An inspection noted that a machine operator found the guard on the press was damaged during machine operation. This was linked to the guarding was degraded.,MEDIUM,Machine Operation,Entanglement,Guarding degraded,Line of Fire
698,A supervisor observed that a crane operator verified the rigging was inspected for the lift during the lifting operation.,LOW,Lifting Operation,Dropped load,No barrier failure / control effective,Lifting Operations
699,A near miss occurred when a worker entered the space despite the gas monitor alarm remaining active while checking the ventilation. This was linked to gas testing had not been performed before the task.,HIGH,Ventilation,Hazardous atmosphere,Gas testing absent,Confined Space
700,A supervisor observed that a fitter found the restart procedure was not followed during the maintenance shutdown.,MEDIUM,Maintenance,Unexpected startup,Energy isolation control degraded,Energy Isolation
701,An observation from the safety patrol noted that a crane operator verified the rigging was inspected for the lift while the load was being moved.,LOW,Lifting Operation,Dropped load,No barrier failure / control effective,Lifting Operations
702,a maintenance fitter observed the relief valve fail during the pressure test during the vessel clean-out. Follow-up identified the energy isolation was not applied.,HIGH,Chemical Maintenance,Pressure release,Energy isolation failed,Energy Isolation
703,a safety officer found the tool handle cracked during the task during the safety inspection. This was linked to the required inspection was not completed.,MEDIUM,Inspection,Equipment failure,Inspection not completed,
704,A near miss occurred when a worker removed a minor obstruction from the walkway during routine housekeeping rounds.,LOW,Housekeeping,Slip hazard,No barrier failure / control effective,
705,a warehouse worker opened the chemical line without confirming isolation while moving the containers. It was noted that a lapse in permit control.,HIGH,Chemical Handling,Chemical exposure,Permit control failed,Toxic Gas
706,An inspection noted that a worker observed a worker without eye protection near the respirator during the PPE inspection. The observation was attributed to a PPE compliance issue.,MEDIUM,PPE,PPE deficiency,PPE compliance issue,
707,A near miss occurred when the guarding interlock was verified before the run while the machine was running.,LOW,Machine Operation,Entanglement,No barrier failure / control effective,Line of Fire
708,The shift handover mentioned that an electrical supervisor worked on the live panel without isolating the supply while working on the panel. Follow-up identified the energy isolation was not applied.,HIGH,Electrical Maintenance,Electric shock or arc flash,Energy isolation failed,Energy Isolation
709,a maintenance technician noted that the lockout was incomplete before the start test during the maintenance shutdown. It was noted that the energy isolation control was degraded.,MEDIUM,Maintenance,Unexpected startup,Energy isolation control degraded,Energy Isolation
710,A permit review found that an operator confirmed the equipment passed the pre-start check while operating the press.,LOW,Machine Operation,Equipment failure,No barrier failure / control effective,Energy Isolation
711,a worker entered the exhaust fan before gas testing was carried out during ventilation verification. The event traced back to inadequate ventilation.,HIGH,Ventilation,Hazardous atmosphere,Ventilation inadequate,Confined Space
712,"During the walk-down, an operator flagged that the SDS was not available at the work point while transferring the chemical. This was linked to a PPE compliance issue.",MEDIUM,Chemical Handling,Chemical exposure,PPE compliance issue,Toxic Gas
713,An inspection noted that a technician checked that the gas detector was calibrated before the entry while entering the vessel.,LOW,Confined Space Entry,Hazardous atmosphere,No barrier failure / control effective,Confined Space
714,A near miss occurred when a driver moved the vehicle while the spotter had not cleared the route during the yard move. This was linked to the traffic segregation controls had broken down.,HIGH,Vehicle Movement,Vehicle-pedestrian collision,Traffic segregation failed,Line of Fire
715,a fire warden flagged that the rescue drill had not been conducted recently during fire safety checks. Follow-up identified no emergency rescue plan was in place.,MEDIUM,Fire Safety,Delayed rescue,Emergency/rescue plan absent,
716,An observation from the safety patrol noted that an authorized worker verified zero pressure before disconnecting during the permit check.,LOW,Permit to Work,Pressure release,No barrier failure / control effective,Energy Isolation
717,a supervisor observed the excavator bucket contact an unidentified service line while working in the trench.,HIGH,Excavation,Utility strike,Permit control failed,Ground Disturbance
718,A near miss occurred when a worker lifted the load above shoulder height repeatedly while lifting the heavy component.,MEDIUM,Manual Handling,Musculoskeletal Injury,Manual handling control inadequate,
719,a supervisor confirmed the utilities were marked before digging during the excavation work.,LOW,Excavation,Utility strike,No barrier failure / control effective,Ground Disturbance
720,a technician repeated the lifting motion without rest breaks during the material transfer. It was noted that a previously identified corrective action was not closed out.,MEDIUM,Manual Handling,Musculoskeletal Injury,Corrective action not completed,
721,An inspection noted that a confined-space attendant entered the space despite the gas monitor alarm remaining active during the tank entry. It was noted that a lapse in permit control.,HIGH,Confined Space Entry,Hazardous atmosphere,Permit control failed,Confined Space
722,A supervisor observed that the lifting plan was reviewed and the exclusion zone maintained during the lifting operation.,LOW,Lifting Operation,Dropped load,No barrier failure / control effective,Lifting Operations
723,The shift handover mentioned that a supervisor started digging before the underground utilities were located during the excavation work. It was noted that underground utility verification was not completed.,HIGH,Excavation,Utility strike,Utility verification failed,Ground Disturbance
724,A worker reported that a technician observed a minor steam leak from the connection during the check.,MEDIUM,Equipment Inspection,Pressure release,Energy isolation control degraded,Energy Isolation
725,a technician confirmed the ventilation remained operational throughout while assessing the release.,LOW,Gas Leak Response,Hazardous atmosphere,No barrier failure / control effective,Toxic Gas
726,A supervisor observed that a worker operated the assembly while maintenance was still in progress during the maintenance shutdown.,HIGH,Maintenance,Unexpected startup,Energy isolation failed,Energy Isolation
727,an electrical supervisor flagged that the residual charge was not discharged while servicing the switchgear.,MEDIUM,Electrical Maintenance,Electric shock or arc flash,Energy isolation control degraded,Energy Isolation
728,A near miss occurred when a worker confirmed the fire watch and extinguishers were in place before during the fire safety walk.,LOW,Fire Safety,Fire or explosion,No barrier failure / control effective,Hot Work
729,a worker moved the vehicle while the spotter had not cleared the route while the vehicle was reversing. It was noted that the traffic segregation controls had broken down.,HIGH,Vehicle Movement,Vehicle-pedestrian collision,Traffic segregation failed,Line of Fire
730,a panel operator found the pressure gauge reading was not recorded while the process unit was running. The finding cited the energy isolation control was degraded.,MEDIUM,Process Operation,Pressure release,Energy isolation control degraded,Energy Isolation
731,A permit review found that a worker verified the rigging was inspected for the lift while the load was being moved.,LOW,Lifting Operation,Dropped load,No barrier failure / control effective,Lifting Operations
732,A worker reported that a spotter operated the excavator while a worker was inside the swing radius during the yard move.,HIGH,Vehicle Movement,Vehicle-pedestrian collision,Traffic segregation failed,Line of Fire
733,a technician carried the load alone without assistance during the material transfer. The finding cited a previously identified corrective action was not closed out.,MEDIUM,Manual Handling,Musculoskeletal Injury,Corrective action not completed,
734,An inspection noted that a worker verified the walkway was clear after the task in the common work area.,LOW,Housekeeping,Slip hazard,No barrier failure / control effective,
735,a worker opened the chemical line without confirming isolation while servicing the chemical line. Follow-up identified a PPE compliance issue.,HIGH,Chemical Maintenance,Chemical exposure,PPE compliance issue,Toxic Gas
736,A worker reported that a worker found that the load weight was not confirmed before the lift during the lifting operation. It was noted that the exclusion zone control was degraded.,MEDIUM,Lifting Operation,Dropped load,Exclusion zone control degraded,Lifting Operations
737,An observation from the safety patrol noted that an electrical supervisor verified the circuit was dead before starting work while servicing the switchgear.,LOW,Electrical Maintenance,Electric shock or arc flash,No barrier failure / control effective,Energy Isolation
738,A near miss occurred when a technician entered the machine danger zone without isolation during the mechanical repair. It was noted that the energy isolation was not applied.,HIGH,Mechanical Maintenance,Entanglement,Energy isolation failed,Line of Fire
739,A permit review found that a worker noticed that gas testing was performed with a non-calibrated detector while entering the chamber.,MEDIUM,Confined Space Entry,Hazardous atmosphere,Communication/handover failed,Confined Space
740,A supervisor observed that a responder confirmed the ventilation remained operational throughout during gas leak response.,LOW,Gas Leak Response,Hazardous atmosphere,No barrier failure / control effective,Toxic Gas
741,a worker ran the equipment although the brake was reportedly faulty while working with the tool kit.,HIGH,Hand Tools,Equipment failure,Inspection not completed,
742,An inspection noted that an operator reported an incomplete edge-protection section while working at height.,MEDIUM,Work at Height,Fall from height,Fall protection control degraded,Working at Height
743,"During the walk-down, a rigger verified the rigging was inspected for the lift while the crane was positioning the load.",LOW,Lifting Operation,Dropped load,No barrier failure / control effective,Lifting Operations
744,"During the walk-down, a worker worked below the platform while material was being handled above during material handling. This was linked to a failure to maintain the exclusion zone.",HIGH,Material Handling,Falling object,Exclusion zone failed,
745,A permit review found that a machine operator observed the emergency stop not working properly while operating the press. The observation was attributed to the required inspection was not completed.,MEDIUM,Machine Operation,Equipment failure,Inspection not completed,Energy Isolation
746,a crane operator checked that the tag line was rigged before lifting while the load was being moved.,LOW,Lifting Operation,Dropped load,No barrier failure / control effective,Lifting Operations
747,The shift handover mentioned that a technician moved along the edge of the platform with no fall-arrest system in use during elevated maintenance. The event traced back to fall protection was not in place.,HIGH,Work at Height,Fall from height,Fall protection absent,Working at Height
748,a driver noticed the reversing alarm was not audible while the truck was moving.,MEDIUM,Vehicle Movement,Vehicle-pedestrian collision,Traffic segregation control degraded,Line of Fire
749,The shift handover mentioned that a technician checked that the gas detector was calibrated before the entry during the tank entry.,LOW,Confined Space Entry,Hazardous atmosphere,No barrier failure / control effective,Confined Space
750,an entrant entered the space despite the gas monitor alarm remaining active while entering the chamber. The event traced back to gas testing had not been performed before the task.,HIGH,Confined Space Entry,Hazardous atmosphere,Gas testing absent,Confined Space
751,a technician noticed that the scaffold toe board was loose during the scaffolding work. The event traced back to the fall protection control was degraded.,MEDIUM,Work at Height,Fall from height,Fall protection control degraded,Working at Height
752,The shift handover mentioned that the toe boards were verified on the platform during the transfer.,LOW,Material Handling,Falling object,No barrier failure / control effective,
753,A permit review found that a spotter operated the excavator while a worker was inside the swing radius while the truck was moving. This was linked to the traffic segregation controls had broken down.,HIGH,Vehicle Movement,Vehicle-pedestrian collision,Traffic segregation failed,Line of Fire
754,an operator flagged that the interlock had been defeated while the machine was running. The event traced back to the required inspection was not completed.,MEDIUM,Machine Operation,Entanglement,Inspection not completed,Line of Fire
755,a maintenance fitter confirmed the chemical was stored in the correct container while maintaining the reactor.,LOW,Chemical Maintenance,Chemical exposure,No barrier failure / control effective,Toxic Gas
756,The shift handover mentioned that a welder proceeded with hot work although the permit did not match the site conditions during hot work. This was linked to a lapse in permit control.,HIGH,Hot Work,Fire or explosion,Permit control failed,Hot Work
757,a ventilation technician found the gas detector battery low before the task while checking the ventilation. This was linked to the gas testing was not completed.,MEDIUM,Ventilation,Hazardous atmosphere,Gas testing not completed,Confined Space
758,The shift handover mentioned that a warehouse attendant verified that waste was segregated properly while stacking the materials.,LOW,Storage,Poor housekeeping condition,No barrier failure / control effective,
759,A near miss occurred when a worker reversed the truck while a worker was in the blind spot during the yard move. The observation was attributed to the stop-work control was not effective.,HIGH,Vehicle Movement,Vehicle-pedestrian collision,Stop-work control failed,Line of Fire
760,an auditor observed the load swaying while the tag line was not used during the control check.,MEDIUM,Safety Verification,Dropped load,Lifting inspection not completed,Line of Fire
761,a safety officer checked that the guards were fit before operating while inspecting the equipment.,LOW,Inspection,Equipment failure,No barrier failure / control effective,
762,An observation from the safety patrol noted that a lifting supervisor guided the suspended load by hand from within its path while the crane was positioning the load. The event traced back to a failure to maintain the exclusion zone.,HIGH,Lifting Operation,Dropped load,Exclusion zone failed,Lifting Operations
763,a technician carried out work during the scaffolding work with the fall protection inspection tag expired. The finding cited the fall protection control was degraded.,MEDIUM,Work at Height,Fall from height,Fall protection control degraded,Working at Height
764,The depressurization was confirmed before the work during the permit check.,LOW,Permit to Work,Pressure release,No barrier failure / control effective,Energy Isolation
765,An observation from the safety patrol noted that an electrical supervisor bypassed the interlock to keep the circuit running while servicing the switchgear. The finding cited the energy isolation was not applied.,HIGH,Electrical Maintenance,Electric shock or arc flash,Energy isolation failed,Energy Isolation
766,An observation from the safety patrol noted that a worker found debris scattered across the access path while clearing the workspace. It was noted that inadequate housekeeping controls.,MEDIUM,Housekeeping,Slip hazard,Housekeeping control inadequate,No clear Life-Saving Rule detected
767,A near miss occurred when a warehouse attendant verified that waste was segregated properly while stacking the materials.,LOW,Storage,Poor housekeeping condition,No barrier failure / control effective,
768,a rigger used rigging on the suspended load that showed signs of wear before the lift during the critical lift. This was linked to a failure to maintain the exclusion zone.,HIGH,Lifting Operation,Dropped load,Exclusion zone failed,Lifting Operations
769,a worker observed the vehicle passing close to the walkway while the vehicle was reversing. The finding cited the traffic segregation control was degraded.,MEDIUM,Vehicle Movement,Vehicle-pedestrian collision,Traffic segregation control degraded,Line of Fire
770,"During the walk-down, the spill was cleaned up promptly after being reported during the shift cleanup.",LOW,Housekeeping,Slip hazard,No barrier failure / control effective,
771,a technician opened the electrical panel while it remained energized during electrical maintenance. The observation was attributed to a lapse in permit control.,HIGH,Electrical Maintenance,Electric shock or arc flash,Permit control failed,Energy Isolation
772,A supervisor observed that a warehouse worker used the harness without inspecting it during chemical handling. It was noted that a PPE compliance issue.,MEDIUM,Chemical Handling,PPE deficiency,PPE compliance issue,No clear Life-Saving Rule detected
773,a worker removed a minor obstruction from the walkway in the common work area.,LOW,Housekeeping,Slip hazard,No barrier failure / control effective,
774,A permit review found that a safety officer proceeded with hot work although the permit did not match the site conditions while inspecting the extinguishers.,HIGH,Fire Safety,Fire or explosion,Fire watch absent,Hot Work
775,A permit review found that a responder found the rescue tripod stored but not assembled during the emergency drill. The event traced back to no emergency rescue plan was in place.,MEDIUM,Emergency Response,Delayed rescue,Emergency/rescue plan absent,Confined Space
776,A supervisor observed that housekeeping standards were maintained while setting up the work area.,LOW,Worksite Control,Poor housekeeping condition,No barrier failure / control effective,
777,The shift handover mentioned that an authorized worker disconnected the line while pressure remained in it during permit issuance. The finding cited a lapse in permit control.,HIGH,Permit to Work,Pressure release,Permit control failed,Energy Isolation
778,a rigger flagged that the sling angle exceeded the recommended limit during the critical lift. The event traced back to the exclusion zone control was degraded.,MEDIUM,Lifting Operation,Dropped load,Exclusion zone control degraded,Lifting Operations
779,An inspection noted that an entrant checked that the gas detector was calibrated before the entry during confined-space entry.,LOW,Confined Space Entry,Hazardous atmosphere,No barrier failure / control effective,Confined Space
780,A worker reported that a technician opened the switchgear while it remained energized during electrical maintenance. The observation was attributed to a lapse in permit control.,HIGH,Electrical Maintenance,Electric shock or arc flash,Permit control failed,Energy Isolation
781,a technician observed loose clothing near the rotating equipment while the machine was running. This was linked to the guarding was degraded.,MEDIUM,Machine Operation,Entanglement,Guarding degraded,Line of Fire
782,The team performed a two-person lift following procedure during manual handling.,LOW,Manual Handling,Musculoskeletal Injury,No barrier failure / control effective,
783,a fitter observed the machine cycle unexpectedly during the repair during maintenance. The finding cited the stop-work control was not effective.,HIGH,Maintenance,Unexpected startup,Stop-work control failed,Energy Isolation
784,a maintenance fitter noted corrosion on the pressurized line during the vessel clean-out. Follow-up identified the required inspection was not completed.,MEDIUM,Chemical Maintenance,Pressure release,Inspection not completed,Energy Isolation
785,A near miss occurred when gas testing was completed and the space was declared safe during confined-space entry.,LOW,Confined Space Entry,Hazardous atmosphere,No barrier failure / control effective,Confined Space
786,a worker started hot work while combustible material remained nearby while performing hot work.,HIGH,Hot Work,Fire or explosion,Permit control failed,Hot Work
787,an auditor noted the barricade around the lift area was incomplete during the control check. Follow-up identified the lifting inspection was not completed.,MEDIUM,Safety Verification,Dropped load,Lifting inspection not completed,Line of Fire
788,An inspection noted that a technician confirmed that the scaffold had adequate edge protection while accessing the upper platform.,LOW,Work at Height,Fall from height,No barrier failure / control effective,Working at Height
789,An observation from the safety patrol noted that an operator carried the load alone without assistance while lifting the heavy component. The event traced back to the manual handling control was inadequate.,MEDIUM,Manual Handling,Musculoskeletal Injury,Manual handling control inadequate,No clear Life-Saving Rule detected
790,a technician operated the line which had no guarding during the production run. It was noted that the required inspection was not completed.,HIGH,Machine Operation,Equipment failure,Inspection not completed,Energy Isolation
791,"During the walk-down, the spill was cleaned up promptly after being reported in the common work area.",LOW,Housekeeping,Slip hazard,No barrier failure / control effective,
792,A permit review found that a worker noted that the enclosure around the unit was incomplete during ventilation verification. Follow-up identified inadequate ventilation.,MEDIUM,Ventilation,Noise exposure,Ventilation inadequate,No clear Life-Saving Rule detected
793,an operator reached into the conveyor while the guard was removed while operating the press. The finding cited the energy isolation was not applied.,HIGH,Machine Operation,Entanglement,Energy isolation failed,Line of Fire
794,Eye wash and PPE were verified before chemical handling while moving the containers.,LOW,Chemical Handling,Chemical exposure,No barrier failure / control effective,Toxic Gas
795,a worker proceeded with hot work although the permit did not match the site conditions during fire safety checks. Follow-up identified no fire watch was present.,HIGH,Fire Safety,Fire or explosion,Fire watch absent,Hot Work
796,"During the walk-down, an inspector found the brake on the equipment worn beyond limit while inspecting the equipment. The finding cited degraded equipment condition.",MEDIUM,Inspection,Equipment failure,Equipment condition degraded,
797,"During the walk-down, an electrician verified the circuit was dead before starting work during electrical maintenance.",LOW,Electrical Maintenance,Electric shock or arc flash,No barrier failure / control effective,Energy Isolation
798,The shift handover mentioned that a worker began work although the rescue plan was not established during the tank entry. The observation was attributed to no emergency rescue plan was in place.,HIGH,Confined Space Entry,Delayed rescue,Emergency/rescue plan absent,Confined Space
799,A worker reported that a supervisor flagged that the vent valve was not opened before the task during the permit check. It was noted that the required inspection was not completed.,MEDIUM,Permit to Work,Pressure release,Inspection not completed,Energy Isolation
800,A near miss occurred when the fall-arrest system was checked and found compliant while working at height.,LOW,Work at Height,Fall from height,No barrier failure / control effective,Working at Height
801,An inspection noted that a maintenance fitter opened the chemical line without confirming isolation while maintaining the reactor.,HIGH,Chemical Maintenance,Chemical exposure,PPE compliance issue,Toxic Gas
802,A worker reported that a ground worker noted that the utility drawings were outdated during excavation. It was noted that the required inspection was not completed.,MEDIUM,Excavation,Utility strike,Inspection not completed,Ground Disturbance
803,a worker verified the atmospheric readings were within safe limits before during confined-space entry.,LOW,Confined Space Entry,Hazardous atmosphere,No barrier failure / control effective,Confined Space
804,a fire warden entered the fire hose cabinet with no attendant present while inspecting the extinguishers.,HIGH,Fire Safety,Delayed rescue,Emergency/rescue plan absent,
805,a cleaner found debris scattered across the access path during routine housekeeping rounds. Follow-up identified a previously identified corrective action was not closed out.,MEDIUM,Housekeeping,Slip hazard,Corrective action not completed,No clear Life-Saving Rule detected
806,a worker verified the reversing alarm was working before the move during the yard move.,LOW,Vehicle Movement,Vehicle-pedestrian collision,No barrier failure / control effective,Line of Fire
807,a technician bypassed the interlock to keep the circuit running during circuit repair.,HIGH,Electrical Maintenance,Electric shock or arc flash,Permit control failed,Energy Isolation
808,A worker reported that a technician carried out work during elevated maintenance with the fall protection inspection tag expired. This was linked to the fall protection control was degraded.,MEDIUM,Work at Height,Fall from height,Fall protection control degraded,Working at Height
809,The shift handover mentioned that a spotter confirmed the spotter was in position before reversing while the truck was moving.,LOW,Vehicle Movement,Vehicle-pedestrian collision,No barrier failure / control effective,Line of Fire
810,a worker flagged uneven flooring in the work area while clearing the workspace. It was noted that inadequate housekeeping controls.,MEDIUM,Housekeeping,Slip hazard,Housekeeping control inadequate,
811,an operator closed the switch while another worker was inside the danger zone while servicing the machine. The event traced back to the stop-work control was not effective.,HIGH,Equipment Maintenance,Unexpected startup,Stop-work control failed,Energy Isolation
812,An inspection noted that an inspector verified the edge protection was intact during during equipment inspection.,LOW,Equipment Inspection,Fall from height,No barrier failure / control effective,Working at Height
813,an electrician observed exposed conductors while the equipment was live while servicing the switchgear. Follow-up identified the energy isolation was not applied.,HIGH,Electrical Maintenance,Electric shock or arc flash,Energy isolation failed,Energy Isolation
814,a worker flagged that the pedestrian route crossed the vehicle path during vehicle movement. It was noted that the traffic segregation control was degraded.,MEDIUM,Vehicle Movement,Vehicle-pedestrian collision,Traffic segregation control degraded,Line of Fire
815,a spotter verified the reversing alarm was working before the move while the vehicle was reversing.,LOW,Vehicle Movement,Vehicle-pedestrian collision,No barrier failure / control effective,Line of Fire
816,an attendant noticed a tripping hazard from trailing cables during the shift cleanup. The event traced back to a previously identified corrective action was not closed out.,MEDIUM,Housekeeping,Slip hazard,Corrective action not completed,
817,A supervisor observed that a supervisor worked in the trench without confirming the utility depth while working in the trench. It was noted that underground utility verification was not completed.,HIGH,Excavation,Utility strike,Utility verification failed,Ground Disturbance
818,a worker checked that the containment was intact before the transfer while maintaining the reactor.,LOW,Chemical Maintenance,Chemical exposure,No barrier failure / control effective,Toxic Gas
819,The shift handover mentioned that a technician cleared a blockage while the conveyor was still running during machine operation. The event traced back to a failure of the machine guarding.,HIGH,Machine Operation,Entanglement,Guarding failed,Line of Fire
820,"During the walk-down, an operator repeated the lifting motion without rest breaks during the material transfer. The event traced back to a previously identified corrective action was not closed out.",MEDIUM,Manual Handling,Musculoskeletal Injury,Corrective action not completed,
821,An inspection noted that a lifting supervisor verified the rigging was inspected for the lift while the load was being moved.,LOW,Lifting Operation,Dropped load,No barrier failure / control effective,Lifting Operations
822,An observation from the safety patrol noted that a worker flagged uneven flooring in the work area in the common work area. The observation was attributed to a previously identified corrective action was not closed out.,MEDIUM,Housekeeping,Slip hazard,Corrective action not completed,
823,"During the walk-down, a cleaner removed a minor obstruction from the walkway in the common work area.",LOW,Housekeeping,Slip hazard,No barrier failure / control effective,
824,A permit review found that a technician started grinding beside an open chemical container while performing hot work. The observation was attributed to no fire watch was present.,HIGH,Hot Work,Fire or explosion,Fire watch absent,Hot Work
825,The shift handover mentioned that an inspector operated the instrument which had no guarding during the check.,HIGH,Equipment Inspection,Equipment failure,Inspection not completed,
826,The shift handover mentioned that a supervisor noted that the utility drawings were outdated while digging the trench. Follow-up identified the required inspection was not completed.,MEDIUM,Excavation,Utility strike,Inspection not completed,Ground Disturbance
827,The shift handover mentioned that a fitter confirmed the guard was in place before start-up while working on the drive.,LOW,Mechanical Maintenance,Entanglement,No barrier failure / control effective,Line of Fire
828,The shift handover mentioned that a technician reached the upper level while the guard rail on the access ladder had been removed while working at height. Follow-up identified fall protection was not in place.,HIGH,Work at Height,Fall from height,Fall protection absent,Working at Height
829,An observation from the safety patrol noted that a supervisor noted that the utility drawings were outdated while managing the work zone. This was linked to the required inspection was not completed.,MEDIUM,Worksite Control,Utility strike,Inspection not completed,Ground Disturbance
830,a worker verified that mechanical handling aids were available while lifting the heavy component.,LOW,Manual Handling,Musculoskeletal Injury,No barrier failure / control effective,
831,a safety officer operated the assembly which had no guarding during equipment inspection. The finding cited the required inspection was not completed.,HIGH,Equipment Inspection,Equipment failure,Inspection not completed,
832,An inspection noted that a warehouse worker noted the secondary containment was partly occupied during drum handling.,MEDIUM,Chemical Handling,Chemical exposure,PPE compliance issue,Toxic Gas
833,A near miss occurred when the spill was cleaned up promptly after being reported while clearing the workspace.,LOW,Housekeeping,Slip hazard,No barrier failure / control effective,
834,An observation from the safety patrol noted that a safety officer began work although the rescue plan was not established while inspecting the extinguishers. The event traced back to no emergency rescue plan was in place.,HIGH,Fire Safety,Delayed rescue,Emergency/rescue plan absent,
835,a maintenance technician flagged abnormal vibration from the equipment while servicing the machine. This was linked to degraded equipment condition.,MEDIUM,Equipment Maintenance,Equipment failure,Equipment condition degraded,Energy Isolation
836,A supervisor observed that the excavation permit and utility survey were reviewed while digging the trench.,LOW,Excavation,Utility strike,No barrier failure / control effective,Ground Disturbance
837,"During the walk-down, a technician began welding while no fire watch was stationed while welding. The finding cited a lapse in permit control.",HIGH,Hot Work,Fire or explosion,Permit control failed,Hot Work
838,A permit review found that a safety officer observed the emergency stop not working properly during the audit. Follow-up identified degraded equipment condition.,MEDIUM,Inspection,Equipment failure,Equipment condition degraded,
839,A near miss occurred when a worker checked that the extinguisher charge was valid before during hot work.,LOW,Hot Work,Fire or explosion,No barrier failure / control effective,Hot Work
840,A permit review found that an inspector operated the equipment which had no guarding during the check. The observation was attributed to the required inspection was not completed.,HIGH,Equipment Inspection,Equipment failure,Inspection not completed,
841,An observation from the safety patrol noted that an excavator operator noted that the utility drawings were outdated during the excavation work. This was linked to the required inspection was not completed.,MEDIUM,Excavation,Utility strike,Inspection not completed,Ground Disturbance
842,The inspection certificate was verified before use while inspecting the equipment.,LOW,Inspection,Equipment failure,No barrier failure / control effective,
843,a safety officer proceeded with hot work although the permit did not match the site conditions during the fire drill. The finding cited no fire watch was present.,HIGH,Fire Safety,Fire or explosion,Fire watch absent,Hot Work
844,a technician found the chemical container unlabeled during process operation. The finding cited inadequate housekeeping controls.,MEDIUM,Process Operation,Chemical exposure,Housekeeping control inadequate,Toxic Gas
845,"During the walk-down, the rescue drill was completed before the task during the emergency drill.",LOW,Emergency Response,Delayed rescue,No barrier failure / control effective,Confined Space
846,a worker noted that the scrap bin was overflowing near the work area while managing the work zone. The event traced back to inadequate housekeeping controls.,MEDIUM,Worksite Control,Poor housekeeping condition,Housekeeping control inadequate,
847,A near miss occurred when a technician reached into the cabinet while the busbar remained energized during circuit repair. The observation was attributed to the energy isolation was not applied.,HIGH,Electrical Maintenance,Electric shock or arc flash,Energy isolation failed,Energy Isolation
848,An inspection noted that housekeeping standards were maintained during worksite setup.,LOW,Worksite Control,Poor housekeeping condition,No barrier failure / control effective,
849,a worker started grinding beside an open chemical container during hot work. The observation was attributed to combustible materials were not controlled.,HIGH,Hot Work,Fire or explosion,Combustible control failed,Hot Work
850,The shift handover mentioned that a worker flagged that the trench had no ladder access during the shift. The observation was attributed to the utility verification was not completed.,MEDIUM,Worksite Control,Utility strike,Utility verification not completed,Ground Disturbance
851,a technician used the approved anchor point when working while working at height.,LOW,Work at Height,Fall from height,No barrier failure / control effective,Working at Height
852,"During the walk-down, an operator worked on the live panel without isolating the supply while the unit was down. This was linked to the energy isolation was not applied.",HIGH,Equipment Maintenance,Electric shock or arc flash,Energy isolation failed,Energy Isolation
853,A worker reported that an attendant flagged uneven flooring in the work area during routine housekeeping rounds. It was noted that inadequate housekeeping controls.,MEDIUM,Housekeeping,Slip hazard,Housekeeping control inadequate,
854,a worker confirmed the ventilation remained operational throughout during the tank entry.,LOW,Confined Space Entry,Hazardous atmosphere,No barrier failure / control effective,Confined Space
855,A worker reported that a chemical technician transferred the chemical while the containment bund was damaged during chemical maintenance. Follow-up identified a lapse in permit control.,HIGH,Chemical Maintenance,Chemical exposure,Permit control failed,Toxic Gas
856,"During the walk-down, a fitter found the restart procedure was not followed while the equipment was being worked on. The event traced back to the energy isolation control was degraded.",MEDIUM,Maintenance,Unexpected startup,Energy isolation control degraded,Energy Isolation
857,a ventilation technician verified the atmospheric readings were within safe limits before during ventilation verification.,LOW,Ventilation,Hazardous atmosphere,No barrier failure / control effective,Confined Space
858,"During the walk-down, a fitter reached into the rotating shaft while the guard was removed during the mechanical repair.",HIGH,Mechanical Maintenance,Entanglement,Guarding failed,Line of Fire
859,The shift handover mentioned that a driver flagged that the pedestrian route crossed the vehicle path during vehicle movement. The finding cited the traffic segregation control was degraded.,MEDIUM,Vehicle Movement,Vehicle-pedestrian collision,Traffic segregation control degraded,Line of Fire
860,"During the walk-down, an electrical supervisor verified the circuit was dead before starting work during electrical maintenance.",LOW,Electrical Maintenance,Electric shock or arc flash,No barrier failure / control effective,Energy Isolation
861,a crane operator entered the exclusion zone while the load was being lifted while the load was being moved. It was noted that the pre-lift inspection was skipped.,HIGH,Lifting Operation,Dropped load,Lifting inspection failed,Lifting Operations
862,"During the walk-down, an engineer noticed that the scaffold toe board was loose while inspecting the equipment. The observation was attributed to the required inspection was not completed.",MEDIUM,Inspection,Fall from height,Inspection not completed,Working at Height
863,A permit review found that a worker verified the reversing alarm was working before the move during the yard move.,LOW,Vehicle Movement,Vehicle-pedestrian collision,No barrier failure / control effective,Line of Fire
864,"During the walk-down, a worker disconnected the line while pressure remained in it while servicing the chemical line. Follow-up identified a lapse in permit control.",HIGH,Chemical Maintenance,Pressure release,Permit control failed,Energy Isolation
865,a technician carried the load alone without assistance while carrying the load. The event traced back to the manual handling control was inadequate.,MEDIUM,Manual Handling,Musculoskeletal Injury,Manual handling control inadequate,No clear Life-Saving Rule detected
866,A worker reported that no significant hazard was identified during during worksite setup.,LOW,Worksite Control,None identified,No barrier failure / control effective,
867,a worker confirmed the fire watch and extinguishers were in place before while welding.,LOW,Hot Work,Fire or explosion,No barrier failure / control effective,Hot Work
868,A supervisor observed that a technician handled the exchanger without the required chemical gloves during the shift. The finding cited a lapse in permit control.,HIGH,Process Operation,Chemical exposure,Permit control failed,Toxic Gas
869,a driver flagged that the pedestrian route crossed the vehicle path while the vehicle was reversing. The observation was attributed to the traffic segregation control was degraded.,MEDIUM,Vehicle Movement,Vehicle-pedestrian collision,Traffic segregation control degraded,Line of Fire
870,a supervisor confirmed the utilities were marked before digging while working in the trench.,LOW,Excavation,Utility strike,No barrier failure / control effective,Ground Disturbance
871,A permit review found that a worker started the unit while the isolation lock was not in place while the equipment was being worked on. The event traced back to the energy isolation was not applied.,HIGH,Maintenance,Unexpected startup,Energy isolation failed,Energy Isolation
872,a technician noticed that gas testing was performed with a non-calibrated detector while assessing the release.,MEDIUM,Gas Leak Response,Hazardous atmosphere,Gas testing not completed,Toxic Gas
873,A supervisor observed that an electrician verified the circuit was dead before starting work during electrical maintenance.,LOW,Electrical Maintenance,Electric shock or arc flash,No barrier failure / control effective,Energy Isolation
874,a worker guided the suspended load by hand from within its path while the crane was positioning the load. The observation was attributed to a failure to maintain the exclusion zone.,HIGH,Lifting Operation,Dropped load,Exclusion zone failed,Lifting Operations
875,a responder noticed that gas testing was performed with a non-calibrated detector during gas leak response. It was noted that a failure in communication or handover.,MEDIUM,Gas Leak Response,Hazardous atmosphere,Communication/handover failed,Toxic Gas
876,a fitter confirmed the lockout-tagout was complete before restarting during maintenance.,LOW,Maintenance,Unexpected startup,No barrier failure / control effective,Energy Isolation
877,A permit review found that an attendant flagged uneven flooring in the work area while clearing the workspace. It was noted that a previously identified corrective action was not closed out.,MEDIUM,Housekeeping,Slip hazard,Corrective action not completed,
878,a technician carried out hot work near the hot-work zone without an extinguisher close by during the grinding operation. The finding cited no fire watch was present.,HIGH,Hot Work,Fire or explosion,Fire watch absent,Hot Work
879,"During the walk-down, a worker verified the rigging was inspected for the lift while the crane was positioning the load.",LOW,Lifting Operation,Dropped load,No barrier failure / control effective,Lifting Operations
880,an excavator operator started digging before the underground utilities were located while digging the trench. Follow-up identified a lapse in permit control.,HIGH,Excavation,Utility strike,Permit control failed,Ground Disturbance
881,A supervisor observed that an operator worked on the platform where the harness anchor was not certified during elevated maintenance. Follow-up identified the required inspection was not completed.,MEDIUM,Work at Height,Fall from height,Inspection not completed,Working at Height
882,Housekeeping standards were maintained during the warehouse operation.,LOW,Storage,Poor housekeeping condition,No barrier failure / control effective,
883,An inspection noted that a worker flagged that the workbench was cluttered in the storage area. Follow-up identified inadequate housekeeping controls.,MEDIUM,Storage,Poor housekeeping condition,Housekeeping control inadequate,
884,"During the walk-down, a rigger guided the suspended load by hand from within its path while the crane was positioning the load. This was linked to a failure to maintain the exclusion zone.",HIGH,Lifting Operation,Dropped load,Exclusion zone failed,Lifting Operations
885,an attendant removed a minor obstruction from the walkway during the shift cleanup.,LOW,Housekeeping,Slip hazard,No barrier failure / control effective,
886,A permit review found that a supervisor observed stacked material leaning in the storage area during the shift. It was noted that a previously identified corrective action was not closed out.,MEDIUM,Worksite Control,Poor housekeeping condition,Corrective action not completed,
887,a warehouse worker verified that spare PPE was available at the worksite while moving the containers.,LOW,Chemical Handling,PPE deficiency,No barrier failure / control effective,
888,An observation from the safety patrol noted that an auditor reported that the control measures operated as expected while verifying critical controls.,LOW,Safety Verification,None identified,No barrier failure / control effective,
889,An inspection noted that a worker noted that the scrap bin was overflowing near the work area while setting up the work area. The event traced back to inadequate housekeeping controls.,MEDIUM,Worksite Control,Poor housekeeping condition,Housekeeping control inadequate,
890,"During the walk-down, an inspector worked beside an open edge while the guardrail was absent during the safety inspection.",HIGH,Inspection,Fall from height,Edge protection absent,Working at Height
891,The shift handover mentioned that a safety officer guided the suspended load by hand from within its path during the control check.,HIGH,Safety Verification,Dropped load,Lifting inspection failed,Line of Fire
892,The shift handover mentioned that the excavation permit and utility survey were reviewed while working in the trench.,LOW,Excavation,Utility strike,No barrier failure / control effective,Ground Disturbance
893,An observation from the safety patrol noted that a scaffolder climbed the scaffold without attaching the safety harness during elevated maintenance. The event traced back to a failure of safe access controls.,HIGH,Work at Height,Fall from height,Safe access control failed,Working at Height
894,A worker reported that an electrician found that the isolation lock was not applied before the task during electrical maintenance. The observation was attributed to the required inspection was not completed.,MEDIUM,Electrical Maintenance,Electric shock or arc flash,Inspection not completed,Energy Isolation
895,a scaffolder used the approved anchor point when working during the scaffolding work.,LOW,Work at Height,Fall from height,No barrier failure / control effective,Working at Height
896,a driver drove through the pedestrian crossing without stopping while the vehicle was reversing.,HIGH,Vehicle Movement,Vehicle-pedestrian collision,Traffic segregation failed,Line of Fire
897,a technician noted the pinch point was exposed during the task while aligning the components. The event traced back to the guarding was degraded.,MEDIUM,Mechanical Maintenance,Entanglement,Guarding degraded,Line of Fire
898,An observation from the safety patrol noted that a chemical technician checked that the containment was intact before the transfer while servicing the chemical line.,LOW,Chemical Maintenance,Chemical exposure,No barrier failure / control effective,Toxic Gas
899,An observation from the safety patrol noted that an operator entered the space despite the gas monitor alarm remaining active while assessing the release.,HIGH,Gas Leak Response,Hazardous atmosphere,Gas testing absent,Toxic Gas
900,a spotter noticed the reversing alarm was not audible while the truck was moving. Follow-up identified the traffic segregation control was degraded.,MEDIUM,Vehicle Movement,Vehicle-pedestrian collision,Traffic segregation control degraded,Line of Fire
901,a maintenance technician checked the energy-isolation register before the start during the maintenance shutdown.,LOW,Equipment Maintenance,Unexpected startup,No barrier failure / control effective,Energy Isolation
902,The shift handover mentioned that a supervisor found waste material blocking the aisle while setting up the work area. The event traced back to a previously identified corrective action was not closed out.,MEDIUM,Worksite Control,Poor housekeeping condition,Corrective action not completed,
903,A worker reported that a lifting supervisor noticed the load swinging over the occupied area during the lifting operation. The observation was attributed to a failure to maintain the exclusion zone.,HIGH,Lifting Operation,Dropped load,Exclusion zone failed,Lifting Operations
904,"During the walk-down, a worker confirmed the attendant and rescue equipment were ready during the fire safety walk.",LOW,Fire Safety,Delayed rescue,No barrier failure / control effective,
905,A supervisor observed that a driver moved the vehicle while the spotter had not cleared the route during the yard move. The finding cited the traffic segregation controls had broken down.,HIGH,Vehicle Movement,Vehicle-pedestrian collision,Traffic segregation failed,Line of Fire
906,a cleaner found water pooling on the walkway during routine housekeeping rounds. The event traced back to inadequate housekeeping controls.,MEDIUM,Housekeeping,Slip hazard,Housekeeping control inadequate,
907,A near miss occurred when a technician verified that mechanical handling aids were available while lifting the heavy component.,LOW,Manual Handling,Musculoskeletal Injury,No barrier failure / control effective,
908,A permit review found that no significant hazard was identified during while managing the work zone.,LOW,Worksite Control,None identified,No barrier failure / control effective,
909,A permit review found that a supervisor moved along the edge of the platform with no fall-arrest system in use while verifying critical controls. The event traced back to fall protection was not in place.,HIGH,Safety Verification,Fall from height,Fall protection absent,Working at Height
910,A near miss occurred when a technician carried out work during the scaffolding work with the fall protection inspection tag expired. The observation was attributed to the fall protection control was degraded.,MEDIUM,Work at Height,Fall from height,Fall protection control degraded,Working at Height
911,An observation from the safety patrol noted that gas testing was completed and the space was declared safe while checking the ventilation.,LOW,Ventilation,Hazardous atmosphere,No barrier failure / control effective,Confined Space
912,a crane operator entered the exclusion zone while the load was being lifted during the critical lift. This was linked to the pre-lift inspection was skipped.,HIGH,Lifting Operation,Dropped load,Lifting inspection failed,Lifting Operations
913,a worker reported that the pedestrian route operated as expected while setting up the work area.,LOW,Worksite Control,None identified,No barrier failure / control effective,
914,a cleaner reported a slippery surface near the cleaning area in the common work area. It was noted that a previously identified corrective action was not closed out.,MEDIUM,Housekeeping,Slip hazard,Corrective action not completed,
915,A permit review found that the equipment was verified as isolated before during the maintenance shutdown.,LOW,Equipment Maintenance,Unexpected startup,No barrier failure / control effective,Energy Isolation
916,The shift handover mentioned that a crane operator stood below the crane hook while it was suspended during the critical lift. The finding cited a failure to maintain the exclusion zone.,HIGH,Lifting Operation,Dropped load,Exclusion zone failed,Lifting Operations
917,a technician noted that the fire watch had not been briefed before during hot work. It was noted that the combustible material control was degraded.,MEDIUM,Hot Work,Fire or explosion,Combustible control degraded,Hot Work
918,"During the walk-down, the inspection certificate was verified before use while inspecting the equipment.",LOW,Inspection,Equipment failure,No barrier failure / control effective,
919,a technician opened the chemical line without confirming isolation during process operation. It was noted that a lapse in permit control.,HIGH,Process Operation,Chemical exposure,Permit control failed,Toxic Gas
920,an electrician found that the isolation lock was not applied before the task while servicing the switchgear. The finding cited the required inspection was not completed.,MEDIUM,Electrical Maintenance,Electric shock or arc flash,Inspection not completed,Energy Isolation
921,A near miss occurred when the excavation permit and utility survey were reviewed while working in the trench.,LOW,Excavation,Utility strike,No barrier failure / control effective,Ground Disturbance
922,An observation from the safety patrol noted that a safety officer noticed the load swinging over the occupied area while verifying critical controls.,HIGH,Safety Verification,Dropped load,Exclusion zone failed,Line of Fire
923,a rigger found that the load weight was not confirmed before the lift during the lifting operation. The event traced back to the exclusion zone control was degraded.,MEDIUM,Lifting Operation,Dropped load,Exclusion zone control degraded,Lifting Operations
924,A worker reported that a maintenance technician confirmed the voltage test was completed before the repair during the maintenance shutdown.,LOW,Equipment Maintenance,Electric shock or arc flash,No barrier failure / control effective,Energy Isolation
925,A supervisor observed that a fitter observed the machine cycle unexpectedly during the repair during the repair job. The event traced back to the energy isolation was not applied.,HIGH,Maintenance,Unexpected startup,Energy isolation failed,Energy Isolation
926,an operator reported an incomplete edge-protection section while working at height.,MEDIUM,Work at Height,Fall from height,Inspection not completed,Working at Height
927,"During the walk-down, housekeeping standards were maintained in the storage area.",LOW,Storage,Poor housekeeping condition,No barrier failure / control effective,
928,a technician was not wearing the respirator in the dusty area during gas leak response. The event traced back to a PPE compliance issue.,MEDIUM,Gas Leak Response,PPE deficiency,PPE compliance issue,
929,a safety officer verified that spare PPE was available at the worksite during the shift.,LOW,PPE,PPE deficiency,No barrier failure / control effective,
930,a ground worker started digging before the underground utilities were located during excavation.,HIGH,Excavation,Utility strike,Permit control failed,Ground Disturbance
931,The shift handover mentioned that a ground worker struck the buried cable while excavating while digging the trench.,HIGH,Excavation,Utility strike,Permit control failed,Ground Disturbance
932,A permit review found that an operator found that the isolation lock was not applied before the task during the maintenance shutdown.,MEDIUM,Equipment Maintenance,Electric shock or arc flash,Inspection not completed,Energy Isolation
933,A worker reported that the guarding interlock was verified before the run while working on the drive.,LOW,Mechanical Maintenance,Entanglement,No barrier failure / control effective,Line of Fire
934,The shift handover mentioned that a fitter operated the assembly while maintenance was still in progress during the repair job.,HIGH,Maintenance,Unexpected startup,Stop-work control failed,Energy Isolation
935,An inspection noted that a worker lifted the load above shoulder height repeatedly during the material transfer. This was linked to a previously identified corrective action was not closed out.,MEDIUM,Manual Handling,Musculoskeletal Injury,Corrective action not completed,No clear Life-Saving Rule detected
936,The shift handover mentioned that vehicle and pedestrian routes were segregated during the yard move.,LOW,Vehicle Movement,Vehicle-pedestrian collision,No barrier failure / control effective,Line of Fire
937,a process operator transferred the chemical while the containment bund was damaged while the process unit was running. This was linked to inadequate ventilation.,HIGH,Process Operation,Chemical exposure,Ventilation inadequate,Toxic Gas
938,a technician noticed loose parts on the elevated walkway during the transfer. The event traced back to inadequate housekeeping controls.,MEDIUM,Material Handling,Falling object,Housekeeping control inadequate,
939,a technician confirmed the guard was in place before start-up during the production run.,LOW,Machine Operation,Entanglement,No barrier failure / control effective,Line of Fire
940,An inspection noted that a crane operator entered the exclusion zone while the load was being lifted during the critical lift.,HIGH,Lifting Operation,Dropped load,Lifting inspection failed,Lifting Operations
941,The shift handover mentioned that a worker found objects stored above head height without a toe board while working with the tool kit. The event traced back to inadequate housekeeping controls.,MEDIUM,Hand Tools,Falling object,Housekeeping control inadequate,
942,A near miss occurred when a cleaner confirmed the drain was clear in the work area during routine housekeeping rounds.,LOW,Housekeeping,Slip hazard,No barrier failure / control effective,
943,a fitter reached into the coupling while the guard was removed during mechanical maintenance. It was noted that the energy isolation was not applied.,HIGH,Mechanical Maintenance,Entanglement,Energy isolation failed,Line of Fire
944,A permit review found that an attendant reported a slippery surface near the aisles during routine housekeeping rounds. The finding cited a previously identified corrective action was not closed out.,MEDIUM,Housekeeping,Slip hazard,Corrective action not completed,No clear Life-Saving Rule detected
945,An inspection noted that housekeeping standards were maintained in the storage area.,LOW,Storage,Poor housekeeping condition,No barrier failure / control effective,
946,A worker reported that a technician repeated the lifting motion without rest breaks while lifting the heavy component.,MEDIUM,Manual Handling,Musculoskeletal Injury,Manual handling control inadequate,
947,The shift handover mentioned that an operator climbed the scaffold without attaching the safety harness during elevated maintenance. The event traced back to a failure of safe access controls.,HIGH,Work at Height,Fall from height,Safe access control failed,Working at Height
948,The team performed a two-person lift following procedure during the material transfer.,LOW,Manual Handling,Musculoskeletal Injury,No barrier failure / control effective,
949,"During the walk-down, a technician began welding while no fire watch was stationed during the grinding operation. Follow-up identified combustible materials were not controlled.",HIGH,Hot Work,Fire or explosion,Combustible control failed,Hot Work
950,a responder flagged that the rescue drill had not been conducted recently during the emergency drill. It was noted that no emergency rescue plan was in place.,MEDIUM,Emergency Response,Delayed rescue,Emergency/rescue plan absent,Confined Space
951,An observation from the safety patrol noted that a maintenance technician confirmed the lockout-tagout was complete before restarting during maintenance.,LOW,Maintenance,Unexpected startup,No barrier failure / control effective,Energy Isolation
952,an electrical supervisor performed repair work on the circuit without a voltage check during electrical maintenance. The finding cited a lapse in permit control.,HIGH,Electrical Maintenance,Electric shock or arc flash,Permit control failed,Energy Isolation
953,An observation from the safety patrol noted that a technician lifted the container using an awkward posture during the material transfer. Follow-up identified the manual handling control was inadequate.,MEDIUM,Manual Handling,Musculoskeletal Injury,Manual handling control inadequate,
954,a worker checked that the guards were fit before operating during hand-tool work.,LOW,Hand Tools,Equipment failure,No barrier failure / control effective,
955,a chemical handler worked in the area without respiratory protection during the release during drum handling. The observation was attributed to inadequate ventilation.,HIGH,Chemical Handling,Chemical exposure,Ventilation inadequate,Toxic Gas
956,A near miss occurred when an operator worked on the platform where the harness anchor was not certified while working at height. This was linked to the required inspection was not completed.,MEDIUM,Work at Height,Fall from height,Inspection not completed,Working at Height
957,A permit review found that a worker verified that mechanical handling aids were available during the material transfer.,LOW,Manual Handling,Musculoskeletal Injury,No barrier failure / control effective,
958,a technician entered the machine danger zone without isolation while the machine was running. It was noted that a failure of the machine guarding.,HIGH,Machine Operation,Entanglement,Guarding failed,Line of Fire
959,a supervisor flagged that the trench had no ladder access during the excavation work. The observation was attributed to the utility verification was not completed.,MEDIUM,Excavation,Utility strike,Utility verification not completed,Ground Disturbance
960,A supervisor observed that a worker verified the rigging was inspected for the lift during the lifting operation.,LOW,Lifting Operation,Dropped load,No barrier failure / control effective,Lifting Operations
961,"During the walk-down, a technician observed items overhanging the edge of the overhead shelf during material handling. The observation was attributed to inadequate tool control.",HIGH,Material Handling,Falling object,Tool control inadequate,
962,The shift handover mentioned that a worker observed the vehicle passing close to the walkway during vehicle movement. This was linked to the traffic segregation control was degraded.,MEDIUM,Vehicle Movement,Vehicle-pedestrian collision,Traffic segregation control degraded,Line of Fire
963,A worker reported that gas testing was completed and the space was declared safe while responding to the gas alarm.,LOW,Gas Leak Response,Hazardous atmosphere,No barrier failure / control effective,Toxic Gas
964,a mechanic closed the switch while another worker was inside the danger zone during equipment maintenance. The finding cited the energy isolation was not applied.,HIGH,Equipment Maintenance,Unexpected startup,Energy isolation failed,Energy Isolation
965,a safety officer reported that the ventilation in the ventilation duct was running below capacity while testing the airflow. The event traced back to a failure in communication or handover.,MEDIUM,Ventilation,Hazardous atmosphere,Communication/handover failed,Confined Space
966,The equipment was verified as isolated before while the unit was down.,LOW,Equipment Maintenance,Unexpected startup,No barrier failure / control effective,Energy Isolation
967,The shift handover mentioned that a worker opened the chemical line without confirming isolation during chemical maintenance. The event traced back to inadequate ventilation.,HIGH,Chemical Maintenance,Chemical exposure,Ventilation inadequate,Toxic Gas
968,A permit review found that a safety officer noted that the retrieval line was not rigged during the fire drill. The finding cited no emergency rescue plan was in place.,MEDIUM,Fire Safety,Delayed rescue,Emergency/rescue plan absent,
969,A permit review found that a technician verified that mechanical handling aids were available during the material transfer.,LOW,Manual Handling,Musculoskeletal Injury,No barrier failure / control effective,
970,A near miss occurred when an engineer operated the installation which had no guarding while inspecting the equipment. The observation was attributed to the required inspection was not completed.,HIGH,Inspection,Equipment failure,Inspection not completed,
971,an inspector reported an incomplete edge-protection section during the safety inspection.,MEDIUM,Inspection,Fall from height,Fall protection control degraded,Working at Height
972,A worker reported that the depressurization was confirmed before the work during the check.,LOW,Equipment Inspection,Pressure release,No barrier failure / control effective,Energy Isolation
973,A worker reported that a warehouse worker opened the chemical line without confirming isolation during chemical handling. Follow-up identified a lapse in permit control.,HIGH,Chemical Handling,Chemical exposure,Permit control failed,Toxic Gas
974,a machine operator found the guard on the press was damaged during the production run. This was linked to the required inspection was not completed.,MEDIUM,Machine Operation,Entanglement,Inspection not completed,Line of Fire
975,"During the walk-down, the toe boards were verified on the platform while stacking the pallets.",LOW,Material Handling,Falling object,No barrier failure / control effective,
976,The shift handover mentioned that a maintenance fitter observed the drum leaking while it was being moved during chemical maintenance. The observation was attributed to a PPE compliance issue.,HIGH,Chemical Maintenance,Chemical exposure,PPE compliance issue,Toxic Gas
977,an operator found combustible items stored too close to the hot work area while assessing the release. The finding cited the combustible material control was degraded.,MEDIUM,Gas Leak Response,Fire or explosion,Combustible control degraded,Toxic Gas
978,A near miss occurred when the equipment was verified as isolated before during equipment maintenance.,LOW,Equipment Maintenance,Unexpected startup,No barrier failure / control effective,Energy Isolation
979,An observation from the safety patrol noted that a lifting supervisor stood below the suspended load while it was suspended while the crane was positioning the load. The event traced back to a failure to maintain the exclusion zone.,HIGH,Lifting Operation,Dropped load,Exclusion zone failed,Lifting Operations
980,a technician carried out work during elevated maintenance with the fall protection inspection tag expired. It was noted that the fall protection control was degraded.,MEDIUM,Work at Height,Fall from height,Fall protection control degraded,Working at Height
981,a worker removed a minor obstruction from the walkway while clearing the workspace.,LOW,Housekeeping,Slip hazard,No barrier failure / control effective,
982,A near miss occurred when a fitter positioned a hand near the rotating shaft while aligning the components.,HIGH,Mechanical Maintenance,Entanglement,Energy isolation failed,Line of Fire
983,a chemical technician flagged that the SDS was not available at the work point during the vessel clean-out. This was linked to inadequate housekeeping controls.,MEDIUM,Chemical Maintenance,Chemical exposure,Housekeeping control inadequate,Toxic Gas
984,The shift handover mentioned that a ventilation technician verified the atmospheric readings were within safe limits before while checking the ventilation.,LOW,Ventilation,Hazardous atmosphere,No barrier failure / control effective,Confined Space
985,a worker noticed the safety glasses were scratched and fogged while checking PPE compliance. This was linked to a PPE compliance issue.,MEDIUM,PPE,PPE deficiency,PPE compliance issue,
986,an attendant confirmed the drain was clear in the work area while clearing the workspace.,LOW,Housekeeping,Slip hazard,No barrier failure / control effective,
987,an excavator operator struck the buried cable while excavating while working in the trench. The event traced back to the excavation was not properly supported.,HIGH,Excavation,Utility strike,Excavation support failed,Ground Disturbance
988,an operator carried the load alone without assistance while carrying the load.,MEDIUM,Manual Handling,Musculoskeletal Injury,Manual handling control inadequate,
989,a maintenance technician observed the machine cycle unexpectedly during the repair during the repair job.,HIGH,Maintenance,Unexpected startup,Stop-work control failed,Energy Isolation
990,The shift handover mentioned that a scaffolder confirmed that the scaffold had adequate edge protection during elevated maintenance.,LOW,Work at Height,Fall from height,No barrier failure / control effective,Working at Height
991,a worker started grinding beside an open chemical container during hot work. The event traced back to combustible materials were not controlled.,HIGH,Hot Work,Fire or explosion,Combustible control failed,Hot Work
992,a chemical technician noted the secondary containment was partly occupied during the vessel clean-out. The event traced back to a PPE compliance issue.,MEDIUM,Chemical Maintenance,Chemical exposure,PPE compliance issue,Toxic Gas
993,a technician verified the permit conditions covered the hot work during hot work.,LOW,Hot Work,Fire or explosion,No barrier failure / control effective,Hot Work
994,The shift handover mentioned that a ventilation technician worked near the exhaust fan without hearing protection while testing the airflow.,MEDIUM,Ventilation,Noise exposure,Ventilation inadequate,No clear Life-Saving Rule detected
995,a mechanic started the unit while the isolation lock was not in place during the maintenance shutdown.,HIGH,Equipment Maintenance,Unexpected startup,Energy isolation failed,Energy Isolation
996,a worker verified the permit conditions covered the hot work while welding.,LOW,Hot Work,Fire or explosion,No barrier failure / control effective,Hot Work
997,a panel operator opened the vessel before depressurization was verified while the process unit was running. The observation was attributed to a lapse in permit control.,HIGH,Process Operation,Pressure release,Permit control failed,Energy Isolation
998,a worker observed an obstruction blocking the aisle during the shift cleanup. The observation was attributed to inadequate housekeeping controls.,MEDIUM,Housekeeping,Slip hazard,Housekeeping control inadequate,
999,A permit review found that a technician verified the circuit was dead before starting work while working on the panel.,LOW,Electrical Maintenance,Electric shock or arc flash,No barrier failure / control effective,Energy Isolation
1000,A permit review found that an operator lifted the load above shoulder height repeatedly while carrying the load. This was linked to a previously identified corrective action was not closed out.,MEDIUM,Manual Handling,Musculoskeletal Injury,Corrective action not completed,
1001,An inspection noted that a worker confirmed the work area was clean after the task in the storage area.,LOW,Storage,Poor housekeeping condition,No barrier failure / control effective,
1002,a safety officer noticed the load swinging over the occupied area during the control check. The finding cited a failure to maintain the exclusion zone.,HIGH,Safety Verification,Dropped load,Exclusion zone failed,Line of Fire
1003,The shift handover mentioned that an attendant found debris scattered across the access path during routine housekeeping rounds. It was noted that a previously identified corrective action was not closed out.,MEDIUM,Housekeeping,Slip hazard,Corrective action not completed,
1004,A supervisor observed that a driver reversed the truck while a worker was in the blind spot while the vehicle was reversing. The event traced back to the stop-work control was not effective.,HIGH,Vehicle Movement,Vehicle-pedestrian collision,Stop-work control failed,Line of Fire
1005,A near miss occurred when a traffic marshal completed while setting up the work area with all controls in place.,LOW,Worksite Control,None identified,No barrier failure / control effective,
1006,A supervisor observed that a worker confirmed the spotter was in position before reversing during the yard move.,LOW,Vehicle Movement,Vehicle-pedestrian collision,No barrier failure / control effective,Line of Fire
1007,A supervisor observed that a technician operated the press which had no guarding while the machine was running. Follow-up identified a failure of the machine guarding.,HIGH,Machine Operation,Equipment failure,Guarding failed,Energy Isolation
1008,An inspection noted that a worker flagged that the guardrail on the access ladder was weakened during the scaffolding work. Follow-up identified the required inspection was not completed.,MEDIUM,Work at Height,Fall from height,Inspection not completed,Working at Height
1009,a maintenance technician confirmed the lockout-tagout was complete before restarting while the unit was down.,LOW,Equipment Maintenance,Unexpected startup,No barrier failure / control effective,Energy Isolation
1010,A near miss occurred when an equipment operator flagged that the machine noise exceeded limits during the operational shift. This was linked to inadequate ventilation.,MEDIUM,Equipment Operation,Noise exposure,Ventilation inadequate,No clear Life-Saving Rule detected
1011,a first responder was inside the space while the retrieval system was not rigged while managing the incident. It was noted that no emergency rescue plan was in place.,HIGH,Emergency Response,Delayed rescue,Emergency/rescue plan absent,Confined Space
1012,A permit review found that a technician verified the circuit was dead before starting work while servicing the switchgear.,LOW,Electrical Maintenance,Electric shock or arc flash,No barrier failure / control effective,Energy Isolation
1013,a cleaner flagged uneven flooring in the work area in the common work area. Follow-up identified a previously identified corrective action was not closed out.,MEDIUM,Housekeeping,Slip hazard,Corrective action not completed,
1014,A worker reported that an operator started grinding beside an open chemical container during gas leak response. The event traced back to combustible materials were not controlled.,HIGH,Gas Leak Response,Fire or explosion,Combustible control failed,Toxic Gas
1015,"During the walk-down, a technician verified the atmospheric readings were within safe limits before while entering the chamber.",LOW,Confined Space Entry,Hazardous atmosphere,No barrier failure / control effective,Confined Space
1016,"During the walk-down, a worker was inside the space while the retrieval system was not rigged while entering the vessel. Follow-up identified no emergency rescue plan was in place.",HIGH,Confined Space Entry,Delayed rescue,Emergency/rescue plan absent,Confined Space
1017,The shift handover mentioned that a technician carried out work while working at height with the fall protection inspection tag expired.,MEDIUM,Work at Height,Fall from height,Fall protection control degraded,Working at Height
1018,An inspection noted that the equipment was verified as isolated before during the repair job.,LOW,Maintenance,Unexpected startup,No barrier failure / control effective,Energy Isolation
1019,"During the walk-down, a confined-space attendant entered the confined space before gas testing was carried out during the tank entry. It was noted that gas testing had not been performed before the task.",HIGH,Confined Space Entry,Hazardous atmosphere,Gas testing absent,Confined Space
1020,a technician carried the load alone without assistance while carrying the load.,MEDIUM,Manual Handling,Musculoskeletal Injury,Manual handling control inadequate,
1021,A worker reported that a welder confirmed the fire watch and extinguishers were in place before during the grinding operation.,LOW,Hot Work,Fire or explosion,No barrier failure / control effective,Hot Work
1022,A near miss occurred when a traffic marshal confirmed the work was conducted safely while managing the work zone.,LOW,Worksite Control,None identified,No barrier failure / control effective,
1023,a worker carried out hot work near the hot-work zone without an extinguisher close by while welding. It was noted that a lapse in permit control.,HIGH,Hot Work,Fire or explosion,Permit control failed,Hot Work
1024,A permit review found that a supervisor noticed the safety glasses were scratched and fogged during the shift. This was linked to degraded equipment condition.,MEDIUM,PPE,PPE deficiency,Equipment condition degraded,
1025,The isolation was tested and confirmed before the task during equipment maintenance.,LOW,Equipment Maintenance,Electric shock or arc flash,No barrier failure / control effective,Energy Isolation
1026,An inspection noted that a worker started the unit while the isolation lock was not in place during the repair job. It was noted that the energy isolation was not applied.,HIGH,Maintenance,Unexpected startup,Energy isolation failed,Energy Isolation
1027,a safety officer found the rescue tripod stored but not assembled while responding to the event.,MEDIUM,Emergency Response,Delayed rescue,Emergency/rescue plan absent,Confined Space
1028,A supervisor observed that an operator confirmed the equipment passed the pre-start check during the maintenance shutdown.,LOW,Equipment Maintenance,Equipment failure,No barrier failure / control effective,Energy Isolation
1029,An observation from the safety patrol noted that an operator carried the load alone without assistance while lifting the heavy component. It was noted that a previously identified corrective action was not closed out.,MEDIUM,Manual Handling,Musculoskeletal Injury,Corrective action not completed,
1030,An inspection noted that an operator used a lift assist for the heavy load during manual handling.,LOW,Manual Handling,Musculoskeletal Injury,No barrier failure / control effective,
1031,The shift handover mentioned that a supervisor opened the vessel before depressurization was verified during permit issuance. The finding cited a lapse in permit control.,HIGH,Permit to Work,Pressure release,Permit control failed,Energy Isolation
1032,a mechanic operated the drive assembly while maintenance was still in progress during equipment maintenance. Follow-up identified the stop-work control was not effective.,HIGH,Equipment Maintenance,Unexpected startup,Stop-work control failed,Energy Isolation
1033,a maintenance technician observed the equipment starting without the safety interlock during maintenance. The event traced back to the energy isolation control was degraded.,MEDIUM,Maintenance,Unexpected startup,Energy isolation control degraded,Energy Isolation
1034,A supervisor observed that a worker verified that waste was segregated properly during the warehouse operation.,LOW,Storage,Poor housekeeping condition,No barrier failure / control effective,
1035,a technician removed the flange cover while the system was still pressurized while the process unit was running. This was linked to a lapse in permit control.,HIGH,Process Operation,Pressure release,Permit control failed,Energy Isolation
1036,a supervisor confirmed the work was conducted safely while verifying critical controls.,LOW,Safety Verification,None identified,No barrier failure / control effective,
1037,A worker reported that a technician observed the emergency stop not working properly during the repair. The observation was attributed to the required inspection was not completed.,MEDIUM,Hand Tools,Equipment failure,Inspection not completed,
1038,"During the walk-down, a spotter verified the reversing alarm was working before the move during vehicle movement.",LOW,Vehicle Movement,Vehicle-pedestrian collision,No barrier failure / control effective,Line of Fire
1039,a mechanic worked close to the moving parts without guarding while working on the drive.,HIGH,Mechanical Maintenance,Entanglement,Guarding failed,Line of Fire
1040,An observation from the safety patrol noted that a worker noticed that gas testing was performed with a non-calibrated detector while checking the ventilation. The event traced back to the gas testing was not completed.,MEDIUM,Ventilation,Hazardous atmosphere,Gas testing not completed,Confined Space
1041,A supervisor observed that a rigger verified the rigging was inspected for the lift during the critical lift.,LOW,Lifting Operation,Dropped load,No barrier failure / control effective,Lifting Operations
1042,a confined-space attendant began work in the confined space without atmospheric verification during the tank entry.,HIGH,Confined Space Entry,Hazardous atmosphere,Permit control failed,Confined Space
1043,a fitter noted the pinch point was exposed during the task during mechanical maintenance. The finding cited the required inspection was not completed.,MEDIUM,Mechanical Maintenance,Entanglement,Inspection not completed,Line of Fire
1044,An observation from the safety patrol noted that a worker confirmed the ventilation remained operational throughout while entering the vessel.,LOW,Confined Space Entry,Hazardous atmosphere,No barrier failure / control effective,Confined Space
1045,An inspection noted that a first responder began work although the rescue plan was not established during the emergency drill. Follow-up identified no emergency rescue plan was in place.,HIGH,Emergency Response,Delayed rescue,Emergency/rescue plan absent,Confined Space
1046,An observation from the safety patrol noted that a supervisor noted corrosion on the pressurized line during the permit check. Follow-up identified the required inspection was not completed.,MEDIUM,Permit to Work,Pressure release,Inspection not completed,Energy Isolation
1047,an operator confirmed hearing protection was used near the noisy equipment during the operational shift.,LOW,Equipment Operation,Noise exposure,No barrier failure / control effective,
1048,a supervisor continued the excavation while the utility drawings were missing while working in the trench.,HIGH,Excavation,Utility strike,Permit control failed,Ground Disturbance
1049,a maintenance fitter found the chemical container unlabeled during chemical maintenance. The event traced back to a PPE compliance issue.,MEDIUM,Chemical Maintenance,Chemical exposure,PPE compliance issue,Toxic Gas
1050,a worker confirmed all tools were tethered before while stacking the pallets.,LOW,Material Handling,Falling object,No barrier failure / control effective,
1051,a mechanic started the unit while the isolation lock was not in place during equipment maintenance.,HIGH,Equipment Maintenance,Unexpected startup,Stop-work control failed,Energy Isolation
1052,a worker used the access ladder although the fall protection showed signs of damage during the scaffolding work. The event traced back to the fall protection control was degraded.,MEDIUM,Work at Height,Fall from height,Fall protection control degraded,Working at Height
1053,The shift handover mentioned that a technician checked that the containment was intact before the transfer while monitoring the process line.,LOW,Process Operation,Chemical exposure,No barrier failure / control effective,Toxic Gas
1054,An inspection noted that a safety officer proceeded with hot work although the permit did not match the site conditions during the fire drill. Follow-up identified a lapse in permit control.,HIGH,Fire Safety,Fire or explosion,Permit control failed,Hot Work
1055,The shift handover mentioned that a technician flagged that the residual charge was not discharged while servicing the switchgear. The observation was attributed to the required inspection was not completed.,MEDIUM,Electrical Maintenance,Electric shock or arc flash,Inspection not completed,Energy Isolation
1056,a worker used the approved anchor point when working while accessing the upper platform.,LOW,Work at Height,Fall from height,No barrier failure / control effective,Working at Height
1057,A worker reported that a cleaner observed an obstruction blocking the aisle in the common work area. Follow-up identified a previously identified corrective action was not closed out.,MEDIUM,Housekeeping,Slip hazard,Corrective action not completed,
1058,A permit review found that housekeeping standards were maintained while stacking the materials.,LOW,Storage,Poor housekeeping condition,No barrier failure / control effective,
1059,An observation from the safety patrol noted that a worker handled the heavy object without a mechanical aid during manual handling. The event traced back to the manual handling control was inadequate.,MEDIUM,Manual Handling,Musculoskeletal Injury,Manual handling control inadequate,
1060,A worker reported that an auditor verified the required checks were completed before during the control check.,LOW,Safety Verification,None identified,No barrier failure / control effective,
1061,A permit review found that a spotter walked into the path of the moving vehicle while the vehicle was reversing.,HIGH,Vehicle Movement,Vehicle-pedestrian collision,Traffic segregation failed,Line of Fire
1062,A worker reported that an inspector operated the equipment which had no guarding during the inspection.,HIGH,Inspection,Equipment failure,Inspection not completed,
1063,a worker verified the atmospheric readings were within safe limits before during the tank entry.,LOW,Confined Space Entry,Hazardous atmosphere,No barrier failure / control effective,Confined Space
1064,a worker lifted the heavy component using an awkward posture while lifting the heavy component. Follow-up identified a previously identified corrective action was not closed out.,MEDIUM,Manual Handling,Musculoskeletal Injury,Corrective action not completed,
1065,An inspection noted that a technician worked on the elevated platform without any fall protection during elevated maintenance. It was noted that a failure of safe access controls.,HIGH,Work at Height,Fall from height,Safe access control failed,Working at Height
1066,a confined-space attendant confirmed the ventilation remained operational throughout while entering the chamber.,LOW,Confined Space Entry,Hazardous atmosphere,No barrier failure / control effective,Confined Space
1067,A supervisor observed that a technician observed items overhanging the edge of the overhead shelf during material handling. It was noted that inadequate tool control.,HIGH,Material Handling,Falling object,Tool control inadequate,
1068,The shift handover mentioned that a driver noticed the reversing alarm was not audible during the yard move. Follow-up identified the traffic segregation control was degraded.,MEDIUM,Vehicle Movement,Vehicle-pedestrian collision,Traffic segregation control degraded,Line of Fire
1069,A supervisor observed that a permit issuer verified zero pressure before disconnecting while verifying the authorization.,LOW,Permit to Work,Pressure release,No barrier failure / control effective,Energy Isolation
1070,"During the walk-down, a worker closed the switch while another worker was inside the danger zone during the maintenance shutdown. This was linked to the energy isolation was not applied.",HIGH,Maintenance,Unexpected startup,Energy isolation failed,Energy Isolation
1071,An inspection noted that a safety officer observed the load swaying while the tag line was not used while verifying critical controls. Follow-up identified the lifting inspection was not completed.,MEDIUM,Safety Verification,Dropped load,Lifting inspection not completed,Line of Fire
1072,a warehouse attendant verified that waste was segregated properly during the warehouse operation.,LOW,Storage,Poor housekeeping condition,No barrier failure / control effective,
1073,"During the walk-down, a worker entered the exclusion zone while the load was being lifted while the crane was positioning the load.",HIGH,Lifting Operation,Dropped load,Lifting inspection failed,Lifting Operations
1074,The shift handover mentioned that an equipment operator observed dust accumulation in the work area during equipment operation. This was linked to a PPE compliance issue.,MEDIUM,Equipment Operation,Noise exposure,PPE compliance issue,
1075,An observation from the safety patrol noted that a cleaner confirmed the drain was clear in the work area while clearing the workspace.,LOW,Housekeeping,Slip hazard,No barrier failure / control effective,
1076,A near miss occurred when an operator lifted the load above shoulder height repeatedly while lifting the heavy component. The observation was attributed to the manual handling control was inadequate.,MEDIUM,Manual Handling,Musculoskeletal Injury,Manual handling control inadequate,No clear Life-Saving Rule detected
1077,The shift handover mentioned that an operator verified that mechanical handling aids were available during the material transfer.,LOW,Manual Handling,Musculoskeletal Injury,No barrier failure / control effective,
1078,a mechanic cleared a blockage while the conveyor was still running during the mechanical repair. Follow-up identified the energy isolation was not applied.,HIGH,Mechanical Maintenance,Entanglement,Energy isolation failed,Line of Fire
1079,A permit review found that a safety officer performed the task without the required gloves while preparing for the task. The finding cited degraded equipment condition.,MEDIUM,PPE,PPE deficiency,Equipment condition degraded,
1080,a spotter moved the vehicle while the spotter had not cleared the route during the yard move. The observation was attributed to the stop-work control was not effective.,HIGH,Vehicle Movement,Vehicle-pedestrian collision,Stop-work control failed,Line of Fire
1081,An observation from the safety patrol noted that a worker checked that the gas detector was calibrated before the entry during confined-space entry.,LOW,Confined Space Entry,Hazardous atmosphere,No barrier failure / control effective,Confined Space
1082,A worker reported that an operator ran the equipment although the brake was reportedly faulty during machine operation. Follow-up identified a failure of the machine guarding.,HIGH,Machine Operation,Equipment failure,Guarding failed,Energy Isolation
1083,a machine operator found the guard on the press was damaged during the production run. The observation was attributed to the required inspection was not completed.,MEDIUM,Machine Operation,Entanglement,Inspection not completed,Line of Fire
1084,The guarding interlock was verified before the run while aligning the components.,LOW,Mechanical Maintenance,Entanglement,No barrier failure / control effective,Line of Fire
1085,A worker reported that a supervisor worked in the trench without confirming the utility depth while digging the trench. Follow-up identified the excavation was not properly supported.,HIGH,Excavation,Utility strike,Excavation support failed,Ground Disturbance
1086,an attendant observed an obstruction blocking the aisle during the shift cleanup. The observation was attributed to a previously identified corrective action was not closed out.,MEDIUM,Housekeeping,Slip hazard,Corrective action not completed,No clear Life-Saving Rule detected
1087,a technician checked that the guards were fit before operating during the check.,LOW,Equipment Inspection,Equipment failure,No barrier failure / control effective,
1088,A permit review found that a responder entered the space despite the gas monitor alarm remaining active while responding to the gas alarm. The event traced back to inadequate ventilation.,HIGH,Gas Leak Response,Hazardous atmosphere,Ventilation inadequate,Toxic Gas
1089,an inspector worked on the platform where the harness anchor was not certified while inspecting the equipment.,MEDIUM,Inspection,Fall from height,Inspection not completed,Working at Height
1090,a warehouse attendant verified that waste was segregated properly in the storage area.,LOW,Storage,Poor housekeeping condition,No barrier failure / control effective,
1091,"During the walk-down, a worker reported a slippery surface near the aisles while clearing the workspace.",MEDIUM,Housekeeping,Slip hazard,Housekeeping control inadequate,
1092,A supervisor observed that a scaffolder accessed the scaffold while the edge protection was missing during the scaffolding work. This was linked to edge protection was missing.,HIGH,Work at Height,Fall from height,Edge protection absent,Working at Height
1093,The isolation was tested and confirmed before the task while servicing the machine.,LOW,Equipment Maintenance,Electric shock or arc flash,No barrier failure / control effective,Energy Isolation
1094,A worker reported that an inspector accessed the scaffold while the edge protection was missing during equipment inspection. This was linked to a failure of safe access controls.,HIGH,Equipment Inspection,Fall from height,Safe access control failed,Working at Height
1095,a worker noted that the lockout was incomplete before the start test during maintenance. The finding cited the energy isolation control was degraded.,MEDIUM,Maintenance,Unexpected startup,Energy isolation control degraded,Energy Isolation
1096,An observation from the safety patrol noted that a worker confirmed all tools were tethered before during material handling.,LOW,Material Handling,Falling object,No barrier failure / control effective,
1097,A near miss occurred when a driver reversed the truck while a worker was in the blind spot during the yard move.,HIGH,Vehicle Movement,Vehicle-pedestrian collision,Stop-work control failed,Line of Fire
1098,A near miss occurred when an equipment operator flagged that the machine noise exceeded limits during equipment operation. Follow-up identified a PPE compliance issue.,MEDIUM,Equipment Operation,Noise exposure,PPE compliance issue,
1099,The shift handover mentioned that the toe boards were verified on the platform during material handling.,LOW,Material Handling,Falling object,No barrier failure / control effective,
1100,A worker reported that a maintenance technician observed the machine cycle unexpectedly during the repair during the maintenance shutdown. The observation was attributed to the energy isolation was not applied.,HIGH,Equipment Maintenance,Unexpected startup,Energy isolation failed,Energy Isolation
1101,a technician found that the isolation lock was not applied before the task while working on the panel. The observation was attributed to the required inspection was not completed.,MEDIUM,Electrical Maintenance,Electric shock or arc flash,Inspection not completed,Energy Isolation
1102,The isolation was tested and confirmed before the task while working on the panel.,LOW,Electrical Maintenance,Electric shock or arc flash,No barrier failure / control effective,Energy Isolation
1103,"During the walk-down, a scaffolder worked beside an open edge while the guardrail was absent while accessing the upper platform. Follow-up identified edge protection was missing.",HIGH,Work at Height,Fall from height,Edge protection absent,Working at Height
1104,An inspection noted that a responder found the gas detector battery low before the task while responding to the gas alarm. The observation was attributed to the gas testing was not completed.,MEDIUM,Gas Leak Response,Hazardous atmosphere,Gas testing not completed,Toxic Gas
1105,An observation from the safety patrol noted that an electrical supervisor verified the circuit was dead before starting work during circuit repair.,LOW,Electrical Maintenance,Electric shock or arc flash,No barrier failure / control effective,Energy Isolation
1106,The shift handover mentioned that a worker observed the machine cycle unexpectedly during the repair during the repair job.,HIGH,Maintenance,Unexpected startup,Stop-work control failed,Energy Isolation
1107,A supervisor observed that a worker used the harness without inspecting it during the shift. The event traced back to degraded equipment condition.,MEDIUM,PPE,PPE deficiency,Equipment condition degraded,
1108,An inspection noted that an operator verified that mechanical handling aids were available during manual handling.,LOW,Manual Handling,Musculoskeletal Injury,No barrier failure / control effective,
1109,A supervisor observed that an entrant began work although the rescue plan was not established during the tank entry.,HIGH,Confined Space Entry,Delayed rescue,Emergency/rescue plan absent,Confined Space
1110,a technician found the tool handle cracked during the task during the production run. The observation was attributed to degraded equipment condition.,MEDIUM,Machine Operation,Equipment failure,Equipment condition degraded,Energy Isolation
1111,a machine operator confirmed the guard was in place before start-up while operating the press.,LOW,Machine Operation,Entanglement,No barrier failure / control effective,Line of Fire
1112,A supervisor observed that a panel operator observed the relief valve fail during the pressure test during the shift. The event traced back to the energy isolation was not applied.,HIGH,Process Operation,Pressure release,Energy isolation failed,Energy Isolation
1113,An observation from the safety patrol noted that a worker observed that the initial atmosphere check was recorded late during confined-space entry. The event traced back to a failure in communication or handover.,MEDIUM,Confined Space Entry,Hazardous atmosphere,Communication/handover failed,Confined Space
1114,A near miss occurred when a warehouse worker confirmed the required PPE was worn throughout during chemical handling.,LOW,Chemical Handling,PPE deficiency,No barrier failure / control effective,
1115,The shift handover mentioned that an operator worked near the system without hearing protection during equipment operation. This was linked to inadequate ventilation.,MEDIUM,Equipment Operation,Noise exposure,Ventilation inadequate,
1116,Noise levels were checked and controls verified while running the equipment.,LOW,Equipment Operation,Noise exposure,No barrier failure / control effective,
1117,an attendant found debris scattered across the access path while clearing the workspace. It was noted that a previously identified corrective action was not closed out.,MEDIUM,Housekeeping,Slip hazard,Corrective action not completed,
1118,a cleaner verified the walkway was clear after the task during the shift cleanup.,LOW,Housekeeping,Slip hazard,No barrier failure / control effective,
1119,"During the walk-down, a panel operator removed the flange cover while the system was still pressurized while monitoring the process line. Follow-up identified the energy isolation was not applied.",HIGH,Process Operation,Pressure release,Energy isolation failed,Energy Isolation
1120,An observation from the safety patrol noted that a first responder began work although the rescue plan was not established while managing the incident. Follow-up identified no emergency rescue plan was in place.,HIGH,Emergency Response,Delayed rescue,Emergency/rescue plan absent,Confined Space
1121,A permit review found that a supervisor found waste material blocking the aisle while managing the work zone. The finding cited inadequate housekeeping controls.,MEDIUM,Worksite Control,Poor housekeeping condition,Housekeeping control inadequate,
1122,a driver reversed the truck while a worker was in the blind spot while the vehicle was reversing. The finding cited the traffic segregation controls had broken down.,HIGH,Vehicle Movement,Vehicle-pedestrian collision,Traffic segregation failed,Line of Fire
1123,A supervisor observed that an operator verified the atmospheric readings were within safe limits before while responding to the gas alarm.,LOW,Gas Leak Response,Hazardous atmosphere,No barrier failure / control effective,Toxic Gas
1124,a worker observed a worker without eye protection near the work piece while welding. The observation was attributed to degraded equipment condition.,MEDIUM,Hot Work,PPE deficiency,Equipment condition degraded,
1125,a worker carried out hot work near the extinguisher without an extinguisher close by while inspecting the extinguishers.,HIGH,Fire Safety,Fire or explosion,Combustible control failed,Hot Work
1126,The equipment was verified as isolated before during equipment maintenance.,LOW,Equipment Maintenance,Unexpected startup,No barrier failure / control effective,Energy Isolation
1127,An inspection noted that a permit issuer carried out hot work near the permit without an extinguisher close by while reviewing the work permit. The finding cited a lapse in permit control.,HIGH,Permit to Work,Fire or explosion,Permit control failed,Hot Work
1128,An observation from the safety patrol noted that a ventilation technician flagged that continuous gas monitoring was intermittent during the confined-space prep. This was linked to a failure in communication or handover.,MEDIUM,Ventilation,Hazardous atmosphere,Communication/handover failed,Confined Space
1129,The isolation was tested and confirmed before the task during circuit repair.,LOW,Electrical Maintenance,Electric shock or arc flash,No barrier failure / control effective,Energy Isolation
1130,a worker flagged uneven flooring in the work area during routine housekeeping rounds.,MEDIUM,Housekeeping,Slip hazard,Corrective action not completed,
1131,a permit issuer opened the vessel before depressurization was verified while reviewing the work permit. It was noted that a lapse in permit control.,HIGH,Permit to Work,Pressure release,Permit control failed,Energy Isolation
1132,a safety officer checked that the extinguisher charge was valid before while inspecting the extinguishers.,LOW,Fire Safety,Fire or explosion,No barrier failure / control effective,Hot Work
1133,An observation from the safety patrol noted that a worker flagged uneven flooring in the work area in the common work area. This was linked to a previously identified corrective action was not closed out.,MEDIUM,Housekeeping,Slip hazard,Corrective action not completed,No clear Life-Saving Rule detected
1134,A permit review found that a safety officer worked in the area while the toxic-gas reading exceeded limits during the confined-space prep.,HIGH,Ventilation,Hazardous atmosphere,Gas testing absent,Confined Space
1135,A worker reported that a technician confirmed all tools were tethered before during material handling.,LOW,Material Handling,Falling object,No barrier failure / control effective,
1136,an operator worked on the elevated platform without any fall protection during the scaffolding work. This was linked to edge protection was missing.,HIGH,Work at Height,Fall from height,Edge protection absent,Working at Height
1137,"During the walk-down, a technician lifted the load above shoulder height repeatedly during the material transfer. It was noted that the manual handling control was inadequate.",MEDIUM,Manual Handling,Musculoskeletal Injury,Manual handling control inadequate,
1138,An observation from the safety patrol noted that a spotter confirmed the spotter was in position before reversing during the yard move.,LOW,Vehicle Movement,Vehicle-pedestrian collision,No barrier failure / control effective,Line of Fire
1139,an operator opened the chemical line without confirming isolation while transferring the chemical. The event traced back to inadequate ventilation.,HIGH,Chemical Handling,Chemical exposure,Ventilation inadequate,Toxic Gas
1140,an operator observed loose clothing near the rotating equipment while operating the press. This was linked to the required inspection was not completed.,MEDIUM,Machine Operation,Entanglement,Inspection not completed,Line of Fire
1141,The shift handover mentioned that the isolation was tested and confirmed before the task during electrical maintenance.,LOW,Electrical Maintenance,Electric shock or arc flash,No barrier failure / control effective,Energy Isolation
1142,"During the walk-down, an authorized worker removed the flange cover while the system was still pressurized while verifying the authorization. This was linked to the energy isolation was not applied.",HIGH,Permit to Work,Pressure release,Energy isolation failed,Energy Isolation
1143,a fitter observed the equipment starting without the safety interlock while the equipment was being worked on. The event traced back to the energy isolation control was degraded.,MEDIUM,Maintenance,Unexpected startup,Energy isolation control degraded,Energy Isolation
1144,An inspection noted that a worker confirmed the work was conducted safely while setting up the work area.,LOW,Worksite Control,None identified,No barrier failure / control effective,
1145,The shift handover mentioned that a worker confirmed that fall protection was inspected and in place before while working at height.,LOW,Work at Height,Fall from height,No barrier failure / control effective,Working at Height
1146,An observation from the safety patrol noted that a technician positioned a hand near the rotating shaft while operating the press.,HIGH,Machine Operation,Entanglement,Guarding failed,Line of Fire
1147,A worker reported that a worker repeated the lifting motion without rest breaks during manual handling.,MEDIUM,Manual Handling,Musculoskeletal Injury,Corrective action not completed,
1148,The shift handover mentioned that the inspection certificate was verified before use while working with the tool kit.,LOW,Hand Tools,Equipment failure,No barrier failure / control effective,
1149,An inspection noted that a ventilation technician flagged that the machine noise exceeded limits while testing the airflow. It was noted that inadequate ventilation.,MEDIUM,Ventilation,Noise exposure,Ventilation inadequate,
1150,An observation from the safety patrol noted that a technician used a lift assist for the heavy load while carrying the load.,LOW,Manual Handling,Musculoskeletal Injury,No barrier failure / control effective,
1151,"During the walk-down, a worker carried out hot work near the extinguisher without an extinguisher close by while inspecting the extinguishers. This was linked to combustible materials were not controlled.",HIGH,Fire Safety,Fire or explosion,Combustible control failed,Hot Work
1152,"During the walk-down, a worker started hot work while combustible material remained nearby during hot work. This was linked to a lapse in permit control.",HIGH,Hot Work,Fire or explosion,Permit control failed,Hot Work
1153,The shift handover mentioned that a process operator observed chemical vapors near the open container while monitoring the process line. The finding cited inadequate housekeeping controls.,MEDIUM,Process Operation,Chemical exposure,Housekeeping control inadequate,Toxic Gas
1154,PPE was issued and inspected before the task during the PPE inspection.,LOW,PPE,PPE deficiency,No barrier failure / control effective,
1155,The shift handover mentioned that a chemical technician transferred the chemical while the containment bund was damaged during the vessel clean-out. It was noted that a lapse in permit control.,HIGH,Chemical Maintenance,Chemical exposure,Permit control failed,Toxic Gas
1156,a responder found the rescue tripod stored but not assembled during emergency response. Follow-up identified no emergency rescue plan was in place.,MEDIUM,Emergency Response,Delayed rescue,Emergency/rescue plan absent,Confined Space
1157,A near miss occurred when the isolation was tested and confirmed before the task while the unit was down.,LOW,Equipment Maintenance,Electric shock or arc flash,No barrier failure / control effective,Energy Isolation
1158,"During the walk-down, an operator repeated the lifting motion without rest breaks while carrying the load. This was linked to a previously identified corrective action was not closed out.",MEDIUM,Manual Handling,Musculoskeletal Injury,Corrective action not completed,No clear Life-Saving Rule detected
1159,A permit review found that a rigger noticed the load swinging over the occupied area while the load was being moved. The event traced back to the pre-lift inspection was skipped.,HIGH,Lifting Operation,Dropped load,Lifting inspection failed,Lifting Operations
1160,A near miss occurred when a traffic marshal reported that the barrier operated as expected while setting up the work area.,LOW,Worksite Control,None identified,No barrier failure / control effective,
1161,A near miss occurred when the guarding interlock was verified before the run while operating the press.,LOW,Machine Operation,Entanglement,No barrier failure / control effective,Line of Fire
1162,an electrician bypassed the interlock to keep the circuit running during circuit repair. This was linked to a lapse in permit control.,HIGH,Electrical Maintenance,Electric shock or arc flash,Permit control failed,Energy Isolation
1163,The shift handover mentioned that a supervisor completed during the shift with all controls in place.,LOW,Worksite Control,None identified,No barrier failure / control effective,
1164,A supervisor observed that a safety officer noticed that the scaffold toe board was loose during safety verification. The observation was attributed to the fall protection control was degraded.,MEDIUM,Safety Verification,Fall from height,Fall protection control degraded,Working at Height
1165,A supervisor observed that the fall-arrest system was checked and found compliant while accessing the upper platform.,LOW,Work at Height,Fall from height,No barrier failure / control effective,Working at Height
1166,a crane operator stood below the suspended load while it was suspended during the critical lift. The observation was attributed to a failure to maintain the exclusion zone.,HIGH,Lifting Operation,Dropped load,Exclusion zone failed,Lifting Operations
1167,An observation from the safety patrol noted that a chemical handler performed the task without the required gloves while transferring the chemical. It was noted that degraded equipment condition.,MEDIUM,Chemical Handling,PPE deficiency,Equipment condition degraded,
1168,An observation from the safety patrol noted that noise levels were checked and controls verified during equipment operation.,LOW,Equipment Operation,Noise exposure,No barrier failure / control effective,
1169,"During the walk-down, a spotter walked into the path of the moving vehicle while the vehicle was reversing. The finding cited the stop-work control was not effective.",HIGH,Vehicle Movement,Vehicle-pedestrian collision,Stop-work control failed,Line of Fire
1170,a mechanic observed loose clothing near the rotating equipment while aligning the components. The observation was attributed to the required inspection was not completed.,MEDIUM,Mechanical Maintenance,Entanglement,Inspection not completed,Line of Fire
1171,A worker reported that a technician checked that the gas detector was calibrated before the entry during confined-space entry.,LOW,Confined Space Entry,Hazardous atmosphere,No barrier failure / control effective,Confined Space
1172,a rigger observed the crane load passing directly over personnel during the lifting operation. The observation was attributed to the pre-lift inspection was skipped.,HIGH,Lifting Operation,Dropped load,Lifting inspection failed,Lifting Operations
1173,an attendant noticed a tripping hazard from trailing cables during routine housekeeping rounds. Follow-up identified inadequate housekeeping controls.,MEDIUM,Housekeeping,Slip hazard,Housekeeping control inadequate,No clear Life-Saving Rule detected
1174,A supervisor observed that an attendant removed a minor obstruction from the walkway while clearing the workspace.,LOW,Housekeeping,Slip hazard,No barrier failure / control effective,
1175,a maintenance technician operated the drive assembly while maintenance was still in progress during equipment maintenance. The event traced back to the stop-work control was not effective.,HIGH,Equipment Maintenance,Unexpected startup,Stop-work control failed,Energy Isolation
1176,a ground worker flagged that the trench had no ladder access during excavation. The finding cited the utility verification was not completed.,MEDIUM,Excavation,Utility strike,Utility verification not completed,Ground Disturbance
1177,A near miss occurred when combustible materials were cleared from the hot work zone while performing hot work.,LOW,Hot Work,Fire or explosion,No barrier failure / control effective,Hot Work
1178,A permit review found that a process operator opened the chemical line without confirming isolation while monitoring the process line. This was linked to inadequate ventilation.,HIGH,Process Operation,Chemical exposure,Ventilation inadequate,Toxic Gas
1179,a technician flagged that continuous gas monitoring was intermittent during confined-space entry.,MEDIUM,Confined Space Entry,Hazardous atmosphere,Gas testing not completed,Confined Space
1180,A supervisor observed that a responder verified that spare PPE was available at the worksite during leak investigation.,LOW,Gas Leak Response,PPE deficiency,No barrier failure / control effective,
1181,"During the walk-down, a worker accessed the scaffold while the edge protection was missing during the scaffolding work. The observation was attributed to a failure of safe access controls.",HIGH,Work at Height,Fall from height,Safe access control failed,Working at Height
1182,A near miss occurred when a technician found the guard on the coupling was damaged while working on the drive. The event traced back to the guarding was degraded.,MEDIUM,Mechanical Maintenance,Entanglement,Guarding degraded,Line of Fire
1183,A near miss occurred when the isolation was tested and confirmed before the task while working on the panel.,LOW,Electrical Maintenance,Electric shock or arc flash,No barrier failure / control effective,Energy Isolation
1184,a technician disconnected the line while pressure remained in it while the process unit was running. The finding cited a lapse in permit control.,HIGH,Process Operation,Pressure release,Permit control failed,Energy Isolation
1185,a technician noticed that gas testing was performed with a non-calibrated detector while entering the chamber. The observation was attributed to a failure in communication or handover.,MEDIUM,Confined Space Entry,Hazardous atmosphere,Communication/handover failed,Confined Space
1186,a lifting supervisor checked that the tag line was rigged before lifting during the lifting operation.,LOW,Lifting Operation,Dropped load,No barrier failure / control effective,Lifting Operations
1187,an engineer observed the safety clutch fail during during the audit. The finding cited the required inspection was not completed.,HIGH,Inspection,Equipment failure,Inspection not completed,
1188,a rigger flagged that the sling angle exceeded the recommended limit while the crane was positioning the load. The event traced back to the lifting inspection was not completed.,MEDIUM,Lifting Operation,Dropped load,Lifting inspection not completed,Lifting Operations
1189,The shift handover mentioned that a worker confirmed the fire watch and extinguishers were in place before while inspecting the extinguishers.,LOW,Fire Safety,Fire or explosion,No barrier failure / control effective,Hot Work
1190,a technician lifted material without a toe board on the platform while stacking the pallets. The observation was attributed to inadequate tool control.,HIGH,Material Handling,Falling object,Tool control inadequate,
1191,A worker reported that a supervisor flagged that the trench had no ladder access during the excavation work. The observation was attributed to the utility verification was not completed.,MEDIUM,Excavation,Utility strike,Utility verification not completed,Ground Disturbance
1192,A permit review found that a cleaner removed a minor obstruction from the walkway in the common work area.,LOW,Housekeeping,Slip hazard,No barrier failure / control effective,
1193,A worker reported that a safety officer began welding while no fire watch was stationed while inspecting the extinguishers.,HIGH,Fire Safety,Fire or explosion,Combustible control failed,Hot Work
1194,a responder found the rescue tripod stored but not assembled during emergency response.,MEDIUM,Emergency Response,Delayed rescue,Emergency/rescue plan absent,Confined Space
1195,an operator verified the circuit was dead before starting work during the maintenance shutdown.,LOW,Equipment Maintenance,Electric shock or arc flash,No barrier failure / control effective,Energy Isolation
1196,A permit review found that a panel operator removed the flange cover while the system was still pressurized during process operation.,HIGH,Process Operation,Pressure release,Energy isolation failed,Energy Isolation
1197,a worker found combustible items stored too close to the hot work area during the fire safety walk.,MEDIUM,Fire Safety,Fire or explosion,Combustible control degraded,Hot Work
1198,The toe boards were verified on the platform during material handling.,LOW,Material Handling,Falling object,No barrier failure / control effective,
1199,"During the walk-down, a crane operator noticed the load swinging over the occupied area during the lifting operation. This was linked to a failure to maintain the exclusion zone.",HIGH,Lifting Operation,Dropped load,Exclusion zone failed,Lifting Operations
1200,an excavator operator found the excavation edge unsupported while digging the trench. The finding cited the utility verification was not completed.,MEDIUM,Excavation,Utility strike,Utility verification not completed,Ground Disturbance
1201,a confined-space attendant checked that the gas detector was calibrated before the entry while entering the chamber.,LOW,Confined Space Entry,Hazardous atmosphere,No barrier failure / control effective,Confined Space
1202,A supervisor observed that a safety officer performed the task without the required gloves while preparing for the task.,MEDIUM,PPE,PPE deficiency,Equipment condition degraded,
1203,"During the walk-down, a safety officer entered the incident area with no attendant present while managing the incident.",HIGH,Emergency Response,Delayed rescue,Emergency/rescue plan absent,Confined Space
1204,An observation from the safety patrol noted that a confined-space attendant confirmed the ventilation remained operational throughout during the tank entry.,LOW,Confined Space Entry,Hazardous atmosphere,No barrier failure / control effective,Confined Space
1205,a spotter drove through the pedestrian crossing without stopping while the vehicle was reversing. Follow-up identified the stop-work control was not effective.,HIGH,Vehicle Movement,Vehicle-pedestrian collision,Stop-work control failed,Line of Fire
1206,an inspector used the unit although the fall protection showed signs of damage during equipment inspection. Follow-up identified the fall protection control was degraded.,MEDIUM,Equipment Inspection,Fall from height,Fall protection control degraded,Working at Height
1207,The spill was cleaned up promptly after being reported while clearing the workspace.,LOW,Housekeeping,Slip hazard,No barrier failure / control effective,
1208,A supervisor observed that a worker operated the wrench which had no guarding while working with the tool kit. The finding cited a failure of the machine guarding.,HIGH,Hand Tools,Equipment failure,Guarding failed,
1209,A near miss occurred when an operator observed that the initial atmosphere check was recorded late while assessing the release. The finding cited the gas testing was not completed.,MEDIUM,Gas Leak Response,Hazardous atmosphere,Gas testing not completed,Toxic Gas
1210,A supervisor observed that an attendant verified the walkway was clear after the task while clearing the workspace.,LOW,Housekeeping,Slip hazard,No barrier failure / control effective,
1211,a technician started grinding beside an open chemical container during the grinding operation.,HIGH,Hot Work,Fire or explosion,Permit control failed,Hot Work
1212,a permit issuer found the pressure gauge reading was not recorded during permit issuance. It was noted that the required inspection was not completed.,MEDIUM,Permit to Work,Pressure release,Inspection not completed,Energy Isolation
1213,A permit review found that the inspection certificate was verified before use during the safety inspection.,LOW,Inspection,Equipment failure,No barrier failure / control effective,
1214,A worker reported that a technician started grinding beside an open chemical container during hot work. The finding cited combustible materials were not controlled.,HIGH,Hot Work,Fire or explosion,Combustible control failed,Hot Work
1215,a safety officer noted that the enclosure around the unit was incomplete during the confined-space prep. The finding cited inadequate ventilation.,MEDIUM,Ventilation,Noise exposure,Ventilation inadequate,
1216,A permit review found that a maintenance technician confirmed the lockout-tagout was complete before restarting during the repair job.,LOW,Maintenance,Unexpected startup,No barrier failure / control effective,Energy Isolation
1217,A permit review found that a worker flagged that the workbench was cluttered during the shift. It was noted that inadequate housekeeping controls.,MEDIUM,Worksite Control,Poor housekeeping condition,Housekeeping control inadequate,
1218,The shift handover mentioned that a confined-space attendant began work in the confined space without atmospheric verification during confined-space entry. This was linked to inadequate ventilation.,HIGH,Confined Space Entry,Hazardous atmosphere,Ventilation inadequate,Confined Space
1219,The shift handover mentioned that the guarding interlock was verified before the run during mechanical maintenance.,LOW,Mechanical Maintenance,Entanglement,No barrier failure / control effective,Line of Fire
1220,a ground worker started digging before the underground utilities were located while working in the trench.,HIGH,Excavation,Utility strike,Utility verification failed,Ground Disturbance
1221,a mechanic found the restart procedure was not followed while servicing the machine. This was linked to the energy isolation control was degraded.,MEDIUM,Equipment Maintenance,Unexpected startup,Energy isolation control degraded,Energy Isolation
1222,a technician used a lift assist for the heavy load while lifting the heavy component.,LOW,Manual Handling,Musculoskeletal Injury,No barrier failure / control effective,
1223,A permit review found that an electrical supervisor observed exposed conductors while the equipment was live while working on the panel. It was noted that the energy isolation was not applied.,HIGH,Electrical Maintenance,Electric shock or arc flash,Energy isolation failed,Energy Isolation
1224,an operator noted the secondary containment was partly occupied during chemical handling. The event traced back to inadequate housekeeping controls.,MEDIUM,Chemical Handling,Chemical exposure,Housekeeping control inadequate,Toxic Gas
1225,A worker reported that a warehouse attendant verified that waste was segregated properly while stacking the materials.,LOW,Storage,Poor housekeeping condition,No barrier failure / control effective,
1226,a technician repeated the lifting motion without rest breaks while carrying the load. This was linked to a previously identified corrective action was not closed out.,MEDIUM,Manual Handling,Musculoskeletal Injury,Corrective action not completed,No clear Life-Saving Rule detected
1227,a mechanic reached into the drive while the guard was removed during the mechanical repair. This was linked to the energy isolation was not applied.,HIGH,Mechanical Maintenance,Entanglement,Energy isolation failed,Line of Fire
1228,The shift handover mentioned that a fitter confirmed the guard was in place before start-up during mechanical maintenance.,LOW,Mechanical Maintenance,Entanglement,No barrier failure / control effective,Line of Fire
1229,a fire warden carried out hot work near the assembly point without an extinguisher close by during the fire safety walk. The observation was attributed to no fire watch was present.,HIGH,Fire Safety,Fire or explosion,Fire watch absent,Hot Work
1230,An inspection noted that a welder observed residual flammable vapors near the work zone during hot work. Follow-up identified the required inspection was not completed.,MEDIUM,Hot Work,Fire or explosion,Inspection not completed,Hot Work
1231,a warehouse attendant verified that waste was segregated properly during storage activity.,LOW,Storage,Poor housekeeping condition,No barrier failure / control effective,
1232,A worker reported that a driver drove through the pedestrian crossing without stopping during the yard move. This was linked to the stop-work control was not effective.,HIGH,Vehicle Movement,Vehicle-pedestrian collision,Stop-work control failed,Line of Fire
1233,an electrician flagged that the residual charge was not discharged while servicing the switchgear. Follow-up identified the energy isolation control was degraded.,MEDIUM,Electrical Maintenance,Electric shock or arc flash,Energy isolation control degraded,Energy Isolation
1234,The shift handover mentioned that a first responder confirmed the attendant and rescue equipment were ready during emergency response.,LOW,Emergency Response,Delayed rescue,No barrier failure / control effective,Confined Space
1235,A near miss occurred when an entrant was inside the space while the retrieval system was not rigged during the tank entry. The observation was attributed to no emergency rescue plan was in place.,HIGH,Confined Space Entry,Delayed rescue,Emergency/rescue plan absent,Confined Space
1236,A worker reported that a confined-space attendant observed that the initial atmosphere check was recorded late during confined-space entry. It was noted that a failure in communication or handover.,MEDIUM,Confined Space Entry,Hazardous atmosphere,Communication/handover failed,Confined Space
1237,A worker reported that eye wash and PPE were verified before chemical handling during chemical maintenance.,LOW,Chemical Maintenance,Chemical exposure,No barrier failure / control effective,Toxic Gas
1238,a supervisor continued the excavation while the utility drawings were missing during the excavation work.,HIGH,Excavation,Utility strike,Excavation support failed,Ground Disturbance
1239,A supervisor observed that a spotter found the traffic segregation barrier displaced while the truck was moving. This was linked to the traffic segregation control was degraded.,MEDIUM,Vehicle Movement,Vehicle-pedestrian collision,Traffic segregation control degraded,Line of Fire
1240,a worker confirmed the lockout-tagout was complete before restarting during the maintenance shutdown.,LOW,Maintenance,Unexpected startup,No barrier failure / control effective,Energy Isolation
1241,An observation from the safety patrol noted that a maintenance technician observed the machine cycle unexpectedly during the repair while the equipment was being worked on.,HIGH,Maintenance,Unexpected startup,Energy isolation failed,Energy Isolation
1242,"During the walk-down, a worker was not wearing the respirator in the dusty area during the shift. The event traced back to degraded equipment condition.",MEDIUM,PPE,PPE deficiency,Equipment condition degraded,No clear Life-Saving Rule detected
1243,a technician checked that the extinguisher charge was valid before during hot work.,LOW,Hot Work,Fire or explosion,No barrier failure / control effective,Hot Work
1244,a mechanic operated the equipment while maintenance was still in progress during equipment maintenance. The event traced back to the energy isolation was not applied.,HIGH,Equipment Maintenance,Unexpected startup,Energy isolation failed,Energy Isolation
1245,A supervisor observed that a technician observed loose clothing near the rotating equipment during the mechanical repair.,MEDIUM,Mechanical Maintenance,Entanglement,Guarding degraded,Line of Fire
1246,a driver verified the reversing alarm was working before the move while the vehicle was reversing.,LOW,Vehicle Movement,Vehicle-pedestrian collision,No barrier failure / control effective,Line of Fire
1247,An observation from the safety patrol noted that an authorized worker removed the flange cover while the system was still pressurized during permit issuance. This was linked to the energy isolation was not applied.,HIGH,Permit to Work,Pressure release,Energy isolation failed,Energy Isolation
1248,a worker flagged that the emergency stop was not tested while the equipment was being worked on. The observation was attributed to the energy isolation control was degraded.,MEDIUM,Maintenance,Unexpected startup,Energy isolation control degraded,Energy Isolation
1249,A permit review found that pPE was issued and inspected before the task while moving the containers.,LOW,Chemical Handling,PPE deficiency,No barrier failure / control effective,
1250,a worker guided the suspended load by hand from within its path during the lifting operation. It was noted that a failure to maintain the exclusion zone.,HIGH,Lifting Operation,Dropped load,Exclusion zone failed,Lifting Operations
1251,an operator worked near the unit without hearing protection during equipment operation. Follow-up identified inadequate ventilation.,MEDIUM,Equipment Operation,Noise exposure,Ventilation inadequate,No clear Life-Saving Rule detected
1252,A supervisor observed that an electrical supervisor confirmed the voltage test was completed before the repair during electrical maintenance.,LOW,Electrical Maintenance,Electric shock or arc flash,No barrier failure / control effective,Energy Isolation
1253,a technician climbed the unit without attaching the safety harness while inspecting the unit. It was noted that a failure of safe access controls.,HIGH,Equipment Inspection,Fall from height,Safe access control failed,Working at Height
1254,a mechanic flagged that the emergency stop was not tested during the maintenance shutdown.,MEDIUM,Equipment Maintenance,Unexpected startup,Energy isolation control degraded,Energy Isolation
1255,A near miss occurred when the fall-arrest system was checked and found compliant while accessing the upper platform.,LOW,Work at Height,Fall from height,No barrier failure / control effective,Working at Height
1256,"During the walk-down, a responder entered the assembly point with no attendant present while responding to the event. This was linked to no emergency rescue plan was in place.",HIGH,Emergency Response,Delayed rescue,Emergency/rescue plan absent,Confined Space
1257,A supervisor observed that an electrical supervisor observed a damaged cable on the energized line during electrical maintenance. The event traced back to the energy isolation control was degraded.,MEDIUM,Electrical Maintenance,Electric shock or arc flash,Energy isolation control degraded,Energy Isolation
1258,An observation from the safety patrol noted that a chemical handler confirmed the chemical was stored in the correct container while moving the containers.,LOW,Chemical Handling,Chemical exposure,No barrier failure / control effective,Toxic Gas
1259,a fitter cleared a blockage while the conveyor was still running during the mechanical repair. The observation was attributed to a failure of the machine guarding.,HIGH,Mechanical Maintenance,Entanglement,Guarding failed,Line of Fire
1260,a worker flagged that the pedestrian route crossed the vehicle path during the yard move.,MEDIUM,Vehicle Movement,Vehicle-pedestrian collision,Traffic segregation control degraded,Line of Fire
1261,a safety officer confirmed the fire watch and extinguishers were in place before while inspecting the extinguishers.,LOW,Fire Safety,Fire or explosion,No barrier failure / control effective,Hot Work
1262,a technician carried the load alone without assistance during the material transfer. It was noted that a previously identified corrective action was not closed out.,MEDIUM,Manual Handling,Musculoskeletal Injury,Corrective action not completed,
1263,a lifting supervisor stood below the lifting gear while it was suspended while the load was being moved. It was noted that a failure to maintain the exclusion zone.,HIGH,Lifting Operation,Dropped load,Exclusion zone failed,Lifting Operations
1264,A worker reported that a fitter confirmed the lockout-tagout was complete before restarting while the equipment was being worked on.,LOW,Maintenance,Unexpected startup,No barrier failure / control effective,Energy Isolation
1265,an operator worked near the motor without hearing protection while running the equipment. Follow-up identified a PPE compliance issue.,MEDIUM,Equipment Operation,Noise exposure,PPE compliance issue,
1266,A near miss occurred when a lifting supervisor stood below the suspended load while it was suspended during the lifting operation. It was noted that a failure to maintain the exclusion zone.,HIGH,Lifting Operation,Dropped load,Exclusion zone failed,Lifting Operations
1267,The shift handover mentioned that a technician confirmed hearing protection was used near the noisy equipment while operating the unit.,LOW,Equipment Operation,Noise exposure,No barrier failure / control effective,
1268,An inspection noted that an operator opened the chemical line without confirming isolation while transferring the chemical. The finding cited a lapse in permit control.,HIGH,Chemical Handling,Chemical exposure,Permit control failed,Toxic Gas
1269,An observation from the safety patrol noted that a spotter found the traffic segregation barrier displaced during vehicle movement. The finding cited the traffic segregation control was degraded.,MEDIUM,Vehicle Movement,Vehicle-pedestrian collision,Traffic segregation control degraded,Line of Fire
1270,A worker reported that a worker used the approved anchor point when working while working at height.,LOW,Work at Height,Fall from height,No barrier failure / control effective,Working at Height
1271,a worker accessed the scaffold while the edge protection was missing while working at height. Follow-up identified fall protection was not in place.,HIGH,Work at Height,Fall from height,Fall protection absent,Working at Height
1272,a supervisor observed the load swaying while the tag line was not used during the field verification. The finding cited the exclusion zone control was degraded.,MEDIUM,Safety Verification,Dropped load,Exclusion zone control degraded,Line of Fire
1273,A permit review found that a worker confirmed the lockout-tagout was complete before restarting during the maintenance shutdown.,LOW,Maintenance,Unexpected startup,No barrier failure / control effective,Energy Isolation
1274,A worker reported that an operator operated the motor while maintenance was still in progress while the unit was down. It was noted that the stop-work control was not effective.,HIGH,Equipment Maintenance,Unexpected startup,Stop-work control failed,Energy Isolation
1275,an operator carried the load alone without assistance during the material transfer. This was linked to a previously identified corrective action was not closed out.,MEDIUM,Manual Handling,Musculoskeletal Injury,Corrective action not completed,
1276,An observation from the safety patrol noted that a technician verified the permit conditions covered the hot work while welding.,LOW,Hot Work,Fire or explosion,No barrier failure / control effective,Hot Work
1277,an operator observed the drum leaking while it was being moved while moving the containers. It was noted that inadequate ventilation.,HIGH,Chemical Handling,Chemical exposure,Ventilation inadequate,Toxic Gas
1278,An inspection noted that a permit issuer observed a minor steam leak from the connection while verifying the authorization. Follow-up identified the required inspection was not completed.,MEDIUM,Permit to Work,Pressure release,Inspection not completed,Energy Isolation
1279,an operator verified the atmospheric readings were within safe limits before while assessing the release.,LOW,Gas Leak Response,Hazardous atmosphere,No barrier failure / control effective,Toxic Gas
1280,A near miss occurred when a worker started hot work while combustible material remained nearby during the grinding operation. The finding cited a lapse in permit control.,HIGH,Hot Work,Fire or explosion,Permit control failed,Hot Work
1281,a technician found the gas detector battery low before the task while entering the chamber. The observation was attributed to a failure in communication or handover.,MEDIUM,Confined Space Entry,Hazardous atmosphere,Communication/handover failed,Confined Space
1282,A worker reported that a maintenance technician confirmed the equipment passed the pre-start check while the unit was down.,LOW,Equipment Maintenance,Equipment failure,No barrier failure / control effective,Energy Isolation
1283,a lifting supervisor observed the crane load passing directly over personnel while the crane was positioning the load. Follow-up identified a failure to maintain the exclusion zone.,HIGH,Lifting Operation,Dropped load,Exclusion zone failed,Lifting Operations
1284,A permit review found that an operator noted that the enclosure around the unit was incomplete during equipment operation. The finding cited a PPE compliance issue.,MEDIUM,Equipment Operation,Noise exposure,PPE compliance issue,
1285,The spill was cleaned up promptly after being reported during routine housekeeping rounds.,LOW,Housekeeping,Slip hazard,No barrier failure / control effective,
1286,"During the walk-down, a lifting supervisor used rigging on the suspended load that showed signs of wear before the lift while the load was being moved. It was noted that a failure to maintain the exclusion zone.",HIGH,Lifting Operation,Dropped load,Exclusion zone failed,Lifting Operations
1287,A supervisor observed that a cleaner flagged uneven flooring in the work area while clearing the workspace. Follow-up identified inadequate housekeeping controls.,MEDIUM,Housekeeping,Slip hazard,Housekeeping control inadequate,
1288,A near miss occurred when housekeeping standards were maintained during storage activity.,LOW,Storage,Poor housekeeping condition,No barrier failure / control effective,
1289,an attendant flagged uneven flooring in the work area while clearing the workspace. The finding cited inadequate housekeeping controls.,MEDIUM,Housekeeping,Slip hazard,Housekeeping control inadequate,
1290,A permit review found that a permit issuer observed the relief valve fail during the pressure test during permit issuance. The observation was attributed to a lapse in permit control.,HIGH,Permit to Work,Pressure release,Permit control failed,Energy Isolation
1291,A near miss occurred when a chemical technician checked that the containment was intact before the transfer during the vessel clean-out.,LOW,Chemical Maintenance,Chemical exposure,No barrier failure / control effective,Toxic Gas
1292,An observation from the safety patrol noted that a technician disconnected the line while pressure remained in it during the shift. This was linked to a lapse in permit control.,HIGH,Process Operation,Pressure release,Permit control failed,Energy Isolation
1293,an operator used the access ladder although the fall protection showed signs of damage while accessing the upper platform. The finding cited the required inspection was not completed.,MEDIUM,Work at Height,Fall from height,Inspection not completed,Working at Height
1294,A near miss occurred when the team performed a two-person lift following procedure while lifting the heavy component.,LOW,Manual Handling,Musculoskeletal Injury,No barrier failure / control effective,
1295,a maintenance technician bypassed the interlock to keep the circuit running during the maintenance shutdown. The observation was attributed to the energy isolation was not applied.,HIGH,Equipment Maintenance,Electric shock or arc flash,Energy isolation failed,Energy Isolation
1296,a fitter observed loose clothing near the rotating equipment while working on the drive. The observation was attributed to the required inspection was not completed.,MEDIUM,Mechanical Maintenance,Entanglement,Inspection not completed,Line of Fire
1297,a worker checked the energy-isolation register before the start while the equipment was being worked on.,LOW,Maintenance,Unexpected startup,No barrier failure / control effective,Energy Isolation
1298,a worker entered the space despite the gas monitor alarm remaining active during confined-space entry. Follow-up identified gas testing had not been performed before the task.,HIGH,Confined Space Entry,Hazardous atmosphere,Gas testing absent,Confined Space
1299,A permit review found that a storekeeper observed stacked material leaning in the storage area while stacking the materials. It was noted that inadequate housekeeping controls.,MEDIUM,Storage,Poor housekeeping condition,Housekeeping control inadequate,No clear Life-Saving Rule detected
1300,A worker reported that the equipment was verified as isolated before during the maintenance shutdown.,LOW,Maintenance,Unexpected startup,No barrier failure / control effective,Energy Isolation
1301,The shift handover mentioned that a ground worker continued the excavation while the utility drawings were missing while digging the trench. Follow-up identified the excavation was not properly supported.,HIGH,Excavation,Utility strike,Excavation support failed,Ground Disturbance
1302,a mechanic observed loose clothing near the rotating equipment during mechanical maintenance. The finding cited the required inspection was not completed.,MEDIUM,Mechanical Maintenance,Entanglement,Inspection not completed,Line of Fire
1303,a cleaner verified the walkway was clear after the task while clearing the workspace.,LOW,Housekeeping,Slip hazard,No barrier failure / control effective,
1304,"During the walk-down, a worker reported a slippery surface near the aisles in the common work area.",MEDIUM,Housekeeping,Slip hazard,Housekeeping control inadequate,No clear Life-Saving Rule detected
1305,a material handler observed items overhanging the edge of the overhead shelf while moving the materials.,HIGH,Material Handling,Falling object,Tool control inadequate,
1306,A worker reported that the spill was cleaned up promptly after being reported while clearing the workspace.,LOW,Housekeeping,Slip hazard,No barrier failure / control effective,
1307,an entrant worked in the area while the toxic-gas reading exceeded limits while entering the vessel.,HIGH,Confined Space Entry,Hazardous atmosphere,Permit control failed,Confined Space
1308,a fitter flagged that the emergency stop was not tested during the maintenance shutdown.,MEDIUM,Maintenance,Unexpected startup,Energy isolation control degraded,Energy Isolation
1309,a worker used a lift assist for the heavy load during the material transfer.,LOW,Manual Handling,Musculoskeletal Injury,No barrier failure / control effective,
1310,a worker guided the suspended load by hand from within its path while the crane was positioning the load. The event traced back to a failure to maintain the exclusion zone.,HIGH,Lifting Operation,Dropped load,Exclusion zone failed,Lifting Operations
1311,An observation from the safety patrol noted that a ground worker found the excavation edge unsupported while working in the trench. The event traced back to the utility verification was not completed.,MEDIUM,Excavation,Utility strike,Utility verification not completed,Ground Disturbance
1312,a first responder confirmed the attendant and rescue equipment were ready while managing the incident.,LOW,Emergency Response,Delayed rescue,No barrier failure / control effective,Confined Space
1313,"During the walk-down, a worker reported a slippery surface near the cleaning area during the shift cleanup. The event traced back to inadequate housekeeping controls.",MEDIUM,Housekeeping,Slip hazard,Housekeeping control inadequate,
1314,A permit review found that the spill was cleaned up promptly after being reported during the shift cleanup.,LOW,Housekeeping,Slip hazard,No barrier failure / control effective,
1315,a technician worked close to the moving parts without guarding while the machine was running.,HIGH,Machine Operation,Entanglement,Energy isolation failed,Line of Fire
1316,A worker reported that a confined-space attendant entered the confined space before gas testing was carried out during confined-space entry. The finding cited gas testing had not been performed before the task.,HIGH,Confined Space Entry,Hazardous atmosphere,Gas testing absent,Confined Space
1317,An inspection noted that a ground worker flagged that the trench had no ladder access while digging the trench. The observation was attributed to the utility verification was not completed.,MEDIUM,Excavation,Utility strike,Utility verification not completed,Ground Disturbance
1318,a technician verified the edge protection was intact during while accessing the upper platform.,LOW,Work at Height,Fall from height,No barrier failure / control effective,Working at Height
1319,The shift handover mentioned that an engineer operated the equipment which had no guarding while inspecting the equipment. The finding cited a failure of the machine guarding.,HIGH,Inspection,Equipment failure,Guarding failed,
1320,a material handler flagged that the overhead rack was overloaded during the transfer.,MEDIUM,Material Handling,Falling object,Housekeeping control inadequate,
1321,A permit review found that a technician used a lift assist for the heavy load during the material transfer.,LOW,Manual Handling,Musculoskeletal Injury,No barrier failure / control effective,
1322,A near miss occurred when a chemical handler opened the chemical line without confirming isolation while transferring the chemical. The observation was attributed to a lapse in permit control.,HIGH,Chemical Handling,Chemical exposure,Permit control failed,Toxic Gas
1323,"During the walk-down, a fitter observed the equipment starting without the safety interlock during maintenance. It was noted that the energy isolation control was degraded.",MEDIUM,Maintenance,Unexpected startup,Energy isolation control degraded,Energy Isolation
1324,An observation from the safety patrol noted that a material handler confirmed all tools were tethered before while stacking the pallets.,LOW,Material Handling,Falling object,No barrier failure / control effective,
1325,a panel operator observed the drum leaking while it was being moved during process operation. Follow-up identified a lapse in permit control.,HIGH,Process Operation,Chemical exposure,Permit control failed,Toxic Gas
1326,A near miss occurred when an electrical supervisor noted the arc-flash boundary was not marked during electrical maintenance. The finding cited the required inspection was not completed.,MEDIUM,Electrical Maintenance,Electric shock or arc flash,Inspection not completed,Energy Isolation
1327,The excavation permit and utility survey were reviewed during the shift.,LOW,Worksite Control,Utility strike,No barrier failure / control effective,Ground Disturbance
1328,An observation from the safety patrol noted that an excavator operator observed the excavator bucket contact an unidentified service line during the excavation work. The event traced back to a lapse in permit control.,HIGH,Excavation,Utility strike,Permit control failed,Ground Disturbance
1329,"During the walk-down, a lifting supervisor found that the load weight was not confirmed before the lift during the lifting operation.",MEDIUM,Lifting Operation,Dropped load,Exclusion zone control degraded,Lifting Operations
1330,A worker reported that a worker confirmed that fall protection was inspected and in place before while working at height.,LOW,Work at Height,Fall from height,No barrier failure / control effective,Working at Height
1331,an operator observed the safety clutch fail during while the machine was running. Follow-up identified a failure of the machine guarding.,HIGH,Machine Operation,Equipment failure,Guarding failed,Energy Isolation
1332,a technician flagged that the interlock had been defeated during machine operation. Follow-up identified the required inspection was not completed.,MEDIUM,Machine Operation,Entanglement,Inspection not completed,Line of Fire
1333,An observation from the safety patrol noted that an operator verified that mechanical handling aids were available during manual handling.,LOW,Manual Handling,Musculoskeletal Injury,No barrier failure / control effective,
1334,an attendant flagged uneven flooring in the work area during the shift cleanup. Follow-up identified a previously identified corrective action was not closed out.,MEDIUM,Housekeeping,Slip hazard,Corrective action not completed,No clear Life-Saving Rule detected
1335,a first responder entered the assembly point with no attendant present while responding to the event. The event traced back to no emergency rescue plan was in place.,HIGH,Emergency Response,Delayed rescue,Emergency/rescue plan absent,Confined Space
1336,A permit review found that a spotter verified the reversing alarm was working before the move while the vehicle was reversing.,LOW,Vehicle Movement,Vehicle-pedestrian collision,No barrier failure / control effective,Line of Fire
1337,A worker reported that a scaffolder moved along the edge of the platform with no fall-arrest system in use during the scaffolding work.,HIGH,Work at Height,Fall from height,Fall protection absent,Working at Height
1338,"During the walk-down, a worker noted the secondary containment was partly occupied while maintaining the reactor.",MEDIUM,Chemical Maintenance,Chemical exposure,PPE compliance issue,Toxic Gas
1339,A worker reported that the equipment was verified as isolated before while the equipment was being worked on.,LOW,Maintenance,Unexpected startup,No barrier failure / control effective,Energy Isolation
1340,An observation from the safety patrol noted that a driver drove through the pedestrian crossing without stopping during the yard move. Follow-up identified the traffic segregation controls had broken down.,HIGH,Vehicle Movement,Vehicle-pedestrian collision,Traffic segregation failed,Line of Fire
1341,an electrical supervisor found that the isolation lock was not applied before the task while servicing the switchgear. The event traced back to the energy isolation control was degraded.,MEDIUM,Electrical Maintenance,Electric shock or arc flash,Energy isolation control degraded,Energy Isolation
1342,a mechanic confirmed the voltage test was completed before the repair during the maintenance shutdown.,LOW,Equipment Maintenance,Electric shock or arc flash,No barrier failure / control effective,Energy Isolation
1343,A worker reported that a technician entered the space despite the gas monitor alarm remaining active during confined-space entry.,HIGH,Confined Space Entry,Hazardous atmosphere,Gas testing absent,Confined Space
1344,a warehouse worker found the chemical container unlabeled during chemical handling. The observation was attributed to inadequate housekeeping controls.,MEDIUM,Chemical Handling,Chemical exposure,Housekeeping control inadequate,Toxic Gas
1345,A worker reported that a safety officer confirmed the attendant and rescue equipment were ready while inspecting the extinguishers.,LOW,Fire Safety,Delayed rescue,No barrier failure / control effective,
1346,An observation from the safety patrol noted that an electrician performed repair work on the circuit without a voltage check while servicing the switchgear. The observation was attributed to the energy isolation was not applied.,HIGH,Electrical Maintenance,Electric shock or arc flash,Energy isolation failed,Energy Isolation
1347,A near miss occurred when a crane operator noted the barricade around the lift area was incomplete during the lifting operation. It was noted that the lifting inspection was not completed.,MEDIUM,Lifting Operation,Dropped load,Lifting inspection not completed,Lifting Operations
1348,A near miss occurred when a worker verified the rigging was inspected for the lift during the lifting operation.,LOW,Lifting Operation,Dropped load,No barrier failure / control effective,Lifting Operations
1349,an excavator operator continued the excavation while the utility drawings were missing during excavation. Follow-up identified underground utility verification was not completed.,HIGH,Excavation,Utility strike,Utility verification failed,Ground Disturbance
1350,a technician observed that the initial atmosphere check was recorded late during the tank entry. Follow-up identified the gas testing was not completed.,MEDIUM,Confined Space Entry,Hazardous atmosphere,Gas testing not completed,Confined Space
1351,The team performed a two-person lift following procedure while carrying the load.,LOW,Manual Handling,Musculoskeletal Injury,No barrier failure / control effective,
1352,A near miss occurred when a rigger noticed the load swinging over the occupied area while the crane was positioning the load. The observation was attributed to a failure to maintain the exclusion zone.,HIGH,Lifting Operation,Dropped load,Exclusion zone failed,Lifting Operations
1353,A supervisor observed that a storekeeper noted that the scrap bin was overflowing near the work area in the storage area. Follow-up identified inadequate housekeeping controls.,MEDIUM,Storage,Poor housekeeping condition,Housekeeping control inadequate,
1354,An observation from the safety patrol noted that the excavation permit and utility survey were reviewed while working in the trench.,LOW,Excavation,Utility strike,No barrier failure / control effective,Ground Disturbance
1355,a technician entered the machine danger zone without isolation during the mechanical repair.,HIGH,Mechanical Maintenance,Entanglement,Energy isolation failed,Line of Fire
1356,The shift handover mentioned that a worker noticed that the scaffold toe board was loose during the scaffolding work. This was linked to the fall protection control was degraded.,MEDIUM,Work at Height,Fall from height,Fall protection control degraded,Working at Height
1357,An observation from the safety patrol noted that the depressurization was confirmed before the work while verifying the authorization.,LOW,Permit to Work,Pressure release,No barrier failure / control effective,Energy Isolation
1358,a storekeeper found waste material blocking the aisle during storage activity.,MEDIUM,Storage,Poor housekeeping condition,Housekeeping control inadequate,
1359,A near miss occurred when a technician worked on the live panel without isolating the supply while working on the panel. The event traced back to the energy isolation was not applied.,HIGH,Electrical Maintenance,Electric shock or arc flash,Energy isolation failed,Energy Isolation
1360,The guarding interlock was verified before the run while operating the press.,LOW,Machine Operation,Entanglement,No barrier failure / control effective,Line of Fire
1361,A near miss occurred when a spotter operated the excavator while a worker was inside the swing radius during vehicle movement. The finding cited the stop-work control was not effective.,HIGH,Vehicle Movement,Vehicle-pedestrian collision,Stop-work control failed,Line of Fire
1362,a worker worked on the platform where the harness anchor was not certified during elevated maintenance. It was noted that the required inspection was not completed.,MEDIUM,Work at Height,Fall from height,Inspection not completed,Working at Height
1363,a fitter checked the energy-isolation register before the start during the repair job.,LOW,Maintenance,Unexpected startup,No barrier failure / control effective,Energy Isolation
1364,A supervisor observed that a welder started grinding beside an open chemical container while welding. The event traced back to combustible materials were not controlled.,HIGH,Hot Work,Fire or explosion,Combustible control failed,Hot Work
1365,a supervisor found the excavation edge unsupported while working in the trench.,MEDIUM,Excavation,Utility strike,Inspection not completed,Ground Disturbance
1366,An inspection noted that combustible materials were cleared from the hot work zone during the grinding operation.,LOW,Hot Work,Fire or explosion,No barrier failure / control effective,Hot Work
1367,a lifting supervisor noticed the load swinging over the occupied area during the lifting operation. This was linked to the pre-lift inspection was skipped.,HIGH,Lifting Operation,Dropped load,Lifting inspection failed,Lifting Operations
1368,a fitter observed the equipment starting without the safety interlock during the maintenance shutdown. It was noted that the energy isolation control was degraded.,MEDIUM,Maintenance,Unexpected startup,Energy isolation control degraded,Energy Isolation
1369,An inspection noted that a worker verified that waste was segregated properly during the warehouse operation.,LOW,Storage,Poor housekeeping condition,No barrier failure / control effective,
1370,"During the walk-down, a worker noticed a tripping hazard from trailing cables during routine housekeeping rounds.",MEDIUM,Housekeeping,Slip hazard,Housekeeping control inadequate,
1371,a maintenance technician observed the machine cycle unexpectedly during the repair while the equipment was being worked on.,HIGH,Maintenance,Unexpected startup,Stop-work control failed,Energy Isolation
1372,A near miss occurred when a scaffolder confirmed that fall protection was inspected and in place before while working at height.,LOW,Work at Height,Fall from height,No barrier failure / control effective,Working at Height
1373,a worker operated the excavator while a worker was inside the swing radius while the vehicle was reversing. The observation was attributed to the stop-work control was not effective.,HIGH,Vehicle Movement,Vehicle-pedestrian collision,Stop-work control failed,Line of Fire
1374,The shift handover mentioned that a technician lifted the load above shoulder height repeatedly while carrying the load.,MEDIUM,Manual Handling,Musculoskeletal Injury,Manual handling control inadequate,
1375,a safety officer confirmed the equipment passed the pre-start check during the inspection.,LOW,Inspection,Equipment failure,No barrier failure / control effective,
1376,A supervisor observed that a rigger stood below the lifting gear while it was suspended during the critical lift. Follow-up identified a failure to maintain the exclusion zone.,HIGH,Lifting Operation,Dropped load,Exclusion zone failed,Lifting Operations
1377,a process operator observed a minor steam leak from the connection during process operation. The event traced back to the energy isolation control was degraded.,MEDIUM,Process Operation,Pressure release,Energy isolation control degraded,Energy Isolation
1378,"During the walk-down, a fire warden verified the permit conditions covered the hot work during the fire safety walk.",LOW,Fire Safety,Fire or explosion,No barrier failure / control effective,Hot Work
1379,a safety officer ran the equipment although the brake was reportedly faulty during the check.,HIGH,Equipment Inspection,Equipment failure,Guarding failed,
1380,An inspection noted that a safety officer flagged that the sling angle exceeded the recommended limit during safety verification.,MEDIUM,Safety Verification,Dropped load,Lifting inspection not completed,Line of Fire
1381,A near miss occurred when gas testing was completed and the space was declared safe during ventilation verification.,LOW,Ventilation,Hazardous atmosphere,No barrier failure / control effective,Confined Space
1382,a material handler observed items overhanging the edge of the overhead shelf during the transfer. The event traced back to a failure to maintain the exclusion zone.,HIGH,Material Handling,Falling object,Exclusion zone failed,
1383,an electrical supervisor flagged that the residual charge was not discharged while servicing the switchgear. This was linked to the energy isolation control was degraded.,MEDIUM,Electrical Maintenance,Electric shock or arc flash,Energy isolation control degraded,Energy Isolation
1384,an equipment operator confirmed hearing protection was used near the noisy equipment while operating the unit.,LOW,Equipment Operation,Noise exposure,No barrier failure / control effective,
1385,A supervisor observed that a supervisor flagged that the workbench was cluttered during the shift. The finding cited inadequate housekeeping controls.,MEDIUM,Worksite Control,Poor housekeeping condition,Housekeeping control inadequate,
1386,An inspection noted that a chemical handler verified that spare PPE was available at the worksite during drum handling.,LOW,Chemical Handling,PPE deficiency,No barrier failure / control effective,
1387,a craftsman worked below the platform while material was being handled above during hand-tool work. It was noted that inadequate tool control.,HIGH,Hand Tools,Falling object,Tool control inadequate,
1388,An observation from the safety patrol noted that an auditor verified the required checks were completed before during the control check.,LOW,Safety Verification,None identified,No barrier failure / control effective,
1389,A permit review found that an excavator operator struck the buried cable while excavating while digging the trench. Follow-up identified the excavation was not properly supported.,HIGH,Excavation,Utility strike,Excavation support failed,Ground Disturbance
1390,A supervisor observed that a maintenance technician noted that the lockout was incomplete before the start test while servicing the machine. Follow-up identified the energy isolation control was degraded.,MEDIUM,Equipment Maintenance,Unexpected startup,Energy isolation control degraded,Energy Isolation
1391,An observation from the safety patrol noted that the depressurization was confirmed before the work during chemical maintenance.,LOW,Chemical Maintenance,Pressure release,No barrier failure / control effective,Energy Isolation
1392,a worker guided the suspended load by hand from within its path while the load was being moved. The finding cited the pre-lift inspection was skipped.,HIGH,Lifting Operation,Dropped load,Lifting inspection failed,Lifting Operations
1393,a worker noticed that gas testing was performed with a non-calibrated detector while entering the chamber. Follow-up identified the gas testing was not completed.,MEDIUM,Confined Space Entry,Hazardous atmosphere,Gas testing not completed,Confined Space
1394,a material handler confirmed all tools were tethered before during material handling.,LOW,Material Handling,Falling object,No barrier failure / control effective,
1395,a safety officer reached the upper level while the guard rail on the scaffold had been removed while inspecting the equipment.,HIGH,Inspection,Fall from height,Edge protection absent,Working at Height
1396,A near miss occurred when a cleaner reported a slippery surface near the common area in the common work area. The observation was attributed to inadequate housekeeping controls.,MEDIUM,Housekeeping,Slip hazard,Housekeeping control inadequate,No clear Life-Saving Rule detected
1397,an engineer confirmed the equipment passed the pre-start check while inspecting the equipment.,LOW,Inspection,Equipment failure,No barrier failure / control effective,
1398,"During the walk-down, a technician bypassed the interlock to keep the circuit running while servicing the switchgear. This was linked to a lapse in permit control.",HIGH,Electrical Maintenance,Electric shock or arc flash,Permit control failed,Energy Isolation
1399,A supervisor observed that a welder found combustible items stored too close to the hot work area while performing hot work. Follow-up identified the required inspection was not completed.,MEDIUM,Hot Work,Fire or explosion,Inspection not completed,Hot Work
1400,Vehicle and pedestrian routes were segregated during the yard move.,LOW,Vehicle Movement,Vehicle-pedestrian collision,No barrier failure / control effective,Line of Fire
1401,a technician observed items overhanging the edge of the overhead shelf while stacking the pallets. The finding cited inadequate tool control.,HIGH,Material Handling,Falling object,Tool control inadequate,
1402,An inspection noted that an operator found that the isolation lock was not applied before the task while the unit was down. The observation was attributed to the required inspection was not completed.,MEDIUM,Equipment Maintenance,Electric shock or arc flash,Inspection not completed,Energy Isolation
1403,The shift handover mentioned that an attendant confirmed the drain was clear in the work area during the shift cleanup.,LOW,Housekeeping,Slip hazard,No barrier failure / control effective,
1404,An inspection noted that a crane operator stood below the load while it was suspended while the load was being moved.,HIGH,Lifting Operation,Dropped load,Exclusion zone failed,Lifting Operations
1405,A permit review found that a cleaner found water pooling on the walkway in the common work area.,MEDIUM,Housekeeping,Slip hazard,Housekeeping control inadequate,
1406,A supervisor observed that a technician verified the circuit was dead before starting work while servicing the switchgear.,LOW,Electrical Maintenance,Electric shock or arc flash,No barrier failure / control effective,Energy Isolation
1407,a supervisor started digging before the underground utilities were located during the shift. The finding cited underground utility verification was not completed.,HIGH,Worksite Control,Utility strike,Utility verification failed,Ground Disturbance
1408,a supervisor noted that the utility drawings were outdated during the excavation work. The event traced back to the utility verification was not completed.,MEDIUM,Excavation,Utility strike,Utility verification not completed,Ground Disturbance
1409,A permit review found that a worker verified that mechanical handling aids were available during manual handling.,LOW,Manual Handling,Musculoskeletal Injury,No barrier failure / control effective,
1410,an entrant entered the vessel before gas testing was carried out while entering the chamber. Follow-up identified inadequate ventilation.,HIGH,Confined Space Entry,Hazardous atmosphere,Ventilation inadequate,Confined Space
1411,a maintenance technician observed the equipment starting without the safety interlock while the unit was down. It was noted that the energy isolation control was degraded.,MEDIUM,Equipment Maintenance,Unexpected startup,Energy isolation control degraded,Energy Isolation
1412,A permit review found that an operator confirmed the required PPE was worn throughout while responding to the gas alarm.,LOW,Gas Leak Response,PPE deficiency,No barrier failure / control effective,
1413,an electrician observed exposed conductors while the equipment was live during electrical maintenance. Follow-up identified the energy isolation was not applied.,HIGH,Electrical Maintenance,Electric shock or arc flash,Energy isolation failed,Energy Isolation
1414,"During the walk-down, a safety officer worked near the exhaust fan without hearing protection during ventilation verification. The event traced back to inadequate ventilation.",MEDIUM,Ventilation,Noise exposure,Ventilation inadequate,No clear Life-Saving Rule detected
1415,A supervisor observed that the lifting plan was reviewed and the exclusion zone maintained while the crane was positioning the load.,LOW,Lifting Operation,Dropped load,No barrier failure / control effective,Lifting Operations
1416,a responder started the tank entry with no gas detector available during leak investigation. The observation was attributed to inadequate ventilation.,HIGH,Gas Leak Response,Hazardous atmosphere,Ventilation inadequate,Toxic Gas
1417,an inspector flagged abnormal vibration from the equipment while inspecting the equipment.,MEDIUM,Inspection,Equipment failure,Equipment condition degraded,
1418,a ground worker verified the trench support before entry while digging the trench.,LOW,Excavation,Utility strike,No barrier failure / control effective,Ground Disturbance
1419,a ventilation technician observed dust accumulation in the work area during the confined-space prep.,MEDIUM,Ventilation,Noise exposure,PPE compliance issue,
1420,A permit review found that pPE was issued and inspected before the task while checking PPE compliance.,LOW,PPE,PPE deficiency,No barrier failure / control effective,
1421,A permit review found that a worker used rigging on the lifting gear that showed signs of wear before the lift during the lifting operation. The event traced back to a failure to maintain the exclusion zone.,HIGH,Lifting Operation,Dropped load,Exclusion zone failed,Lifting Operations
1422,A supervisor observed that an operator moved along the edge of the platform with no fall-arrest system in use while working at height. Follow-up identified fall protection was not in place.,HIGH,Work at Height,Fall from height,Fall protection absent,Working at Height
1423,a welder found combustible items stored too close to the hot work area during the grinding operation. The finding cited the combustible material control was degraded.,MEDIUM,Hot Work,Fire or explosion,Combustible control degraded,Hot Work
1424,A supervisor observed that gas testing was completed and the space was declared safe while entering the vessel.,LOW,Confined Space Entry,Hazardous atmosphere,No barrier failure / control effective,Confined Space
1425,an authorized worker opened the vessel before depressurization was verified during permit issuance. Follow-up identified the energy isolation was not applied.,HIGH,Permit to Work,Pressure release,Energy isolation failed,Energy Isolation
1426,A permit review found that an operator found the chemical container unlabeled while transferring the chemical. It was noted that a PPE compliance issue.,MEDIUM,Chemical Handling,Chemical exposure,PPE compliance issue,Toxic Gas
1427,A permit review found that the inspection certificate was verified before use while the unit was down.,LOW,Equipment Maintenance,Equipment failure,No barrier failure / control effective,Energy Isolation
1428,"During the walk-down, a technician handled the exchanger without the required chemical gloves while monitoring the process line. This was linked to a lapse in permit control.",HIGH,Process Operation,Chemical exposure,Permit control failed,Toxic Gas
1429,a confined-space attendant noticed that gas testing was performed with a non-calibrated detector while entering the chamber. Follow-up identified the gas testing was not completed.,MEDIUM,Confined Space Entry,Hazardous atmosphere,Gas testing not completed,Confined Space
1430,An inspection noted that a worker confirmed the spotter was in position before reversing during vehicle movement.,LOW,Vehicle Movement,Vehicle-pedestrian collision,No barrier failure / control effective,Line of Fire
1431,"During the walk-down, an excavator operator started digging before the underground utilities were located during excavation.",HIGH,Excavation,Utility strike,Utility verification failed,Ground Disturbance
1432,a worker noted that the fire watch had not been briefed before while performing hot work. The event traced back to the required inspection was not completed.,MEDIUM,Hot Work,Fire or explosion,Inspection not completed,Hot Work
1433,a rigger checked that the tag line was rigged before lifting during the lifting operation.,LOW,Lifting Operation,Dropped load,No barrier failure / control effective,Lifting Operations
1434,An inspection noted that an equipment operator worked near the equipment without hearing protection while operating the unit. The finding cited a PPE compliance issue.,MEDIUM,Equipment Operation,Noise exposure,PPE compliance issue,
1435,an operator moved along the edge of the platform with no fall-arrest system in use while accessing the upper platform. The observation was attributed to edge protection was missing.,HIGH,Work at Height,Fall from height,Edge protection absent,Working at Height
1436,A worker reported that a safety officer verified the edge protection was intact during during safety verification.,LOW,Safety Verification,Fall from height,No barrier failure / control effective,Working at Height
1437,An observation from the safety patrol noted that a craftsman observed the safety clutch fail during during the repair. This was linked to the required inspection was not completed.,HIGH,Hand Tools,Equipment failure,Inspection not completed,
1438,The shift handover mentioned that a warehouse worker was not wearing the respirator in the dusty area during drum handling. Follow-up identified degraded equipment condition.,MEDIUM,Chemical Handling,PPE deficiency,Equipment condition degraded,No clear Life-Saving Rule detected
1439,A near miss occurred when an operator checked that the containment was intact before the transfer while moving the containers.,LOW,Chemical Handling,Chemical exposure,No barrier failure / control effective,Toxic Gas
1440,a worker worked beside an open edge while the guardrail was absent during elevated maintenance. This was linked to edge protection was missing.,HIGH,Work at Height,Fall from height,Edge protection absent,Working at Height
1441,An inspection noted that a technician observed residual flammable vapors near the work zone while welding. Follow-up identified the combustible material control was degraded.,MEDIUM,Hot Work,Fire or explosion,Combustible control degraded,Hot Work
1442,a confined-space attendant confirmed the attendant and rescue equipment were ready while entering the vessel.,LOW,Confined Space Entry,Delayed rescue,No barrier failure / control effective,Confined Space
1443,a technician climbed the access ladder without attaching the safety harness while working at height. This was linked to a failure of safe access controls.,HIGH,Work at Height,Fall from height,Safe access control failed,Working at Height
1444,an electrical supervisor noted the arc-flash boundary was not marked during circuit repair. The event traced back to the required inspection was not completed.,MEDIUM,Electrical Maintenance,Electric shock or arc flash,Inspection not completed,Energy Isolation
1445,A supervisor observed that the spill was cleaned up promptly after being reported while clearing the workspace.,LOW,Housekeeping,Slip hazard,No barrier failure / control effective,
1446,"During the walk-down, a worker worked beside an open edge while the guardrail was absent while accessing the upper platform. The observation was attributed to edge protection was missing.",HIGH,Work at Height,Fall from height,Edge protection absent,Working at Height
1447,A permit review found that a confined-space attendant reported that the ventilation in the confined space was running below capacity during confined-space entry.,MEDIUM,Confined Space Entry,Hazardous atmosphere,Gas testing not completed,Confined Space
1448,a worker verified the edge protection was intact during during the scaffolding work.,LOW,Work at Height,Fall from height,No barrier failure / control effective,Working at Height
1449,A worker reported that a panel operator removed the flange cover while the system was still pressurized while the process unit was running.,HIGH,Process Operation,Pressure release,Permit control failed,Energy Isolation
1450,A worker reported that a confined-space attendant reported that the ventilation in the confined space was running below capacity while entering the vessel. This was linked to the gas testing was not completed.,MEDIUM,Confined Space Entry,Hazardous atmosphere,Gas testing not completed,Confined Space
1451,"During the walk-down, a permit issuer verified zero pressure before disconnecting while reviewing the work permit.",LOW,Permit to Work,Pressure release,No barrier failure / control effective,Energy Isolation
1452,a mechanic operated the equipment while maintenance was still in progress while the unit was down. The observation was attributed to the stop-work control was not effective.,HIGH,Equipment Maintenance,Unexpected startup,Stop-work control failed,Energy Isolation
1453,a responder observed that the initial atmosphere check was recorded late during leak investigation. It was noted that a failure in communication or handover.,MEDIUM,Gas Leak Response,Hazardous atmosphere,Communication/handover failed,Toxic Gas
1454,An observation from the safety patrol noted that a process operator checked that the containment was intact before the transfer during the shift.,LOW,Process Operation,Chemical exposure,No barrier failure / control effective,Toxic Gas
1455,a cleaner observed an obstruction blocking the aisle while clearing the workspace. The finding cited a previously identified corrective action was not closed out.,MEDIUM,Housekeeping,Slip hazard,Corrective action not completed,
1456,A supervisor observed that a mechanic worked on the live panel without isolating the supply during the maintenance shutdown. This was linked to a lapse in permit control.,HIGH,Equipment Maintenance,Electric shock or arc flash,Permit control failed,Energy Isolation
1457,The rescue drill was completed before the task while entering the vessel.,LOW,Confined Space Entry,Delayed rescue,No barrier failure / control effective,Confined Space
1458,A near miss occurred when a rigger stood below the load while it was suspended while the load was being moved.,HIGH,Lifting Operation,Dropped load,Exclusion zone failed,Lifting Operations
1459,An observation from the safety patrol noted that a technician reported an incomplete edge-protection section while accessing the upper platform. It was noted that the required inspection was not completed.,MEDIUM,Work at Height,Fall from height,Inspection not completed,Working at Height
1460,a technician checked that the guards were fit before operating during the scheduled inspection.,LOW,Equipment Inspection,Equipment failure,No barrier failure / control effective,
1461,The shift handover mentioned that a worker began welding while no fire watch was stationed during the grinding operation. Follow-up identified combustible materials were not controlled.,HIGH,Hot Work,Fire or explosion,Combustible control failed,Hot Work
1462,a worker found the restart procedure was not followed during the maintenance shutdown. The observation was attributed to the energy isolation control was degraded.,MEDIUM,Maintenance,Unexpected startup,Energy isolation control degraded,Energy Isolation
1463,A supervisor observed that the team performed a two-person lift following procedure while carrying the load.,LOW,Manual Handling,Musculoskeletal Injury,No barrier failure / control effective,
1464,"During the walk-down, an equipment operator observed dust accumulation in the work area while running the equipment. Follow-up identified a PPE compliance issue.",MEDIUM,Equipment Operation,Noise exposure,PPE compliance issue,
1465,The shift handover mentioned that a material handler observed items overhanging the edge of the overhead shelf while stacking the pallets. The observation was attributed to inadequate tool control.,HIGH,Material Handling,Falling object,Tool control inadequate,
1466,An inspection noted that a technician used the approved anchor point when working during the scaffolding work.,LOW,Work at Height,Fall from height,No barrier failure / control effective,Working at Height
1467,A worker reported that a lifting supervisor noticed the load swinging over the occupied area during the lifting operation. This was linked to the pre-lift inspection was skipped.,HIGH,Lifting Operation,Dropped load,Lifting inspection failed,Lifting Operations
1468,a worker flagged that the workbench was cluttered during the warehouse operation. This was linked to a previously identified corrective action was not closed out.,MEDIUM,Storage,Poor housekeeping condition,Corrective action not completed,
1469,an operator confirmed the fire watch and extinguishers were in place before during gas leak response.,LOW,Gas Leak Response,Fire or explosion,No barrier failure / control effective,Toxic Gas
1470,a worker moved along the edge of the platform with no fall-arrest system in use during the scaffolding work. Follow-up identified fall protection was not in place.,HIGH,Work at Height,Fall from height,Fall protection absent,Working at Height
1471,"During the walk-down, a chemical handler found the chemical container unlabeled during chemical handling. Follow-up identified a PPE compliance issue.",MEDIUM,Chemical Handling,Chemical exposure,PPE compliance issue,Toxic Gas
1472,A near miss occurred when a cleaner verified the walkway was clear after the task while clearing the workspace.,LOW,Housekeeping,Slip hazard,No barrier failure / control effective,
1473,"During the walk-down, a technician worked in the area while the toxic-gas reading exceeded limits during leak investigation. Follow-up identified a lapse in permit control.",HIGH,Gas Leak Response,Hazardous atmosphere,Permit control failed,Toxic Gas
1474,A supervisor observed that an electrician flagged that the residual charge was not discharged during circuit repair. The observation was attributed to the required inspection was not completed.,MEDIUM,Electrical Maintenance,Electric shock or arc flash,Inspection not completed,Energy Isolation
1475,An inspection noted that a technician confirmed that fall protection was inspected and in place before during the scheduled inspection.,LOW,Equipment Inspection,Fall from height,No barrier failure / control effective,Working at Height
1476,a worker started elevated work although the platform had no edge protection during elevated maintenance. The event traced back to fall protection was not in place.,HIGH,Work at Height,Fall from height,Fall protection absent,Working at Height
1477,A permit review found that a supervisor used the harness without inspecting it while checking PPE compliance.,MEDIUM,PPE,PPE deficiency,Equipment condition degraded,
1478,a storekeeper confirmed the work area was clean after the task while stacking the materials.,LOW,Storage,Poor housekeeping condition,No barrier failure / control effective,
1479,A worker reported that a maintenance fitter transferred the chemical while the containment bund was damaged while servicing the chemical line. It was noted that a lapse in permit control.,HIGH,Chemical Maintenance,Chemical exposure,Permit control failed,Toxic Gas
1480,a process operator observed a minor steam leak from the connection while the process unit was running. The finding cited the required inspection was not completed.,MEDIUM,Process Operation,Pressure release,Inspection not completed,Energy Isolation
1481,"During the walk-down, the excavation permit and utility survey were reviewed during excavation.",LOW,Excavation,Utility strike,No barrier failure / control effective,Ground Disturbance
1482,An observation from the safety patrol noted that an operator worked close to the moving parts without guarding while operating the press. This was linked to the energy isolation was not applied.,HIGH,Machine Operation,Entanglement,Energy isolation failed,Line of Fire
1483,a lifting supervisor found that the load weight was not confirmed before the lift while the load was being moved. The finding cited the exclusion zone control was degraded.,MEDIUM,Lifting Operation,Dropped load,Exclusion zone control degraded,Lifting Operations
1484,A supervisor observed that a technician checked that the guards were fit before operating during equipment inspection.,LOW,Equipment Inspection,Equipment failure,No barrier failure / control effective,
1485,An observation from the safety patrol noted that a crane operator observed the crane load passing directly over personnel while the crane was positioning the load.,HIGH,Lifting Operation,Dropped load,Lifting inspection failed,Lifting Operations
1486,a worker noticed the reversing alarm was not audible while the truck was moving.,MEDIUM,Vehicle Movement,Vehicle-pedestrian collision,Traffic segregation control degraded,Line of Fire
1487,"During the walk-down, the team performed a two-person lift following procedure during the material transfer.",LOW,Manual Handling,Musculoskeletal Injury,No barrier failure / control effective,
1488,a safety officer reached the upper level while the guard rail on the records had been removed during the field verification. It was noted that a failure of safe access controls.,HIGH,Safety Verification,Fall from height,Safe access control failed,Working at Height
1489,A supervisor observed that a supervisor observed that the utilities were not marked on the ground while digging the trench. The observation was attributed to the utility verification was not completed.,MEDIUM,Excavation,Utility strike,Utility verification not completed,Ground Disturbance
1490,The lifting plan was reviewed and the exclusion zone maintained during safety verification.,LOW,Safety Verification,Dropped load,No barrier failure / control effective,Line of Fire
1491,A permit review found that a technician left tools unsecured on the containers while stacking the pallets. Follow-up identified inadequate tool control.,HIGH,Material Handling,Falling object,Tool control inadequate,
1492,a worker flagged that the trench had no ladder access while setting up the work area.,MEDIUM,Worksite Control,Utility strike,Utility verification not completed,Ground Disturbance
1493,"During the walk-down, a technician verified that mechanical handling aids were available during manual handling.",LOW,Manual Handling,Musculoskeletal Injury,No barrier failure / control effective,
1494,a safety officer was not wearing the respirator in the dusty area during the PPE inspection. The finding cited degraded equipment condition.,MEDIUM,PPE,PPE deficiency,Equipment condition degraded,No clear Life-Saving Rule detected
1495,an operator used a lift assist for the heavy load while lifting the heavy component.,LOW,Manual Handling,Musculoskeletal Injury,No barrier failure / control effective,
1496,The shift handover mentioned that an operator moved along the edge of the platform with no fall-arrest system in use during the scaffolding work. The finding cited edge protection was missing.,HIGH,Work at Height,Fall from height,Edge protection absent,Working at Height
1497,a technician used the harness without inspecting it while assessing the release. It was noted that a PPE compliance issue.,MEDIUM,Gas Leak Response,PPE deficiency,PPE compliance issue,No clear Life-Saving Rule detected
1498,a technician accessed the scaffold while the edge protection was missing during the scheduled inspection.,HIGH,Equipment Inspection,Fall from height,Fall protection absent,Working at Height
1499,"During the walk-down, the team performed a two-person lift following procedure while carrying the load.",LOW,Manual Handling,Musculoskeletal Injury,No barrier failure / control effective,
1500,A worker reported that a worker started hot work while combustible material remained nearby during hot work. Follow-up identified combustible materials were not controlled.,HIGH,Hot Work,Fire or explosion,Combustible control failed,Hot Work
1501,"During the walk-down, a technician reported that the ventilation in the chamber was running below capacity while entering the chamber. The event traced back to a failure in communication or handover.",MEDIUM,Confined Space Entry,Hazardous atmosphere,Communication/handover failed,Confined Space
1502,a worker verified the edge protection was intact during while accessing the upper platform.,LOW,Work at Height,Fall from height,No barrier failure / control effective,Working at Height
1503,a safety officer confirmed the work was conducted safely during the control check.,LOW,Safety Verification,None identified,No barrier failure / control effective,
1504,A permit review found that a spotter operated the excavator while a worker was inside the swing radius while the truck was moving. Follow-up identified the stop-work control was not effective.,HIGH,Vehicle Movement,Vehicle-pedestrian collision,Stop-work control failed,Line of Fire
1505,A worker reported that a technician observed a damaged cable on the energized line during circuit repair. It was noted that the energy isolation control was degraded.,MEDIUM,Electrical Maintenance,Electric shock or arc flash,Energy isolation control degraded,Energy Isolation
1506,A permit review found that a technician verified the atmospheric readings were within safe limits before while entering the vessel.,LOW,Confined Space Entry,Hazardous atmosphere,No barrier failure / control effective,Confined Space
1507,A permit review found that a ground worker started digging before the underground utilities were located while digging the trench. It was noted that underground utility verification was not completed.,HIGH,Excavation,Utility strike,Utility verification failed,Ground Disturbance
1508,a technician found the guard on the rotating shaft was damaged while aligning the components. It was noted that the guarding was degraded.,MEDIUM,Mechanical Maintenance,Entanglement,Guarding degraded,Line of Fire
1509,A near miss occurred when the guarding interlock was verified before the run during the mechanical repair.,LOW,Mechanical Maintenance,Entanglement,No barrier failure / control effective,Line of Fire
1510,an operator cleared a blockage while the conveyor was still running while operating the press.,HIGH,Machine Operation,Entanglement,Energy isolation failed,Line of Fire
1511,A supervisor observed that a worker noted that the lockout was incomplete before the start test during maintenance. The finding cited the energy isolation control was degraded.,MEDIUM,Maintenance,Unexpected startup,Energy isolation control degraded,Energy Isolation
1512,a worker confirmed the drain was clear in the work area during the shift cleanup.,LOW,Housekeeping,Slip hazard,No barrier failure / control effective,
1513,a worker transferred the chemical while the containment bund was damaged during the vessel clean-out. This was linked to a lapse in permit control.,HIGH,Chemical Maintenance,Chemical exposure,Permit control failed,Toxic Gas
1514,A worker reported that a worker found the traffic segregation barrier displaced while the truck was moving.,MEDIUM,Vehicle Movement,Vehicle-pedestrian collision,Traffic segregation control degraded,Line of Fire
1515,The shift handover mentioned that a chemical handler confirmed the required PPE was worn throughout while transferring the chemical.,LOW,Chemical Handling,PPE deficiency,No barrier failure / control effective,
1516,An observation from the safety patrol noted that a spotter drove through the pedestrian crossing without stopping during the yard move. The observation was attributed to the traffic segregation controls had broken down.,HIGH,Vehicle Movement,Vehicle-pedestrian collision,Traffic segregation failed,Line of Fire
1517,A permit review found that a fitter found the restart procedure was not followed during the maintenance shutdown. The event traced back to the energy isolation control was degraded.,MEDIUM,Maintenance,Unexpected startup,Energy isolation control degraded,Energy Isolation
1518,"During the walk-down, an operator confirmed the ventilation remained operational throughout during leak investigation.",LOW,Gas Leak Response,Hazardous atmosphere,No barrier failure / control effective,Toxic Gas
1519,An inspection noted that a fire warden began work although the rescue plan was not established during the fire drill. Follow-up identified no emergency rescue plan was in place.,HIGH,Fire Safety,Delayed rescue,Emergency/rescue plan absent,
1520,a safety officer flagged that the guardrail on the unit was weakened during equipment inspection. This was linked to the required inspection was not completed.,MEDIUM,Equipment Inspection,Fall from height,Inspection not completed,Working at Height
1521,"During the walk-down, an operator used a lift assist for the heavy load during manual handling.",LOW,Manual Handling,Musculoskeletal Injury,No barrier failure / control effective,
1522,A supervisor observed that a panel operator observed the relief valve fail during the pressure test during process operation. The event traced back to a lapse in permit control.,HIGH,Process Operation,Pressure release,Permit control failed,Energy Isolation
1523,A permit review found that a technician handled the heavy object without a mechanical aid during the material transfer. Follow-up identified a previously identified corrective action was not closed out.,MEDIUM,Manual Handling,Musculoskeletal Injury,Corrective action not completed,
1524,An observation from the safety patrol noted that a warehouse attendant verified that waste was segregated properly during storage activity.,LOW,Storage,Poor housekeeping condition,No barrier failure / control effective,
1525,"During the walk-down, a worker carried the load alone without assistance during manual handling. This was linked to a previously identified corrective action was not closed out.",MEDIUM,Manual Handling,Musculoskeletal Injury,Corrective action not completed,
1526,An inspection noted that a ground worker worked in the trench without confirming the utility depth during excavation. This was linked to underground utility verification was not completed.,HIGH,Excavation,Utility strike,Utility verification failed,Ground Disturbance
1527,A permit review found that an operator verified the edge protection was intact during during elevated maintenance.,LOW,Work at Height,Fall from height,No barrier failure / control effective,Working at Height
1528,a crane operator entered the exclusion zone while the load was being lifted during the critical lift. It was noted that a failure to maintain the exclusion zone.,HIGH,Lifting Operation,Dropped load,Exclusion zone failed,Lifting Operations
1529,a worker flagged that the emergency stop was not tested while the equipment was being worked on. It was noted that the energy isolation control was degraded.,MEDIUM,Maintenance,Unexpected startup,Energy isolation control degraded,Energy Isolation
1530,A supervisor observed that a cleaner verified the walkway was clear after the task during the shift cleanup.,LOW,Housekeeping,Slip hazard,No barrier failure / control effective,
1531,A supervisor observed that a responder entered the release point before gas testing was carried out during leak investigation. Follow-up identified gas testing had not been performed before the task.,HIGH,Gas Leak Response,Hazardous atmosphere,Gas testing absent,Toxic Gas
1532,a supervisor noted corrosion on the pressurized line during the permit check. The finding cited the energy isolation control was degraded.,MEDIUM,Permit to Work,Pressure release,Energy isolation control degraded,Energy Isolation
1533,A near miss occurred when a mechanic confirmed the guard was in place before start-up during the mechanical repair.,LOW,Mechanical Maintenance,Entanglement,No barrier failure / control effective,Line of Fire
1534,a fitter started the unit while the isolation lock was not in place during maintenance. The finding cited the stop-work control was not effective.,HIGH,Maintenance,Unexpected startup,Stop-work control failed,Energy Isolation
1535,an operator observed the emergency stop not working properly while the unit was down.,MEDIUM,Equipment Maintenance,Equipment failure,Equipment condition degraded,Energy Isolation
1536,The spill was cleaned up promptly after being reported during the shift cleanup.,LOW,Housekeeping,Slip hazard,No barrier failure / control effective,
1537,The shift handover mentioned that a panel operator worked in the area without respiratory protection during the release during process operation. The event traced back to a PPE compliance issue.,HIGH,Process Operation,Chemical exposure,PPE compliance issue,Toxic Gas
1538,a panel operator found the chemical container unlabeled during the shift. The finding cited a PPE compliance issue.,MEDIUM,Process Operation,Chemical exposure,PPE compliance issue,Toxic Gas
1539,A near miss occurred when a supervisor confirmed the work area was clean after the task while managing the work zone.,LOW,Worksite Control,Poor housekeeping condition,No barrier failure / control effective,
1540,A near miss occurred when a supervisor worked in the trench without confirming the utility depth during the excavation work. This was linked to a lapse in permit control.,HIGH,Excavation,Utility strike,Permit control failed,Ground Disturbance
1541,A permit review found that a mechanic observed loose clothing near the rotating equipment while aligning the components. This was linked to the required inspection was not completed.,MEDIUM,Mechanical Maintenance,Entanglement,Inspection not completed,Line of Fire
1542,A supervisor observed that an excavator operator verified the trench support before entry while working in the trench.,LOW,Excavation,Utility strike,No barrier failure / control effective,Ground Disturbance
1543,a technician worked close to the moving parts without guarding during the mechanical repair. Follow-up identified the energy isolation was not applied.,HIGH,Mechanical Maintenance,Entanglement,Energy isolation failed,Line of Fire
1544,An inspection noted that a material handler observed a dropped tool in the vicinity during material handling. It was noted that inadequate housekeeping controls.,MEDIUM,Material Handling,Falling object,Housekeeping control inadequate,
1545,A supervisor observed that an operator verified the atmospheric readings were within safe limits before while assessing the release.,LOW,Gas Leak Response,Hazardous atmosphere,No barrier failure / control effective,Toxic Gas
1546,A permit review found that a worker observed a worker without eye protection near the safety harness during the PPE inspection. The event traced back to a PPE compliance issue.,MEDIUM,PPE,PPE deficiency,PPE compliance issue,
1547,An observation from the safety patrol noted that a rigger guided the suspended load by hand from within its path while the crane was positioning the load. The observation was attributed to the pre-lift inspection was skipped.,HIGH,Lifting Operation,Dropped load,Lifting inspection failed,Lifting Operations
1548,an attendant removed a minor obstruction from the walkway during routine housekeeping rounds.,LOW,Housekeeping,Slip hazard,No barrier failure / control effective,
1549,a spotter reversed the truck while a worker was in the blind spot while the vehicle was reversing. The observation was attributed to the traffic segregation controls had broken down.,HIGH,Vehicle Movement,Vehicle-pedestrian collision,Traffic segregation failed,Line of Fire
1550,A permit review found that a worker reported that the ventilation in the vessel was running below capacity during confined-space entry. This was linked to the gas testing was not completed.,MEDIUM,Confined Space Entry,Hazardous atmosphere,Gas testing not completed,Confined Space
1551,A supervisor observed that eye wash and PPE were verified before chemical handling during chemical handling.,LOW,Chemical Handling,Chemical exposure,No barrier failure / control effective,Toxic Gas
1552,A worker reported that a safety officer entered the riser with no attendant present during the fire drill. This was linked to no emergency rescue plan was in place.,HIGH,Fire Safety,Delayed rescue,Emergency/rescue plan absent,
1553,A near miss occurred when a lifting supervisor observed the load swaying while the tag line was not used during the lifting operation.,MEDIUM,Lifting Operation,Dropped load,Lifting inspection not completed,Lifting Operations
1554,A permit review found that a supervisor confirmed the utilities were marked before digging during the excavation work.,LOW,Excavation,Utility strike,No barrier failure / control effective,Ground Disturbance
1555,A near miss occurred when a worker reported a slippery surface near the cleaning area during the shift cleanup. Follow-up identified a previously identified corrective action was not closed out.,MEDIUM,Housekeeping,Slip hazard,Corrective action not completed,
1556,"During the walk-down, a supervisor observed the excavator bucket contact an unidentified service line during excavation. The observation was attributed to underground utility verification was not completed.",HIGH,Excavation,Utility strike,Utility verification failed,Ground Disturbance
1557,a machine operator checked that the guards were fit before operating while operating the press.,LOW,Machine Operation,Equipment failure,No barrier failure / control effective,Energy Isolation
1558,A permit review found that a fire warden started hot work while combustible material remained nearby while inspecting the extinguishers. This was linked to combustible materials were not controlled.,HIGH,Fire Safety,Fire or explosion,Combustible control failed,Hot Work
1559,A near miss occurred when an equipment operator noted that the enclosure around the unit was incomplete during the operational shift. The observation was attributed to a PPE compliance issue.,MEDIUM,Equipment Operation,Noise exposure,PPE compliance issue,
1560,A near miss occurred when a worker used a lift assist for the heavy load during manual handling.,LOW,Manual Handling,Musculoskeletal Injury,No barrier failure / control effective,
1561,a crane operator observed the crane load passing directly over personnel while the load was being moved. The observation was attributed to a failure to maintain the exclusion zone.,HIGH,Lifting Operation,Dropped load,Exclusion zone failed,Lifting Operations
1562,"During the walk-down, a worker noticed the reversing alarm was not audible during the yard move. The finding cited the traffic segregation control was degraded.",MEDIUM,Vehicle Movement,Vehicle-pedestrian collision,Traffic segregation control degraded,Line of Fire
1563,a cleaner removed a minor obstruction from the walkway during the shift cleanup.,LOW,Housekeeping,Slip hazard,No barrier failure / control effective,
1564,A supervisor observed that a ground worker struck the buried cable while excavating while working in the trench. It was noted that the excavation was not properly supported.,HIGH,Excavation,Utility strike,Excavation support failed,Ground Disturbance
1565,an operator observed loose clothing near the rotating equipment while the machine was running. Follow-up identified the required inspection was not completed.,MEDIUM,Machine Operation,Entanglement,Inspection not completed,Line of Fire
1566,A permit review found that combustible materials were cleared from the hot work zone during the grinding operation.,LOW,Hot Work,Fire or explosion,No barrier failure / control effective,Hot Work
1567,A permit review found that a technician began welding while no fire watch was stationed while performing hot work. The finding cited a lapse in permit control.,HIGH,Hot Work,Fire or explosion,Permit control failed,Hot Work
1568,a welder noted that the fire watch had not been briefed before while performing hot work. Follow-up identified the combustible material control was degraded.,MEDIUM,Hot Work,Fire or explosion,Combustible control degraded,Hot Work
1569,a traffic marshal verified the required checks were completed before during worksite setup.,LOW,Worksite Control,None identified,No barrier failure / control effective,
1570,a worker confirmed the spotter was in position before reversing during vehicle movement.,LOW,Vehicle Movement,Vehicle-pedestrian collision,No barrier failure / control effective,Line of Fire
1571,an entrant entered the space despite the gas monitor alarm remaining active during confined-space entry. Follow-up identified a lapse in permit control.,HIGH,Confined Space Entry,Hazardous atmosphere,Permit control failed,Confined Space
1572,An observation from the safety patrol noted that a supervisor was not wearing the respirator in the dusty area during the shift.,MEDIUM,PPE,PPE deficiency,PPE compliance issue,
1573,a driver confirmed the spotter was in position before reversing during vehicle movement.,LOW,Vehicle Movement,Vehicle-pedestrian collision,No barrier failure / control effective,Line of Fire
1574,An inspection noted that a driver drove through the pedestrian crossing without stopping during vehicle movement. This was linked to the traffic segregation controls had broken down.,HIGH,Vehicle Movement,Vehicle-pedestrian collision,Traffic segregation failed,Line of Fire
1575,An observation from the safety patrol noted that a storekeeper flagged that the workbench was cluttered in the storage area. The observation was attributed to a previously identified corrective action was not closed out.,MEDIUM,Storage,Poor housekeeping condition,Corrective action not completed,
1576,an attendant verified the walkway was clear after the task in the common work area.,LOW,Housekeeping,Slip hazard,No barrier failure / control effective,
1577,A near miss occurred when an authorized worker disconnected the line while pressure remained in it during permit issuance. The event traced back to a lapse in permit control.,HIGH,Permit to Work,Pressure release,Permit control failed,Energy Isolation
1578,A supervisor observed that a worker flagged that the emergency stop was not tested while the equipment was being worked on. The observation was attributed to the energy isolation control was degraded.,MEDIUM,Maintenance,Unexpected startup,Energy isolation control degraded,Energy Isolation
1579,a worker verified that waste was segregated properly while stacking the materials.,LOW,Storage,Poor housekeeping condition,No barrier failure / control effective,
1580,an operator entered the machine danger zone without isolation while the machine was running.,HIGH,Machine Operation,Entanglement,Energy isolation failed,Line of Fire
1581,A supervisor observed that a maintenance technician found the restart procedure was not followed while servicing the machine. It was noted that the energy isolation control was degraded.,MEDIUM,Equipment Maintenance,Unexpected startup,Energy isolation control degraded,Energy Isolation
1582,The shift handover mentioned that the guarding interlock was verified before the run while aligning the components.,LOW,Mechanical Maintenance,Entanglement,No barrier failure / control effective,Line of Fire
1583,A near miss occurred when an operator moved along the edge of the platform with no fall-arrest system in use while working at height. Follow-up identified a failure of safe access controls.,HIGH,Work at Height,Fall from height,Safe access control failed,Working at Height
1584,a craftsman found objects stored above head height without a toe board while using hand tools.,MEDIUM,Hand Tools,Falling object,Housekeeping control inadequate,
1585,Gas testing was completed and the space was declared safe during the confined-space prep.,LOW,Ventilation,Hazardous atmosphere,No barrier failure / control effective,Confined Space
1586,an operator reached into the cabinet while the busbar remained energized while servicing the machine. The observation was attributed to a lapse in permit control.,HIGH,Equipment Maintenance,Electric shock or arc flash,Permit control failed,Energy Isolation
1587,A supervisor observed that a worker found combustible items stored too close to the hot work area while welding. This was linked to the combustible material control was degraded.,MEDIUM,Hot Work,Fire or explosion,Combustible control degraded,Hot Work
1588,A permit review found that a safety officer confirmed the required PPE was worn throughout while checking PPE compliance.,LOW,PPE,PPE deficiency,No barrier failure / control effective,
1589,a worker handled the heavy object without a mechanical aid while carrying the load. The event traced back to the manual handling control was inadequate.,MEDIUM,Manual Handling,Musculoskeletal Injury,Manual handling control inadequate,
1590,A supervisor observed that a worker used rigging on the load that showed signs of wear before the lift while the crane was positioning the load.,HIGH,Lifting Operation,Dropped load,Exclusion zone failed,Lifting Operations
1591,a technician confirmed the guard was in place before start-up during machine operation.,LOW,Machine Operation,Entanglement,No barrier failure / control effective,Line of Fire
1592,a technician lifted the container using an awkward posture while carrying the load. This was linked to a previously identified corrective action was not closed out.,MEDIUM,Manual Handling,Musculoskeletal Injury,Corrective action not completed,
1593,The shift handover mentioned that an operator verified that mechanical handling aids were available during manual handling.,LOW,Manual Handling,Musculoskeletal Injury,No barrier failure / control effective,
1594,a ventilation technician entered the air mover before gas testing was carried out during ventilation verification. The finding cited gas testing had not been performed before the task.,HIGH,Ventilation,Hazardous atmosphere,Gas testing absent,Confined Space
1595,a worker stood below the load while it was suspended while the load was being moved. The observation was attributed to a failure to maintain the exclusion zone.,HIGH,Lifting Operation,Dropped load,Exclusion zone failed,Lifting Operations
1596,A supervisor observed that an attendant found debris scattered across the access path in the common work area. The event traced back to a previously identified corrective action was not closed out.,MEDIUM,Housekeeping,Slip hazard,Corrective action not completed,
1597,An observation from the safety patrol noted that a worker confirmed the ventilation remained operational throughout during confined-space entry.,LOW,Confined Space Entry,Hazardous atmosphere,No barrier failure / control effective,Confined Space
1598,"During the walk-down, a maintenance technician performed repair work on the circuit without a voltage check during the maintenance shutdown. Follow-up identified a lapse in permit control.",HIGH,Equipment Maintenance,Electric shock or arc flash,Permit control failed,Energy Isolation
1599,An inspection noted that a maintenance technician flagged abnormal vibration from the equipment during the maintenance shutdown. This was linked to the required inspection was not completed.,MEDIUM,Equipment Maintenance,Equipment failure,Inspection not completed,Energy Isolation
1600,A near miss occurred when noise levels were checked and controls verified during equipment operation.,LOW,Equipment Operation,Noise exposure,No barrier failure / control effective,
1601,A supervisor observed that a worker accessed the scaffold while the edge protection was missing during elevated maintenance. The observation was attributed to fall protection was not in place.,HIGH,Work at Height,Fall from height,Fall protection absent,Working at Height
1602,a technician observed the emergency stop not working properly during equipment inspection. The observation was attributed to the required inspection was not completed.,MEDIUM,Equipment Inspection,Equipment failure,Inspection not completed,
1603,A near miss occurred when noise levels were checked and controls verified while running the equipment.,LOW,Equipment Operation,Noise exposure,No barrier failure / control effective,
1604,A worker reported that a cleaner observed an obstruction blocking the aisle in the common work area.,MEDIUM,Housekeeping,Slip hazard,Housekeeping control inadequate,No clear Life-Saving Rule detected
1605,a technician used a lift assist for the heavy load during manual handling.,LOW,Manual Handling,Musculoskeletal Injury,No barrier failure / control effective,
1606,An inspection noted that an inspector worked beside an open edge while the guardrail was absent during the check. The event traced back to edge protection was missing.,HIGH,Equipment Inspection,Fall from height,Edge protection absent,Working at Height
1607,An inspection noted that an entrant worked in the area while the toxic-gas reading exceeded limits during confined-space entry.,HIGH,Confined Space Entry,Hazardous atmosphere,Ventilation inadequate,Confined Space
1608,A near miss occurred when a cleaner observed an obstruction blocking the aisle in the common work area. The event traced back to a previously identified corrective action was not closed out.,MEDIUM,Housekeeping,Slip hazard,Corrective action not completed,No clear Life-Saving Rule detected
1609,a driver confirmed the spotter was in position before reversing while the truck was moving.,LOW,Vehicle Movement,Vehicle-pedestrian collision,No barrier failure / control effective,Line of Fire
1610,The shift handover mentioned that a worker lifted the heavy component using an awkward posture while lifting the heavy component. This was linked to a previously identified corrective action was not closed out.,MEDIUM,Manual Handling,Musculoskeletal Injury,Corrective action not completed,
1611,An observation from the safety patrol noted that a worker worked on the elevated platform without any fall protection while working at height. The event traced back to edge protection was missing.,HIGH,Work at Height,Fall from height,Edge protection absent,Working at Height
1612,A worker reported that a technician confirmed the ventilation remained operational throughout during confined-space entry.,LOW,Confined Space Entry,Hazardous atmosphere,No barrier failure / control effective,Confined Space
1613,a technician ran the equipment although the brake was reportedly faulty during the production run.,HIGH,Machine Operation,Equipment failure,Guarding failed,Energy Isolation
1614,an attendant flagged uneven flooring in the work area in the common work area. Follow-up identified inadequate housekeeping controls.,MEDIUM,Housekeeping,Slip hazard,Housekeeping control inadequate,
1615,a worker confirmed the required PPE was worn throughout while welding.,LOW,Hot Work,PPE deficiency,No barrier failure / control effective,
1616,a chemical handler observed the drum leaking while it was being moved during chemical handling.,HIGH,Chemical Handling,Chemical exposure,Permit control failed,Toxic Gas
1617,An inspection noted that a worker noticed a tripping hazard from trailing cables while clearing the workspace.,MEDIUM,Housekeeping,Slip hazard,Housekeeping control inadequate,No clear Life-Saving Rule detected
1618,an auditor checked that the tag line was rigged before lifting during the field verification.,LOW,Safety Verification,Dropped load,No barrier failure / control effective,Line of Fire
1619,a technician opened the chemical line without confirming isolation during process operation. The event traced back to a lapse in permit control.,HIGH,Process Operation,Chemical exposure,Permit control failed,Toxic Gas
1620,A near miss occurred when a safety officer observed residual flammable vapors near the work zone while inspecting the extinguishers. The event traced back to the combustible material control was degraded.,MEDIUM,Fire Safety,Fire or explosion,Combustible control degraded,Hot Work
1621,Housekeeping standards were maintained during storage activity.,LOW,Storage,Poor housekeeping condition,No barrier failure / control effective,
1622,"During the walk-down, a maintenance technician operated the unit while maintenance was still in progress during the repair job. The finding cited the energy isolation was not applied.",HIGH,Maintenance,Unexpected startup,Energy isolation failed,Energy Isolation
1623,A supervisor observed that an operator found the guard on the line was damaged while the machine was running. The event traced back to the required inspection was not completed.,MEDIUM,Machine Operation,Entanglement,Inspection not completed,Line of Fire
1624,Gas testing was completed and the space was declared safe during confined-space entry.,LOW,Confined Space Entry,Hazardous atmosphere,No barrier failure / control effective,Confined Space
1625,A worker reported that a scaffolder worked on the elevated platform without any fall protection while working at height. This was linked to edge protection was missing.,HIGH,Work at Height,Fall from height,Edge protection absent,Working at Height
1626,A permit review found that a technician observed loose clothing near the rotating equipment while aligning the components. The finding cited the guarding was degraded.,MEDIUM,Mechanical Maintenance,Entanglement,Guarding degraded,Line of Fire
1627,an operator confirmed that fall protection was inspected and in place before during the scaffolding work.,LOW,Work at Height,Fall from height,No barrier failure / control effective,Working at Height
1628,a supervisor confirmed the work was conducted safely while managing the work zone.,LOW,Worksite Control,None identified,No barrier failure / control effective,
1629,A supervisor observed that a traffic marshal completed while setting up the work area with all controls in place.,LOW,Worksite Control,None identified,No barrier failure / control effective,
1630,a cleaner found water pooling on the walkway while clearing the workspace. The observation was attributed to inadequate housekeeping controls.,MEDIUM,Housekeeping,Slip hazard,Housekeeping control inadequate,No clear Life-Saving Rule detected
1631,A near miss occurred when the team performed a two-person lift following procedure during the material transfer.,LOW,Manual Handling,Musculoskeletal Injury,No barrier failure / control effective,
1632,An observation from the safety patrol noted that a technician worked close to the moving parts without guarding while the machine was running. This was linked to the energy isolation was not applied.,HIGH,Machine Operation,Entanglement,Energy isolation failed,Line of Fire
1633,The shift handover mentioned that a worker observed the crane load passing directly over personnel while the load was being moved.,HIGH,Lifting Operation,Dropped load,Exclusion zone failed,Lifting Operations
1634,an operator used the harness without inspecting it during chemical handling. The finding cited degraded equipment condition.,MEDIUM,Chemical Handling,PPE deficiency,Equipment condition degraded,No clear Life-Saving Rule detected
1635,The fall-arrest system was checked and found compliant while working at height.,LOW,Work at Height,Fall from height,No barrier failure / control effective,Working at Height
1636,a worker carried out hot work near the work piece without an extinguisher close by during hot work.,HIGH,Hot Work,Fire or explosion,Permit control failed,Hot Work
1637,a worker performed the task without the required gloves while checking PPE compliance.,MEDIUM,PPE,PPE deficiency,Equipment condition degraded,
1638,A worker reported that a technician confirmed the fire watch and extinguishers were in place before while welding.,LOW,Hot Work,Fire or explosion,No barrier failure / control effective,Hot Work
1639,A supervisor observed that no significant hazard was identified during while setting up the work area.,LOW,Worksite Control,None identified,No barrier failure / control effective,
1640,An observation from the safety patrol noted that a technician worked below the platform while material was being handled above during material handling. This was linked to inadequate tool control.,HIGH,Material Handling,Falling object,Tool control inadequate,
1641,a technician flagged that the residual charge was not discharged during circuit repair. This was linked to the energy isolation control was degraded.,MEDIUM,Electrical Maintenance,Electric shock or arc flash,Energy isolation control degraded,Energy Isolation
1642,a chemical handler checked that the containment was intact before the transfer during chemical handling.,LOW,Chemical Handling,Chemical exposure,No barrier failure / control effective,Toxic Gas
1643,an authorized worker observed the relief valve fail during the pressure test while verifying the authorization. Follow-up identified the energy isolation was not applied.,HIGH,Permit to Work,Pressure release,Energy isolation failed,Energy Isolation
1644,A near miss occurred when a craftsman found the tool handle cracked during the task during the repair. This was linked to degraded equipment condition.,MEDIUM,Hand Tools,Equipment failure,Equipment condition degraded,
1645,A permit review found that a worker checked that the tag line was rigged before lifting while the crane was positioning the load.,LOW,Lifting Operation,Dropped load,No barrier failure / control effective,Lifting Operations
1646,An inspection noted that a worker guided the suspended load by hand from within its path during the lifting operation.,HIGH,Lifting Operation,Dropped load,Exclusion zone failed,Lifting Operations
1647,an operator found that the isolation lock was not applied before the task during equipment maintenance. The event traced back to the energy isolation control was degraded.,MEDIUM,Equipment Maintenance,Electric shock or arc flash,Energy isolation control degraded,Energy Isolation
1648,a panel operator confirmed the chemical was stored in the correct container during process operation.,LOW,Process Operation,Chemical exposure,No barrier failure / control effective,Toxic Gas
1649,An observation from the safety patrol noted that a technician carried out hot work near the grinding point without an extinguisher close by while welding. The finding cited no fire watch was present.,HIGH,Hot Work,Fire or explosion,Fire watch absent,Hot Work
1650,"During the walk-down, a worker observed an obstruction blocking the aisle during routine housekeeping rounds.",MEDIUM,Housekeeping,Slip hazard,Housekeeping control inadequate,No clear Life-Saving Rule detected
1651,A permit review found that a worker checked that the extinguisher charge was valid before while welding.,LOW,Hot Work,Fire or explosion,No barrier failure / control effective,Hot Work
1652,The shift handover mentioned that a cleaner found water pooling on the walkway in the common work area. It was noted that inadequate housekeeping controls.,MEDIUM,Housekeeping,Slip hazard,Housekeeping control inadequate,
1653,The shift handover mentioned that a chemical technician observed the drum leaking while it was being moved during the vessel clean-out. The finding cited a PPE compliance issue.,HIGH,Chemical Maintenance,Chemical exposure,PPE compliance issue,Toxic Gas
1654,An observation from the safety patrol noted that a technician confirmed all tools were tethered before during material handling.,LOW,Material Handling,Falling object,No barrier failure / control effective,
1655,A near miss occurred when an electrician bypassed the interlock to keep the circuit running while working on the panel. The finding cited the energy isolation was not applied.,HIGH,Electrical Maintenance,Electric shock or arc flash,Energy isolation failed,Energy Isolation
1656,an entrant noticed that gas testing was performed with a non-calibrated detector during confined-space entry.,MEDIUM,Confined Space Entry,Hazardous atmosphere,Gas testing not completed,Confined Space
1657,a worker used a lift assist for the heavy load while lifting the heavy component.,LOW,Manual Handling,Musculoskeletal Injury,No barrier failure / control effective,
1658,a worker observed sparks landing on flammable material during hot work. The event traced back to combustible materials were not controlled.,HIGH,Hot Work,Fire or explosion,Combustible control failed,Hot Work
1659,"During the walk-down, a safety officer was not wearing the respirator in the dusty area during the PPE inspection. Follow-up identified a PPE compliance issue.",MEDIUM,PPE,PPE deficiency,PPE compliance issue,No clear Life-Saving Rule detected
1660,an operator verified the edge protection was intact during during the scaffolding work.,LOW,Work at Height,Fall from height,No barrier failure / control effective,Working at Height
1661,"During the walk-down, an excavator operator continued the excavation while the utility drawings were missing while working in the trench. Follow-up identified underground utility verification was not completed.",HIGH,Excavation,Utility strike,Utility verification failed,Ground Disturbance
1662,A permit review found that an operator flagged that the interlock had been defeated while the machine was running. Follow-up identified the required inspection was not completed.,MEDIUM,Machine Operation,Entanglement,Inspection not completed,Line of Fire
1663,An inspection noted that a lifting supervisor confirmed the drop zone was clear before the load was raised while the load was being moved.,LOW,Lifting Operation,Dropped load,No barrier failure / control effective,Lifting Operations
1664,a supervisor opened the vessel before depressurization was verified while reviewing the work permit. This was linked to the energy isolation was not applied.,HIGH,Permit to Work,Pressure release,Energy isolation failed,Energy Isolation
1665,A near miss occurred when a safety officer noted that the retrieval line was not rigged during the fire safety walk.,MEDIUM,Fire Safety,Delayed rescue,Emergency/rescue plan absent,
1666,a worker verified that mechanical handling aids were available during the material transfer.,LOW,Manual Handling,Musculoskeletal Injury,No barrier failure / control effective,
1667,A near miss occurred when a technician climbed the scaffold without attaching the safety harness during the scaffolding work. Follow-up identified a failure of safe access controls.,HIGH,Work at Height,Fall from height,Safe access control failed,Working at Height
1668,an excavator operator noted that the utility drawings were outdated during excavation. Follow-up identified the required inspection was not completed.,MEDIUM,Excavation,Utility strike,Inspection not completed,Ground Disturbance
1669,an entrant checked that the gas detector was calibrated before the entry during the tank entry.,LOW,Confined Space Entry,Hazardous atmosphere,No barrier failure / control effective,Confined Space
1670,A supervisor observed that a maintenance technician observed exposed conductors while the equipment was live during equipment maintenance. The observation was attributed to the energy isolation was not applied.,HIGH,Equipment Maintenance,Electric shock or arc flash,Energy isolation failed,Energy Isolation
1671,An inspection noted that a lifting supervisor found that the load weight was not confirmed before the lift during the critical lift. This was linked to the exclusion zone control was degraded.,MEDIUM,Lifting Operation,Dropped load,Exclusion zone control degraded,Lifting Operations
1672,a worker used the approved anchor point when working during elevated maintenance.,LOW,Work at Height,Fall from height,No barrier failure / control effective,Working at Height
1673,An inspection noted that a worker started the unit while the isolation lock was not in place during the repair job. The event traced back to the stop-work control was not effective.,HIGH,Maintenance,Unexpected startup,Stop-work control failed,Energy Isolation
1674,an equipment operator flagged that the machine noise exceeded limits while operating the unit. The event traced back to a PPE compliance issue.,MEDIUM,Equipment Operation,Noise exposure,PPE compliance issue,
1675,A permit review found that a technician checked that the guards were fit before operating during machine operation.,LOW,Machine Operation,Equipment failure,No barrier failure / control effective,Energy Isolation
1676,A near miss occurred when a fire warden began welding while no fire watch was stationed while inspecting the extinguishers. This was linked to combustible materials were not controlled.,HIGH,Fire Safety,Fire or explosion,Combustible control failed,Hot Work
1677,a rigger observed the load swaying while the tag line was not used during the critical lift. It was noted that the lifting inspection was not completed.,MEDIUM,Lifting Operation,Dropped load,Lifting inspection not completed,Lifting Operations
1678,A permit review found that the guarding interlock was verified before the run during the production run.,LOW,Machine Operation,Entanglement,No barrier failure / control effective,Line of Fire
1679,a technician reached the upper level while the guard rail on the platform had been removed during elevated maintenance. This was linked to fall protection was not in place.,HIGH,Work at Height,Fall from height,Fall protection absent,Working at Height
1680,a technician observed the emergency stop not working properly while operating the press.,MEDIUM,Machine Operation,Equipment failure,Inspection not completed,Energy Isolation
1681,a safety officer checked that the guards were fit before operating during the safety inspection.,LOW,Inspection,Equipment failure,No barrier failure / control effective,
1682,The shift handover mentioned that a worker handled the heavy object without a mechanical aid while lifting the heavy component. This was linked to the manual handling control was inadequate.,MEDIUM,Manual Handling,Musculoskeletal Injury,Manual handling control inadequate,
1683,A near miss occurred when a technician operated the hammer which had no guarding while using hand tools. It was noted that the required inspection was not completed.,HIGH,Hand Tools,Equipment failure,Inspection not completed,
1684,The spill was cleaned up promptly after being reported in the common work area.,LOW,Housekeeping,Slip hazard,No barrier failure / control effective,
1685,An inspection noted that a worker ran the equipment although the brake was reportedly faulty during hand-tool work. The finding cited the required inspection was not completed.,HIGH,Hand Tools,Equipment failure,Inspection not completed,
1686,An inspection noted that an entrant noticed that gas testing was performed with a non-calibrated detector while entering the chamber. The observation was attributed to the gas testing was not completed.,MEDIUM,Confined Space Entry,Hazardous atmosphere,Gas testing not completed,Confined Space
1687,an inspector confirmed the equipment passed the pre-start check during equipment inspection.,LOW,Equipment Inspection,Equipment failure,No barrier failure / control effective,
1688,A worker reported that a worker was not wearing the respirator in the dusty area while checking PPE compliance.,MEDIUM,PPE,PPE deficiency,Equipment condition degraded,
1689,An inspection noted that the team performed a two-person lift following procedure during the material transfer.,LOW,Manual Handling,Musculoskeletal Injury,No barrier failure / control effective,
1690,a driver moved the vehicle while the spotter had not cleared the route while the vehicle was reversing.,HIGH,Vehicle Movement,Vehicle-pedestrian collision,Traffic segregation failed,Line of Fire
1691,An inspection noted that an auditor started elevated work although the verification checklist had no edge protection during the control check. The event traced back to fall protection was not in place.,HIGH,Safety Verification,Fall from height,Fall protection absent,Working at Height
1692,A permit review found that a permit issuer noted that the fire watch had not been briefed before during permit issuance. The observation was attributed to the combustible material control was degraded.,MEDIUM,Permit to Work,Fire or explosion,Combustible control degraded,Hot Work
1693,A worker reported that a scaffolder used the approved anchor point when working during elevated maintenance.,LOW,Work at Height,Fall from height,No barrier failure / control effective,Working at Height
1694,a warehouse attendant noted that the scrap bin was overflowing near the work area while stacking the materials. The observation was attributed to a previously identified corrective action was not closed out.,MEDIUM,Storage,Poor housekeeping condition,Corrective action not completed,No clear Life-Saving Rule detected
1695,A permit review found that a mechanic performed repair work on the circuit without a voltage check during equipment maintenance. It was noted that the energy isolation was not applied.,HIGH,Equipment Maintenance,Electric shock or arc flash,Energy isolation failed,Energy Isolation
1696,An observation from the safety patrol noted that an electrical supervisor verified the circuit was dead before starting work while working on the panel.,LOW,Electrical Maintenance,Electric shock or arc flash,No barrier failure / control effective,Energy Isolation
1697,a technician performed repair work on the circuit without a voltage check during circuit repair. This was linked to the energy isolation was not applied.,HIGH,Electrical Maintenance,Electric shock or arc flash,Energy isolation failed,Energy Isolation
1698,A near miss occurred when a worker carried the load alone without assistance while carrying the load. Follow-up identified the manual handling control was inadequate.,MEDIUM,Manual Handling,Musculoskeletal Injury,Manual handling control inadequate,
1699,An inspection noted that the rescue drill was completed before the task during the tank entry.,LOW,Confined Space Entry,Delayed rescue,No barrier failure / control effective,Confined Space
1700,"During the walk-down, a worker found debris scattered across the access path during routine housekeeping rounds. This was linked to inadequate housekeeping controls.",MEDIUM,Housekeeping,Slip hazard,Housekeeping control inadequate,No clear Life-Saving Rule detected
1701,The shift handover mentioned that a technician worked beside an open edge while the guardrail was absent during elevated maintenance. It was noted that a failure of safe access controls.,HIGH,Work at Height,Fall from height,Safe access control failed,Working at Height
1702,An observation from the safety patrol noted that a technician confirmed the fire watch and extinguishers were in place before while performing hot work.,LOW,Hot Work,Fire or explosion,No barrier failure / control effective,Hot Work
1703,"During the walk-down, an inspector started elevated work although the scaffold had no edge protection during the inspection. The observation was attributed to fall protection was not in place.",HIGH,Inspection,Fall from height,Fall protection absent,Working at Height
1704,an electrical supervisor flagged that the residual charge was not discharged while working on the panel.,MEDIUM,Electrical Maintenance,Electric shock or arc flash,Energy isolation control degraded,Energy Isolation
1705,The shift handover mentioned that a technician confirmed the equipment passed the pre-start check while the machine was running.,LOW,Machine Operation,Equipment failure,No barrier failure / control effective,Energy Isolation
1706,a safety officer started the tank entry with no gas detector available during ventilation verification. The event traced back to inadequate ventilation.,HIGH,Ventilation,Hazardous atmosphere,Ventilation inadequate,Confined Space
1707,A near miss occurred when a maintenance technician noted that the lockout was incomplete before the start test during the maintenance shutdown.,MEDIUM,Maintenance,Unexpected startup,Energy isolation control degraded,Energy Isolation
1708,An observation from the safety patrol noted that a worker verified that mechanical handling aids were available while carrying the load.,LOW,Manual Handling,Musculoskeletal Injury,No barrier failure / control effective,
1709,A worker reported that an entrant entered the vessel before gas testing was carried out while entering the chamber. It was noted that inadequate ventilation.,HIGH,Confined Space Entry,Hazardous atmosphere,Ventilation inadequate,Confined Space
1710,An inspection noted that a storekeeper observed stacked material leaning in the storage area during storage activity. It was noted that a previously identified corrective action was not closed out.,MEDIUM,Storage,Poor housekeeping condition,Corrective action not completed,
1711,a technician verified that mechanical handling aids were available during the material transfer.,LOW,Manual Handling,Musculoskeletal Injury,No barrier failure / control effective,
1712,A supervisor observed that a worker entered the exclusion zone while the load was being lifted while the load was being moved. Follow-up identified a failure to maintain the exclusion zone.,HIGH,Lifting Operation,Dropped load,Exclusion zone failed,Lifting Operations
1713,a mechanic found the guard on the rotating shaft was damaged during mechanical maintenance. The finding cited the required inspection was not completed.,MEDIUM,Mechanical Maintenance,Entanglement,Inspection not completed,Line of Fire
1714,a ventilation technician confirmed the ventilation remained operational throughout during ventilation verification.,LOW,Ventilation,Hazardous atmosphere,No barrier failure / control effective,Confined Space
1715,an entrant opened the vessel while the ventilation was not running while entering the chamber. This was linked to a lapse in permit control.,HIGH,Confined Space Entry,Hazardous atmosphere,Permit control failed,Confined Space
1716,a cleaner found water pooling on the walkway during the shift cleanup.,MEDIUM,Housekeeping,Slip hazard,Housekeeping control inadequate,
1717,A worker reported that an operator confirmed the equipment passed the pre-start check while operating the press.,LOW,Machine Operation,Equipment failure,No barrier failure / control effective,Energy Isolation
1718,A supervisor observed that a machine operator worked close to the moving parts without guarding during machine operation.,HIGH,Machine Operation,Entanglement,Guarding failed,Line of Fire
1719,A worker reported that a confined-space attendant reported that the ventilation in the tank interior was running below capacity during the tank entry. The event traced back to a failure in communication or handover.,MEDIUM,Confined Space Entry,Hazardous atmosphere,Communication/handover failed,Confined Space
1720,"During the walk-down, a technician verified zero pressure before disconnecting during the shift.",LOW,Process Operation,Pressure release,No barrier failure / control effective,Energy Isolation
1721,An inspection noted that a worker worked in the area while the toxic-gas reading exceeded limits while entering the chamber. The observation was attributed to inadequate ventilation.,HIGH,Confined Space Entry,Hazardous atmosphere,Ventilation inadequate,Confined Space
1722,a storekeeper flagged that the workbench was cluttered during storage activity. The finding cited inadequate housekeeping controls.,MEDIUM,Storage,Poor housekeeping condition,Housekeeping control inadequate,
1723,The rescue drill was completed before the task during fire safety checks.,LOW,Fire Safety,Delayed rescue,No barrier failure / control effective,
1724,The shift handover mentioned that an equipment operator noted that the enclosure around the unit was incomplete during equipment operation. The finding cited inadequate ventilation.,MEDIUM,Equipment Operation,Noise exposure,Ventilation inadequate,No clear Life-Saving Rule detected
1725,a confined-space attendant started the tank entry with no gas detector available while entering the vessel. It was noted that a lapse in permit control.,HIGH,Confined Space Entry,Hazardous atmosphere,Permit control failed,Confined Space
1726,"During the walk-down, noise levels were checked and controls verified during equipment operation.",LOW,Equipment Operation,Noise exposure,No barrier failure / control effective,
1727,a scaffolder moved along the edge of the platform with no fall-arrest system in use during elevated maintenance.,HIGH,Work at Height,Fall from height,Edge protection absent,Working at Height
1728,A supervisor observed that a cleaner reported a slippery surface near the aisles while clearing the workspace. The event traced back to inadequate housekeeping controls.,MEDIUM,Housekeeping,Slip hazard,Housekeeping control inadequate,
1729,A near miss occurred when a ground worker confirmed the utilities were marked before digging while digging the trench.,LOW,Excavation,Utility strike,No barrier failure / control effective,Ground Disturbance
1730,A permit review found that a safety officer was not wearing the respirator in the dusty area during the PPE inspection. Follow-up identified a PPE compliance issue.,MEDIUM,PPE,PPE deficiency,PPE compliance issue,
1731,a mechanic operated the equipment while maintenance was still in progress while servicing the machine. Follow-up identified the stop-work control was not effective.,HIGH,Equipment Maintenance,Unexpected startup,Stop-work control failed,Energy Isolation
1732,A permit review found that a worker verified the permit conditions covered the hot work while welding.,LOW,Hot Work,Fire or explosion,No barrier failure / control effective,Hot Work
1733,A supervisor observed that an engineer operated the equipment which had no guarding during the safety inspection. The observation was attributed to a failure of the machine guarding.,HIGH,Inspection,Equipment failure,Guarding failed,
1734,A worker reported that a spotter noticed the reversing alarm was not audible while the vehicle was reversing. The finding cited the traffic segregation control was degraded.,MEDIUM,Vehicle Movement,Vehicle-pedestrian collision,Traffic segregation control degraded,Line of Fire
1735,A near miss occurred when housekeeping standards were maintained in the storage area.,LOW,Storage,Poor housekeeping condition,No barrier failure / control effective,
1736,a process operator opened the chemical line without confirming isolation during process operation. The finding cited inadequate ventilation.,HIGH,Process Operation,Chemical exposure,Ventilation inadequate,Toxic Gas
1737,A worker reported that an attendant found debris scattered across the access path in the common work area. This was linked to a previously identified corrective action was not closed out.,MEDIUM,Housekeeping,Slip hazard,Corrective action not completed,
1738,A supervisor observed that a permit issuer verified the permit conditions covered the hot work during the permit check.,LOW,Permit to Work,Fire or explosion,No barrier failure / control effective,Hot Work
1739,"During the walk-down, a worker reported a slippery surface near the common area while clearing the workspace.",MEDIUM,Housekeeping,Slip hazard,Housekeeping control inadequate,No clear Life-Saving Rule detected
1740,A supervisor observed that a maintenance fitter handled the pump without the required chemical gloves during the vessel clean-out. The finding cited a lapse in permit control.,HIGH,Chemical Maintenance,Chemical exposure,Permit control failed,Toxic Gas
1741,A supervisor observed that eye wash and PPE were verified before chemical handling during drum handling.,LOW,Chemical Handling,Chemical exposure,No barrier failure / control effective,Toxic Gas
1742,The shift handover mentioned that a worker started elevated work although the access ladder had no edge protection during elevated maintenance. The finding cited a failure of safe access controls.,HIGH,Work at Height,Fall from height,Safe access control failed,Working at Height
1743,a lifting supervisor found that the load weight was not confirmed before the lift while the crane was positioning the load. The observation was attributed to the lifting inspection was not completed.,MEDIUM,Lifting Operation,Dropped load,Lifting inspection not completed,Lifting Operations
1744,An inspection noted that a confined-space attendant checked that the gas detector was calibrated before the entry during confined-space entry.,LOW,Confined Space Entry,Hazardous atmosphere,No barrier failure / control effective,Confined Space
1745,a process operator handled the unit without the required chemical gloves during process operation. It was noted that a PPE compliance issue.,HIGH,Process Operation,Chemical exposure,PPE compliance issue,Toxic Gas
1746,An observation from the safety patrol noted that a worker found water pooling on the walkway during routine housekeeping rounds. This was linked to a previously identified corrective action was not closed out.,MEDIUM,Housekeeping,Slip hazard,Corrective action not completed,
1747,an operator checked that the containment was intact before the transfer during drum handling.,LOW,Chemical Handling,Chemical exposure,No barrier failure / control effective,Toxic Gas
1748,A permit review found that a worker worked below the platform while material was being handled above while moving the materials. This was linked to a failure to maintain the exclusion zone.,HIGH,Material Handling,Falling object,Exclusion zone failed,
1749,A near miss occurred when a fitter noted that the lockout was incomplete before the start test during maintenance. The event traced back to the energy isolation control was degraded.,MEDIUM,Maintenance,Unexpected startup,Energy isolation control degraded,Energy Isolation
1750,A near miss occurred when a first responder confirmed the attendant and rescue equipment were ready during emergency response.,LOW,Emergency Response,Delayed rescue,No barrier failure / control effective,Confined Space
1751,No significant hazard was identified during while managing the work zone.,LOW,Worksite Control,None identified,No barrier failure / control effective,
1752,a technician lifted the load above shoulder height repeatedly while lifting the heavy component. It was noted that the manual handling control was inadequate.,MEDIUM,Manual Handling,Musculoskeletal Injury,Manual handling control inadequate,No clear Life-Saving Rule detected
1753,"During the walk-down, a technician left tools unsecured on the pallet while moving the materials. The event traced back to inadequate tool control.",HIGH,Material Handling,Falling object,Tool control inadequate,
1754,a first responder confirmed the attendant and rescue equipment were ready while responding to the event.,LOW,Emergency Response,Delayed rescue,No barrier failure / control effective,Confined Space
1755,an operator reached the upper level while the guard rail on the access ladder had been removed during elevated maintenance. It was noted that edge protection was missing.,HIGH,Work at Height,Fall from height,Edge protection absent,Working at Height
1756,a supervisor observed stacked material leaning in the storage area while managing the work zone. The event traced back to a previously identified corrective action was not closed out.,MEDIUM,Worksite Control,Poor housekeeping condition,Corrective action not completed,No clear Life-Saving Rule detected
1757,an operator confirmed that the platform had adequate edge protection during elevated maintenance.,LOW,Work at Height,Fall from height,No barrier failure / control effective,Working at Height
1758,"During the walk-down, an electrician observed exposed conductors while the equipment was live during circuit repair. It was noted that the energy isolation was not applied.",HIGH,Electrical Maintenance,Electric shock or arc flash,Energy isolation failed,Energy Isolation
1759,An inspection noted that a lifting supervisor flagged that the sling angle exceeded the recommended limit while the crane was positioning the load. This was linked to the exclusion zone control was degraded.,MEDIUM,Lifting Operation,Dropped load,Exclusion zone control degraded,Lifting Operations
1760,a worker verified the atmospheric readings were within safe limits before while checking the ventilation.,LOW,Ventilation,Hazardous atmosphere,No barrier failure / control effective,Confined Space
1761,a technician reached into the machine parts while the guard was removed during mechanical maintenance. The event traced back to the energy isolation was not applied.,HIGH,Mechanical Maintenance,Entanglement,Energy isolation failed,Line of Fire
1762,a technician found the guard on the coupling was damaged during mechanical maintenance.,MEDIUM,Mechanical Maintenance,Entanglement,Guarding degraded,Line of Fire
1763,a worker verified the permit conditions covered the hot work during the grinding operation.,LOW,Hot Work,Fire or explosion,No barrier failure / control effective,Hot Work
1764,An observation from the safety patrol noted that a fitter closed the switch while another worker was inside the danger zone during the repair job. The event traced back to the energy isolation was not applied.,HIGH,Maintenance,Unexpected startup,Energy isolation failed,Energy Isolation
1765,An inspection noted that an operator noted that the enclosure around the unit was incomplete while running the equipment. The observation was attributed to inadequate ventilation.,MEDIUM,Equipment Operation,Noise exposure,Ventilation inadequate,
1766,Combustible materials were cleared from the hot work zone during the grinding operation.,LOW,Hot Work,Fire or explosion,No barrier failure / control effective,Hot Work
1767,"During the walk-down, a confined-space attendant opened the vessel while the ventilation was not running during the tank entry. It was noted that gas testing had not been performed before the task.",HIGH,Confined Space Entry,Hazardous atmosphere,Gas testing absent,Confined Space
1768,a technician reported an incomplete edge-protection section while working at height. The finding cited the required inspection was not completed.,MEDIUM,Work at Height,Fall from height,Inspection not completed,Working at Height
1769,A permit review found that noise levels were checked and controls verified while running the equipment.,LOW,Equipment Operation,Noise exposure,No barrier failure / control effective,
1770,The shift handover mentioned that a responder started the tank entry with no gas detector available during gas leak response. This was linked to gas testing had not been performed before the task.,HIGH,Gas Leak Response,Hazardous atmosphere,Gas testing absent,Toxic Gas
1771,a technician found that the isolation lock was not applied before the task during electrical maintenance. It was noted that the energy isolation control was degraded.,MEDIUM,Electrical Maintenance,Electric shock or arc flash,Energy isolation control degraded,Energy Isolation
1772,The isolation was tested and confirmed before the task during electrical maintenance.,LOW,Electrical Maintenance,Electric shock or arc flash,No barrier failure / control effective,Energy Isolation
1773,An observation from the safety patrol noted that a technician worked near the motor without hearing protection while running the equipment. Follow-up identified inadequate ventilation.,MEDIUM,Equipment Operation,Noise exposure,Ventilation inadequate,
1774,A supervisor observed that a confined-space attendant started the tank entry with no gas detector available during confined-space entry. It was noted that gas testing had not been performed before the task.,HIGH,Confined Space Entry,Hazardous atmosphere,Gas testing absent,Confined Space
1775,"During the walk-down, the spill was cleaned up promptly after being reported while clearing the workspace.",LOW,Housekeeping,Slip hazard,No barrier failure / control effective,
1776,A permit review found that a worker found waste material blocking the aisle in the storage area. This was linked to a previously identified corrective action was not closed out.,MEDIUM,Storage,Poor housekeeping condition,Corrective action not completed,
1777,a technician bypassed the interlock to keep the circuit running while servicing the switchgear. This was linked to a lapse in permit control.,HIGH,Electrical Maintenance,Electric shock or arc flash,Permit control failed,Energy Isolation
1778,a supervisor verified the trench support before entry during the excavation work.,LOW,Excavation,Utility strike,No barrier failure / control effective,Ground Disturbance
1779,an operator used the harness without inspecting it during leak investigation.,MEDIUM,Gas Leak Response,PPE deficiency,PPE compliance issue,
1780,The shift handover mentioned that a technician worked in the area while the toxic-gas reading exceeded limits while entering the chamber. The finding cited inadequate ventilation.,HIGH,Confined Space Entry,Hazardous atmosphere,Ventilation inadequate,Confined Space
1781,The shift handover mentioned that the toe boards were verified on the platform while working with the tool kit.,LOW,Hand Tools,Falling object,No barrier failure / control effective,
1782,a craftsman left tools unsecured on the hand tool during hand-tool work. It was noted that a failure to maintain the exclusion zone.,HIGH,Hand Tools,Falling object,Exclusion zone failed,
1783,a fitter found the restart procedure was not followed during the maintenance shutdown.,MEDIUM,Maintenance,Unexpected startup,Energy isolation control degraded,Energy Isolation
1784,"During the walk-down, a rigger checked that the tag line was rigged before lifting while the crane was positioning the load.",LOW,Lifting Operation,Dropped load,No barrier failure / control effective,Lifting Operations
1785,An inspection noted that an operator handled the heavy object without a mechanical aid while lifting the heavy component. The event traced back to the manual handling control was inadequate.,MEDIUM,Manual Handling,Musculoskeletal Injury,Manual handling control inadequate,
1786,An observation from the safety patrol noted that a technician verified that mechanical handling aids were available during the material transfer.,LOW,Manual Handling,Musculoskeletal Injury,No barrier failure / control effective,
1787,"During the walk-down, a technician worked on the live panel without isolating the supply while servicing the switchgear. This was linked to a lapse in permit control.",HIGH,Electrical Maintenance,Electric shock or arc flash,Permit control failed,Energy Isolation
1788,An inspection noted that a machine operator reached into the machine while the guard was removed while the machine was running. This was linked to the energy isolation was not applied.,HIGH,Machine Operation,Entanglement,Energy isolation failed,Line of Fire
1789,A near miss occurred when a permit issuer observed a minor steam leak from the connection while verifying the authorization. The observation was attributed to the required inspection was not completed.,MEDIUM,Permit to Work,Pressure release,Inspection not completed,Energy Isolation
1790,A near miss occurred when the rescue drill was completed before the task during emergency response.,LOW,Emergency Response,Delayed rescue,No barrier failure / control effective,Confined Space
1791,a technician worked near the unit without hearing protection while running the equipment. It was noted that inadequate ventilation.,MEDIUM,Equipment Operation,Noise exposure,Ventilation inadequate,
1792,A worker reported that a technician confirmed the required PPE was worn throughout while responding to the gas alarm.,LOW,Gas Leak Response,PPE deficiency,No barrier failure / control effective,
1793,an electrical supervisor performed repair work on the circuit without a voltage check while working on the panel. Follow-up identified the energy isolation was not applied.,HIGH,Electrical Maintenance,Electric shock or arc flash,Energy isolation failed,Energy Isolation
1794,"During the walk-down, an excavator operator worked in the trench without confirming the utility depth while working in the trench. It was noted that underground utility verification was not completed.",HIGH,Excavation,Utility strike,Utility verification failed,Ground Disturbance
1795,a worker found combustible items stored too close to the hot work area during the grinding operation. This was linked to the required inspection was not completed.,MEDIUM,Hot Work,Fire or explosion,Inspection not completed,Hot Work
1796,Gas testing was completed and the space was declared safe while responding to the gas alarm.,LOW,Gas Leak Response,Hazardous atmosphere,No barrier failure / control effective,Toxic Gas
1797,A supervisor observed that a welder proceeded with hot work although the permit did not match the site conditions during hot work.,HIGH,Hot Work,Fire or explosion,Permit control failed,Hot Work
1798,a worker noticed the reversing alarm was not audible during the yard move. The finding cited the traffic segregation control was degraded.,MEDIUM,Vehicle Movement,Vehicle-pedestrian collision,Traffic segregation control degraded,Line of Fire
1799,The shift handover mentioned that an auditor verified the edge protection was intact during during safety verification.,LOW,Safety Verification,Fall from height,No barrier failure / control effective,Working at Height
1800,a fire warden proceeded with hot work although the permit did not match the site conditions during the fire drill. The finding cited a lapse in permit control.,HIGH,Fire Safety,Fire or explosion,Permit control failed,Hot Work
1801,A supervisor observed that an attendant flagged uneven flooring in the work area during routine housekeeping rounds.,MEDIUM,Housekeeping,Slip hazard,Corrective action not completed,
1802,an inspector checked that the guards were fit before operating while inspecting the unit.,LOW,Equipment Inspection,Equipment failure,No barrier failure / control effective,
1803,a technician bypassed the interlock to keep the circuit running during circuit repair. Follow-up identified a lapse in permit control.,HIGH,Electrical Maintenance,Electric shock or arc flash,Permit control failed,Energy Isolation
1804,a worker found the restart procedure was not followed during maintenance. This was linked to the energy isolation control was degraded.,MEDIUM,Maintenance,Unexpected startup,Energy isolation control degraded,Energy Isolation
1805,A permit review found that a storekeeper confirmed the work area was clean after the task during storage activity.,LOW,Storage,Poor housekeeping condition,No barrier failure / control effective,
1806,The shift handover mentioned that an operator was not wearing the respirator in the dusty area during gas leak response. Follow-up identified a PPE compliance issue.,MEDIUM,Gas Leak Response,PPE deficiency,PPE compliance issue,
1807,a safety officer observed the safety clutch fail during during the audit. This was linked to a failure of the machine guarding.,HIGH,Inspection,Equipment failure,Guarding failed,
1808,A worker reported that the spill was cleaned up promptly after being reported in the common work area.,LOW,Housekeeping,Slip hazard,No barrier failure / control effective,
1809,an electrical supervisor observed exposed conductors while the equipment was live while servicing the switchgear.,HIGH,Electrical Maintenance,Electric shock or arc flash,Permit control failed,Energy Isolation
1810,A near miss occurred when a technician noted that the fire watch had not been briefed before during the grinding operation. It was noted that the combustible material control was degraded.,MEDIUM,Hot Work,Fire or explosion,Combustible control degraded,Hot Work
1811,The shift handover mentioned that the spill was cleaned up promptly after being reported during the shift cleanup.,LOW,Housekeeping,Slip hazard,No barrier failure / control effective,
1812,A supervisor observed that a cleaner noticed a tripping hazard from trailing cables while clearing the workspace. The finding cited inadequate housekeeping controls.,MEDIUM,Housekeeping,Slip hazard,Housekeeping control inadequate,
1813,A near miss occurred when a confined-space attendant entered the space despite the gas monitor alarm remaining active while entering the chamber.,HIGH,Confined Space Entry,Hazardous atmosphere,Ventilation inadequate,Confined Space
1814,an operator confirmed that fall protection was inspected and in place before during elevated maintenance.,LOW,Work at Height,Fall from height,No barrier failure / control effective,Working at Height
1815,A supervisor observed that a worker lifted the load above shoulder height repeatedly during manual handling.,MEDIUM,Manual Handling,Musculoskeletal Injury,Corrective action not completed,
1816,A permit review found that a worker operated the excavator while a worker was inside the swing radius during the yard move.,HIGH,Vehicle Movement,Vehicle-pedestrian collision,Stop-work control failed,Line of Fire
1817,a mechanic checked the energy-isolation register before the start during the maintenance shutdown.,LOW,Equipment Maintenance,Unexpected startup,No barrier failure / control effective,Energy Isolation
1818,"During the walk-down, an operator worked near the motor without hearing protection during the operational shift. This was linked to inadequate ventilation.",MEDIUM,Equipment Operation,Noise exposure,Ventilation inadequate,
1819,The shift handover mentioned that a supervisor worked in the trench without confirming the utility depth while digging the trench. Follow-up identified a lapse in permit control.,HIGH,Excavation,Utility strike,Permit control failed,Ground Disturbance
1820,a cleaner verified the walkway was clear after the task in the common work area.,LOW,Housekeeping,Slip hazard,No barrier failure / control effective,
1821,An inspection noted that a worker noticed a tripping hazard from trailing cables during routine housekeeping rounds. Follow-up identified inadequate housekeeping controls.,MEDIUM,Housekeeping,Slip hazard,Housekeeping control inadequate,
1822,a technician worked on the live panel without isolating the supply during circuit repair. It was noted that a lapse in permit control.,HIGH,Electrical Maintenance,Electric shock or arc flash,Permit control failed,Energy Isolation
1823,The guarding interlock was verified before the run during the mechanical repair.,LOW,Mechanical Maintenance,Entanglement,No barrier failure / control effective,Line of Fire
1824,a traffic marshal found the emergency pathway partially blocked while setting up the work area. Follow-up identified a previously identified corrective action was not closed out.,MEDIUM,Worksite Control,Poor housekeeping condition,Corrective action not completed,
1825,An observation from the safety patrol noted that a technician observed items overhanging the edge of the overhead shelf while moving the materials.,HIGH,Material Handling,Falling object,Tool control inadequate,
1826,A worker reported that a mechanic confirmed the guard was in place before start-up during mechanical maintenance.,LOW,Mechanical Maintenance,Entanglement,No barrier failure / control effective,Line of Fire
1827,a welder started grinding beside an open chemical container during hot work. It was noted that a lapse in permit control.,HIGH,Hot Work,Fire or explosion,Permit control failed,Hot Work
1828,The shift handover mentioned that an attendant found water pooling on the walkway in the common work area. The event traced back to inadequate housekeeping controls.,MEDIUM,Housekeeping,Slip hazard,Housekeeping control inadequate,
1829,a technician confirmed the fire watch and extinguishers were in place before during the grinding operation.,LOW,Hot Work,Fire or explosion,No barrier failure / control effective,Hot Work
1830,A worker reported that an operator operated the equipment while maintenance was still in progress during the maintenance shutdown. The event traced back to the energy isolation was not applied.,HIGH,Equipment Maintenance,Unexpected startup,Energy isolation failed,Energy Isolation
1831,An inspection noted that a technician found that the isolation lock was not applied before the task during circuit repair. The event traced back to the energy isolation control was degraded.,MEDIUM,Electrical Maintenance,Electric shock or arc flash,Energy isolation control degraded,Energy Isolation
1832,A worker reported that vehicle and pedestrian routes were segregated during the yard move.,LOW,Vehicle Movement,Vehicle-pedestrian collision,No barrier failure / control effective,Line of Fire
1833,a worker entered the space despite the gas monitor alarm remaining active while testing the airflow. The finding cited inadequate ventilation.,HIGH,Ventilation,Hazardous atmosphere,Ventilation inadequate,Confined Space
1834,an operator observed a worker without eye protection near the pipeline during leak investigation. Follow-up identified degraded equipment condition.,MEDIUM,Gas Leak Response,PPE deficiency,Equipment condition degraded,No clear Life-Saving Rule detected
1835,The shift handover mentioned that a worker confirmed the spotter was in position before reversing while the truck was moving.,LOW,Vehicle Movement,Vehicle-pedestrian collision,No barrier failure / control effective,Line of Fire
1836,a safety officer ran the equipment although the brake was reportedly faulty during the audit.,HIGH,Inspection,Equipment failure,Inspection not completed,
1837,a driver flagged that the pedestrian route crossed the vehicle path while the truck was moving.,MEDIUM,Vehicle Movement,Vehicle-pedestrian collision,Traffic segregation control degraded,Line of Fire
1838,a chemical handler confirmed the required PPE was worn throughout while moving the containers.,LOW,Chemical Handling,PPE deficiency,No barrier failure / control effective,
1839,No significant hazard was identified during during worksite setup.,LOW,Worksite Control,None identified,No barrier failure / control effective,
1840,A near miss occurred when a chemical technician transferred the chemical while the containment bund was damaged during chemical maintenance.,HIGH,Chemical Maintenance,Chemical exposure,PPE compliance issue,Toxic Gas
1841,a supervisor noted corrosion on the pressurized line during the permit check. It was noted that the required inspection was not completed.,MEDIUM,Permit to Work,Pressure release,Inspection not completed,Energy Isolation
1842,An inspection noted that the depressurization was confirmed before the work while reviewing the work permit.,LOW,Permit to Work,Pressure release,No barrier failure / control effective,Energy Isolation
1843,a maintenance technician started the unit while the isolation lock was not in place during the maintenance shutdown. It was noted that the energy isolation was not applied.,HIGH,Maintenance,Unexpected startup,Energy isolation failed,Energy Isolation
1844,a welder found combustible items stored too close to the hot work area during the grinding operation. The event traced back to the combustible material control was degraded.,MEDIUM,Hot Work,Fire or explosion,Combustible control degraded,Hot Work
1845,"During the walk-down, the equipment was verified as isolated before during maintenance.",LOW,Maintenance,Unexpected startup,No barrier failure / control effective,Energy Isolation
1846,A permit review found that a permit issuer removed the flange cover while the system was still pressurized while reviewing the work permit. Follow-up identified a lapse in permit control.,HIGH,Permit to Work,Pressure release,Permit control failed,Energy Isolation
1847,an attendant observed an obstruction blocking the aisle in the common work area. The finding cited inadequate housekeeping controls.,MEDIUM,Housekeeping,Slip hazard,Housekeeping control inadequate,
1848,An inspection noted that the guarding interlock was verified before the run while working on the drive.,LOW,Mechanical Maintenance,Entanglement,No barrier failure / control effective,Line of Fire
1849,a spotter drove through the pedestrian crossing without stopping while the truck was moving.,HIGH,Vehicle Movement,Vehicle-pedestrian collision,Stop-work control failed,Line of Fire
1850,The shift handover mentioned that an operator was not wearing the respirator in the dusty area while responding to the gas alarm. The event traced back to degraded equipment condition.,MEDIUM,Gas Leak Response,PPE deficiency,Equipment condition degraded,
1851,a safety officer checked that the tag line was rigged before lifting during the control check.,LOW,Safety Verification,Dropped load,No barrier failure / control effective,Line of Fire
1852,a worker entered the space despite the gas monitor alarm remaining active during confined-space entry. It was noted that a lapse in permit control.,HIGH,Confined Space Entry,Hazardous atmosphere,Permit control failed,Confined Space
1853,A permit review found that a worker found combustible items stored too close to the hot work area during the grinding operation.,MEDIUM,Hot Work,Fire or explosion,Combustible control degraded,Hot Work
1854,an entrant checked that the gas detector was calibrated before the entry while entering the vessel.,LOW,Confined Space Entry,Hazardous atmosphere,No barrier failure / control effective,Confined Space
1855,an operator performed the task without the required gloves during chemical handling. Follow-up identified degraded equipment condition.,MEDIUM,Chemical Handling,PPE deficiency,Equipment condition degraded,
1856,"During the walk-down, a confined-space attendant began work although the rescue plan was not established during the tank entry. This was linked to no emergency rescue plan was in place.",HIGH,Confined Space Entry,Delayed rescue,Emergency/rescue plan absent,Confined Space
1857,an inspector confirmed the equipment passed the pre-start check during the safety inspection.,LOW,Inspection,Equipment failure,No barrier failure / control effective,
1858,a driver walked into the path of the moving vehicle while the vehicle was reversing. It was noted that the traffic segregation controls had broken down.,HIGH,Vehicle Movement,Vehicle-pedestrian collision,Traffic segregation failed,Line of Fire
1859,a worker flagged that continuous gas monitoring was intermittent during the tank entry. The finding cited a failure in communication or handover.,MEDIUM,Confined Space Entry,Hazardous atmosphere,Communication/handover failed,Confined Space
1860,Vehicle and pedestrian routes were segregated while the truck was moving.,LOW,Vehicle Movement,Vehicle-pedestrian collision,No barrier failure / control effective,Line of Fire
1861,a scaffolder worked on the elevated platform without any fall protection during elevated maintenance.,HIGH,Work at Height,Fall from height,Edge protection absent,Working at Height
1862,a ground worker flagged that the trench had no ladder access during excavation. This was linked to the utility verification was not completed.,MEDIUM,Excavation,Utility strike,Utility verification not completed,Ground Disturbance
1863,a cleaner confirmed the drain was clear in the work area in the common work area.,LOW,Housekeeping,Slip hazard,No barrier failure / control effective,
1864,a responder began work although the rescue plan was not established while managing the incident. The finding cited no emergency rescue plan was in place.,HIGH,Emergency Response,Delayed rescue,Emergency/rescue plan absent,Confined Space
1865,a warehouse attendant observed stacked material leaning in the storage area in the storage area. The event traced back to a previously identified corrective action was not closed out.,MEDIUM,Storage,Poor housekeeping condition,Corrective action not completed,
1866,A permit review found that an excavator operator confirmed the utilities were marked before digging while working in the trench.,LOW,Excavation,Utility strike,No barrier failure / control effective,Ground Disturbance
1867,A near miss occurred when a chemical handler observed a worker without eye protection near the transfer line while transferring the chemical. It was noted that a PPE compliance issue.,MEDIUM,Chemical Handling,PPE deficiency,PPE compliance issue,
1868,A supervisor observed that a mechanic positioned a hand near the rotating shaft while aligning the components. Follow-up identified a failure of the machine guarding.,HIGH,Mechanical Maintenance,Entanglement,Guarding failed,Line of Fire
1869,an auditor checked that the tag line was rigged before lifting while verifying critical controls.,LOW,Safety Verification,Dropped load,No barrier failure / control effective,Line of Fire
1870,A worker reported that a technician observed sparks landing on flammable material while responding to the gas alarm. The finding cited combustible materials were not controlled.,HIGH,Gas Leak Response,Fire or explosion,Combustible control failed,Toxic Gas
1871,A permit review found that a traffic marshal noted that the utility drawings were outdated while setting up the work area. This was linked to the required inspection was not completed.,MEDIUM,Worksite Control,Utility strike,Inspection not completed,Ground Disturbance
1872,a technician checked that the extinguisher charge was valid before while assessing the release.,LOW,Gas Leak Response,Fire or explosion,No barrier failure / control effective,Toxic Gas
1873,a safety officer was inside the space while the retrieval system was not rigged while responding to the event. This was linked to no emergency rescue plan was in place.,HIGH,Emergency Response,Delayed rescue,Emergency/rescue plan absent,Confined Space
1874,"During the walk-down, an inspector observed the emergency stop not working properly during the inspection. The event traced back to the required inspection was not completed.",MEDIUM,Inspection,Equipment failure,Inspection not completed,
1875,An inspection noted that a worker confirmed the lockout-tagout was complete before restarting during the maintenance shutdown.,LOW,Maintenance,Unexpected startup,No barrier failure / control effective,Energy Isolation
1876,a worker moved the vehicle while the spotter had not cleared the route while the vehicle was reversing. The finding cited the stop-work control was not effective.,HIGH,Vehicle Movement,Vehicle-pedestrian collision,Stop-work control failed,Line of Fire
1877,an electrician observed a damaged cable on the energized line while working on the panel. The event traced back to the energy isolation control was degraded.,MEDIUM,Electrical Maintenance,Electric shock or arc flash,Energy isolation control degraded,Energy Isolation
1878,A worker reported that pPE was issued and inspected before the task during chemical handling.,LOW,Chemical Handling,PPE deficiency,No barrier failure / control effective,
1879,The shift handover mentioned that a supervisor struck the buried cable while excavating while working in the trench. The observation was attributed to the excavation was not properly supported.,HIGH,Excavation,Utility strike,Excavation support failed,Ground Disturbance
1880,a cleaner noticed a tripping hazard from trailing cables in the common work area.,MEDIUM,Housekeeping,Slip hazard,Corrective action not completed,No clear Life-Saving Rule detected
1881,An observation from the safety patrol noted that the isolation was tested and confirmed before the task while working on the panel.,LOW,Electrical Maintenance,Electric shock or arc flash,No barrier failure / control effective,Energy Isolation
1882,a mechanic reached into the coupling while the guard was removed while aligning the components. The observation was attributed to a failure of the machine guarding.,HIGH,Mechanical Maintenance,Entanglement,Guarding failed,Line of Fire
1883,A near miss occurred when an attendant reported a slippery surface near the cleaning area during routine housekeeping rounds. Follow-up identified a previously identified corrective action was not closed out.,MEDIUM,Housekeeping,Slip hazard,Corrective action not completed,No clear Life-Saving Rule detected
1884,"During the walk-down, the inspection certificate was verified before use during the repair.",LOW,Hand Tools,Equipment failure,No barrier failure / control effective,
1885,a worker drove through the pedestrian crossing without stopping while the vehicle was reversing. This was linked to the stop-work control was not effective.,HIGH,Vehicle Movement,Vehicle-pedestrian collision,Stop-work control failed,Line of Fire
1886,An observation from the safety patrol noted that a supervisor found the excavation edge unsupported while digging the trench. This was linked to the utility verification was not completed.,MEDIUM,Excavation,Utility strike,Utility verification not completed,Ground Disturbance
1887,a maintenance technician confirmed the lockout-tagout was complete before restarting while the equipment was being worked on.,LOW,Maintenance,Unexpected startup,No barrier failure / control effective,Energy Isolation
1888,a crane operator noticed the load swinging over the occupied area during the critical lift. The event traced back to a failure to maintain the exclusion zone.,HIGH,Lifting Operation,Dropped load,Exclusion zone failed,Lifting Operations
1889,a welder observed residual flammable vapors near the work zone while performing hot work. It was noted that the combustible material control was degraded.,MEDIUM,Hot Work,Fire or explosion,Combustible control degraded,Hot Work
1890,a supervisor reported that the pedestrian route operated as expected while setting up the work area.,LOW,Worksite Control,None identified,No barrier failure / control effective,
1891,An inspection noted that vehicle and pedestrian routes were segregated while the vehicle was reversing.,LOW,Vehicle Movement,Vehicle-pedestrian collision,No barrier failure / control effective,Line of Fire
1892,a maintenance technician operated the machine while maintenance was still in progress during the repair job. The event traced back to the energy isolation was not applied.,HIGH,Maintenance,Unexpected startup,Energy isolation failed,Energy Isolation
1893,A worker reported that a maintenance technician observed the equipment starting without the safety interlock while the unit was down. The event traced back to the energy isolation control was degraded.,MEDIUM,Equipment Maintenance,Unexpected startup,Energy isolation control degraded,Energy Isolation
1894,The shift handover mentioned that an inspector verified the edge protection was intact during during the scheduled inspection.,LOW,Equipment Inspection,Fall from height,No barrier failure / control effective,Working at Height
1895,An observation from the safety patrol noted that a worker operated the excavator while a worker was inside the swing radius while the vehicle was reversing. Follow-up identified the stop-work control was not effective.,HIGH,Vehicle Movement,Vehicle-pedestrian collision,Stop-work control failed,Line of Fire
1896,a technician observed a dropped tool in the vicinity while stacking the pallets. It was noted that inadequate housekeeping controls.,MEDIUM,Material Handling,Falling object,Housekeeping control inadequate,
1897,a mechanic confirmed the guard was in place before start-up during the mechanical repair.,LOW,Mechanical Maintenance,Entanglement,No barrier failure / control effective,Line of Fire
1898,The shift handover mentioned that an electrical supervisor worked on the live panel without isolating the supply during circuit repair. The observation was attributed to a lapse in permit control.,HIGH,Electrical Maintenance,Electric shock or arc flash,Permit control failed,Energy Isolation
1899,"During the walk-down, an operator observed chemical vapors near the open container while moving the containers. It was noted that inadequate housekeeping controls.",MEDIUM,Chemical Handling,Chemical exposure,Housekeeping control inadequate,Toxic Gas
1900,The shift handover mentioned that an equipment operator confirmed hearing protection was used near the noisy equipment during equipment operation.,LOW,Equipment Operation,Noise exposure,No barrier failure / control effective,
1901,a worker observed the crane load passing directly over personnel during the lifting operation. The observation was attributed to a failure to maintain the exclusion zone.,HIGH,Lifting Operation,Dropped load,Exclusion zone failed,Lifting Operations
1902,A near miss occurred when a welder noted that the fire watch had not been briefed before during hot work.,MEDIUM,Hot Work,Fire or explosion,Combustible control degraded,Hot Work
1903,a maintenance technician checked the energy-isolation register before the start while servicing the machine.,LOW,Equipment Maintenance,Unexpected startup,No barrier failure / control effective,Energy Isolation
1904,The shift handover mentioned that an electrician performed repair work on the circuit without a voltage check while servicing the switchgear. The event traced back to a lapse in permit control.,HIGH,Electrical Maintenance,Electric shock or arc flash,Permit control failed,Energy Isolation
1905,a technician flagged abnormal vibration from the equipment while inspecting the unit. It was noted that the required inspection was not completed.,MEDIUM,Equipment Inspection,Equipment failure,Inspection not completed,
1906,a fitter confirmed the guard was in place before start-up while aligning the components.,LOW,Mechanical Maintenance,Entanglement,No barrier failure / control effective,Line of Fire
1907,An inspection noted that a worker started the tank entry with no gas detector available during confined-space entry.,HIGH,Confined Space Entry,Hazardous atmosphere,Ventilation inadequate,Confined Space
1908,A worker reported that a fitter observed loose clothing near the rotating equipment during the mechanical repair. Follow-up identified the required inspection was not completed.,MEDIUM,Mechanical Maintenance,Entanglement,Inspection not completed,Line of Fire
1909,A supervisor observed that a technician confirmed the chemical was stored in the correct container during the shift.,LOW,Process Operation,Chemical exposure,No barrier failure / control effective,Toxic Gas
1910,a maintenance technician re-energized the equipment without clearing the work party during the repair job. The observation was attributed to the energy isolation was not applied.,HIGH,Maintenance,Unexpected startup,Energy isolation failed,Energy Isolation
1911,a safety officer performed the task without the required gloves while checking PPE compliance. The observation was attributed to degraded equipment condition.,MEDIUM,PPE,PPE deficiency,Equipment condition degraded,No clear Life-Saving Rule detected
1912,An observation from the safety patrol noted that vehicle and pedestrian routes were segregated while the vehicle was reversing.,LOW,Vehicle Movement,Vehicle-pedestrian collision,No barrier failure / control effective,Line of Fire
1913,"During the walk-down, an electrical supervisor worked on the live panel without isolating the supply during electrical maintenance. This was linked to a lapse in permit control.",HIGH,Electrical Maintenance,Electric shock or arc flash,Permit control failed,Energy Isolation
1914,a worker found the traffic segregation barrier displaced while the vehicle was reversing. The event traced back to the traffic segregation control was degraded.,MEDIUM,Vehicle Movement,Vehicle-pedestrian collision,Traffic segregation control degraded,Line of Fire
1915,A supervisor observed that combustible materials were cleared from the hot work zone while performing hot work.,LOW,Hot Work,Fire or explosion,No barrier failure / control effective,Hot Work
1916,a worker started the tank entry with no gas detector available during the confined-space prep. This was linked to inadequate ventilation.,HIGH,Ventilation,Hazardous atmosphere,Ventilation inadequate,Confined Space
1917,"During the walk-down, a supervisor observed a minor steam leak from the connection while reviewing the work permit. This was linked to the required inspection was not completed.",MEDIUM,Permit to Work,Pressure release,Inspection not completed,Energy Isolation
1918,Combustible materials were cleared from the hot work zone during hot work.,LOW,Hot Work,Fire or explosion,No barrier failure / control effective,Hot Work
1919,A worker reported that a material handler lifted material without a toe board on the platform while moving the materials. Follow-up identified a failure to maintain the exclusion zone.,HIGH,Material Handling,Falling object,Exclusion zone failed,
1920,an operator carried the load alone without assistance while lifting the heavy component. It was noted that the manual handling control was inadequate.,MEDIUM,Manual Handling,Musculoskeletal Injury,Manual handling control inadequate,
1921,A worker reported that the lifting plan was reviewed and the exclusion zone maintained while the load was being moved.,LOW,Lifting Operation,Dropped load,No barrier failure / control effective,Lifting Operations
1922,An observation from the safety patrol noted that an auditor reached the upper level while the guard rail on the records had been removed during the control check. Follow-up identified a failure of safe access controls.,HIGH,Safety Verification,Fall from height,Safe access control failed,Working at Height
1923,a worker reported an incomplete edge-protection section during elevated maintenance. The observation was attributed to the required inspection was not completed.,MEDIUM,Work at Height,Fall from height,Inspection not completed,Working at Height
1924,A worker reported that a lifting supervisor verified the rigging was inspected for the lift while the load was being moved.,LOW,Lifting Operation,Dropped load,No barrier failure / control effective,Lifting Operations
1925,a fire warden was inside the space while the retrieval system was not rigged during fire safety checks. The event traced back to no emergency rescue plan was in place.,HIGH,Fire Safety,Delayed rescue,Emergency/rescue plan absent,
1926,a spotter noticed the reversing alarm was not audible during vehicle movement. The event traced back to the traffic segregation control was degraded.,MEDIUM,Vehicle Movement,Vehicle-pedestrian collision,Traffic segregation control degraded,Line of Fire
1927,An observation from the safety patrol noted that a worker verified that mechanical handling aids were available during the material transfer.,LOW,Manual Handling,Musculoskeletal Injury,No barrier failure / control effective,
1928,A supervisor observed that a crane operator used rigging on the lifting gear that showed signs of wear before the lift while the load was being moved. It was noted that a failure to maintain the exclusion zone.,HIGH,Lifting Operation,Dropped load,Exclusion zone failed,Lifting Operations
1929,"During the walk-down, an authorized worker found the pressure gauge reading was not recorded while reviewing the work permit.",MEDIUM,Permit to Work,Pressure release,Inspection not completed,Energy Isolation
1930,A near miss occurred when the excavation permit and utility survey were reviewed during the excavation work.,LOW,Excavation,Utility strike,No barrier failure / control effective,Ground Disturbance
1931,a worker entered the space despite the gas monitor alarm remaining active during confined-space entry. The event traced back to inadequate ventilation.,HIGH,Confined Space Entry,Hazardous atmosphere,Ventilation inadequate,Confined Space
1932,A permit review found that a worker found the emergency pathway partially blocked while setting up the work area. The event traced back to a previously identified corrective action was not closed out.,MEDIUM,Worksite Control,Poor housekeeping condition,Corrective action not completed,No clear Life-Saving Rule detected
1933,The shift handover mentioned that an operator confirmed the lockout-tagout was complete before restarting while servicing the machine.,LOW,Equipment Maintenance,Unexpected startup,No barrier failure / control effective,Energy Isolation
1934,a safety officer ran the equipment although the brake was reportedly faulty while inspecting the unit.,HIGH,Equipment Inspection,Equipment failure,Guarding failed,
1935,"During the walk-down, a technician observed that the initial atmosphere check was recorded late while entering the chamber.",MEDIUM,Confined Space Entry,Hazardous atmosphere,Communication/handover failed,Confined Space
1936,PPE was issued and inspected before the task while checking PPE compliance.,LOW,PPE,PPE deficiency,No barrier failure / control effective,
1937,a ground worker started digging before the underground utilities were located during excavation. The event traced back to underground utility verification was not completed.,HIGH,Excavation,Utility strike,Utility verification failed,Ground Disturbance
1938,The shift handover mentioned that a crane operator noted the barricade around the lift area was incomplete while the crane was positioning the load. The observation was attributed to the lifting inspection was not completed.,MEDIUM,Lifting Operation,Dropped load,Lifting inspection not completed,Lifting Operations
1939,a supervisor verified that spare PPE was available at the worksite during the shift.,LOW,PPE,PPE deficiency,No barrier failure / control effective,
1940,an auditor reported that the verification checklist operated as expected while verifying critical controls.,LOW,Safety Verification,None identified,No barrier failure / control effective,
1941,a worker observed the crane load passing directly over personnel while the load was being moved. The observation was attributed to the pre-lift inspection was skipped.,HIGH,Lifting Operation,Dropped load,Lifting inspection failed,Lifting Operations
1942,"During the walk-down, a fitter flagged that the interlock had been defeated while working on the drive. It was noted that the required inspection was not completed.",MEDIUM,Mechanical Maintenance,Entanglement,Inspection not completed,Line of Fire
1943,A worker reported that combustible materials were cleared from the hot work zone while reviewing the work permit.,LOW,Permit to Work,Fire or explosion,No barrier failure / control effective,Hot Work
1944,a technician started elevated work although the access ladder had no edge protection while accessing the upper platform. The observation was attributed to fall protection was not in place.,HIGH,Work at Height,Fall from height,Fall protection absent,Working at Height
1945,A supervisor observed that a cleaner noticed a tripping hazard from trailing cables during routine housekeeping rounds. The observation was attributed to a previously identified corrective action was not closed out.,MEDIUM,Housekeeping,Slip hazard,Corrective action not completed,
1946,A near miss occurred when a technician checked that the gas detector was calibrated before the entry while assessing the release.,LOW,Gas Leak Response,Hazardous atmosphere,No barrier failure / control effective,Toxic Gas
1947,A supervisor observed that a worker opened the vessel while the ventilation was not running during the tank entry. It was noted that inadequate ventilation.,HIGH,Confined Space Entry,Hazardous atmosphere,Ventilation inadequate,Confined Space
1948,an operator noted the pinch point was exposed during the task while operating the press. The finding cited the guarding was degraded.,MEDIUM,Machine Operation,Entanglement,Guarding degraded,Line of Fire
1949,a technician confirmed all tools were tethered before during the transfer.,LOW,Material Handling,Falling object,No barrier failure / control effective,
1950,A worker reported that an authorized worker removed the flange cover while the system was still pressurized while reviewing the work permit. The observation was attributed to the energy isolation was not applied.,HIGH,Permit to Work,Pressure release,Energy isolation failed,Energy Isolation
1951,A near miss occurred when no significant hazard was identified during during the shift.,LOW,Worksite Control,None identified,No barrier failure / control effective,
1952,A permit review found that a craftsman found objects stored above head height without a toe board during hand-tool work. This was linked to inadequate housekeeping controls.,MEDIUM,Hand Tools,Falling object,Housekeeping control inadequate,
1953,An observation from the safety patrol noted that a supervisor verified that spare PPE was available at the worksite during the PPE inspection.,LOW,PPE,PPE deficiency,No barrier failure / control effective,
1954,a ground worker worked in the trench without confirming the utility depth during excavation. It was noted that underground utility verification was not completed.,HIGH,Excavation,Utility strike,Utility verification failed,Ground Disturbance
1955,an excavator operator found the excavation edge unsupported during the excavation work. It was noted that the required inspection was not completed.,MEDIUM,Excavation,Utility strike,Inspection not completed,Ground Disturbance
1956,Housekeeping standards were maintained during worksite setup.,LOW,Worksite Control,Poor housekeeping condition,No barrier failure / control effective,
1957,a technician worked on the live panel without isolating the supply during circuit repair. The event traced back to the energy isolation was not applied.,HIGH,Electrical Maintenance,Electric shock or arc flash,Energy isolation failed,Energy Isolation
1958,A near miss occurred when a worker noticed loose parts on the elevated walkway while working with the tool kit. Follow-up identified inadequate housekeeping controls.,MEDIUM,Hand Tools,Falling object,Housekeeping control inadequate,
1959,The shift handover mentioned that a supervisor verified the trench support before entry during excavation.,LOW,Excavation,Utility strike,No barrier failure / control effective,Ground Disturbance
1960,An inspection noted that a safety officer reported that the records operated as expected during safety verification.,LOW,Safety Verification,None identified,No barrier failure / control effective,
1961,a worker used the harness without inspecting it during the shift. The observation was attributed to a PPE compliance issue.,MEDIUM,PPE,PPE deficiency,PPE compliance issue,
1962,An inspection noted that a fitter observed the machine cycle unexpectedly during the repair while the equipment was being worked on. Follow-up identified the stop-work control was not effective.,HIGH,Maintenance,Unexpected startup,Stop-work control failed,Energy Isolation
1963,"During the walk-down, a rigger checked that the tag line was rigged before lifting while the load was being moved.",LOW,Lifting Operation,Dropped load,No barrier failure / control effective,Lifting Operations
1964,The shift handover mentioned that a process operator opened the vessel before depressurization was verified while the process unit was running.,HIGH,Process Operation,Pressure release,Permit control failed,Energy Isolation
1965,The shift handover mentioned that a technician found the guard on the line was damaged during machine operation.,MEDIUM,Machine Operation,Entanglement,Inspection not completed,Line of Fire
1966,a worker verified the reversing alarm was working before the move while the vehicle was reversing.,LOW,Vehicle Movement,Vehicle-pedestrian collision,No barrier failure / control effective,Line of Fire
1967,A worker reported that a ventilation technician opened the vessel while the ventilation was not running while testing the airflow.,HIGH,Ventilation,Hazardous atmosphere,Ventilation inadequate,Confined Space
1968,An observation from the safety patrol noted that a worker found the restart procedure was not followed during maintenance.,MEDIUM,Maintenance,Unexpected startup,Energy isolation control degraded,Energy Isolation
1969,The shift handover mentioned that a worker verified the walkway was clear after the task during the shift cleanup.,LOW,Housekeeping,Slip hazard,No barrier failure / control effective,
1970,A worker reported that a technician began welding while no fire watch was stationed during hot work. The event traced back to a lapse in permit control.,HIGH,Hot Work,Fire or explosion,Permit control failed,Hot Work
1971,An inspection noted that a fitter observed loose clothing near the rotating equipment while aligning the components. The event traced back to the guarding was degraded.,MEDIUM,Mechanical Maintenance,Entanglement,Guarding degraded,Line of Fire
1972,a technician checked that the extinguisher charge was valid before while welding.,LOW,Hot Work,Fire or explosion,No barrier failure / control effective,Hot Work
1973,A worker reported that a worker accessed the scaffold while the edge protection was missing while accessing the upper platform. The finding cited a failure of safe access controls.,HIGH,Work at Height,Fall from height,Safe access control failed,Working at Height
1974,a confined-space attendant observed that the initial atmosphere check was recorded late during the tank entry. It was noted that a failure in communication or handover.,MEDIUM,Confined Space Entry,Hazardous atmosphere,Communication/handover failed,Confined Space
1975,A permit review found that gas testing was completed and the space was declared safe during confined-space entry.,LOW,Confined Space Entry,Hazardous atmosphere,No barrier failure / control effective,Confined Space
1976,An observation from the safety patrol noted that an operator carried the load alone without assistance while lifting the heavy component. This was linked to a previously identified corrective action was not closed out.,MEDIUM,Manual Handling,Musculoskeletal Injury,Corrective action not completed,
1977,A supervisor observed that a maintenance technician closed the switch while another worker was inside the danger zone while servicing the machine. This was linked to the energy isolation was not applied.,HIGH,Equipment Maintenance,Unexpected startup,Energy isolation failed,Energy Isolation
1978,a technician verified the circuit was dead before starting work during circuit repair.,LOW,Electrical Maintenance,Electric shock or arc flash,No barrier failure / control effective,Energy Isolation
1979,a crane operator noticed the load swinging over the occupied area during the critical lift. This was linked to the pre-lift inspection was skipped.,HIGH,Lifting Operation,Dropped load,Lifting inspection failed,Lifting Operations
1980,A supervisor observed that a confined-space attendant noticed that gas testing was performed with a non-calibrated detector while entering the chamber. The event traced back to a failure in communication or handover.,MEDIUM,Confined Space Entry,Hazardous atmosphere,Communication/handover failed,Confined Space
1981,an operator verified that spare PPE was available at the worksite while assessing the release.,LOW,Gas Leak Response,PPE deficiency,No barrier failure / control effective,
1982,A permit review found that a cleaner observed an obstruction blocking the aisle while clearing the workspace.,MEDIUM,Housekeeping,Slip hazard,Corrective action not completed,
1983,a welder began welding while no fire watch was stationed during hot work. The observation was attributed to no fire watch was present.,HIGH,Hot Work,Fire or explosion,Fire watch absent,Hot Work
1984,A near miss occurred when combustible materials were cleared from the hot work zone while welding.,LOW,Hot Work,Fire or explosion,No barrier failure / control effective,Hot Work
1985,an operator climbed the scaffold without attaching the safety harness while working at height. The observation was attributed to edge protection was missing.,HIGH,Work at Height,Fall from height,Edge protection absent,Working at Height
1986,an attendant found water pooling on the walkway during routine housekeeping rounds.,MEDIUM,Housekeeping,Slip hazard,Corrective action not completed,
1987,a worker confirmed that the platform had adequate edge protection while accessing the upper platform.,LOW,Work at Height,Fall from height,No barrier failure / control effective,Working at Height
1988,A permit review found that a worker reached the upper level while the guard rail on the platform had been removed during elevated maintenance. It was noted that edge protection was missing.,HIGH,Work at Height,Fall from height,Edge protection absent,Working at Height
1989,a supervisor flagged that the trench had no ladder access during excavation. The observation was attributed to the required inspection was not completed.,MEDIUM,Excavation,Utility strike,Inspection not completed,Ground Disturbance
1990,Combustible materials were cleared from the hot work zone during the fire drill.,LOW,Fire Safety,Fire or explosion,No barrier failure / control effective,Hot Work
1991,An inspection noted that a lifting supervisor observed the crane load passing directly over personnel while the load was being moved. The event traced back to the pre-lift inspection was skipped.,HIGH,Lifting Operation,Dropped load,Lifting inspection failed,Lifting Operations
1992,an inspector noted that the inspection certificate for the assembly was overdue while inspecting the unit.,MEDIUM,Equipment Inspection,Equipment failure,Inspection not completed,
1993,an entrant verified the atmospheric readings were within safe limits before while entering the chamber.,LOW,Confined Space Entry,Hazardous atmosphere,No barrier failure / control effective,Confined Space
1994,a mechanic worked close to the moving parts without guarding while working on the drive. The finding cited a failure of the machine guarding.,HIGH,Mechanical Maintenance,Entanglement,Guarding failed,Line of Fire
1995,A worker reported that a worker noticed that gas testing was performed with a non-calibrated detector during confined-space entry.,MEDIUM,Confined Space Entry,Hazardous atmosphere,Gas testing not completed,Confined Space
1996,A near miss occurred when a worker confirmed the drain was clear in the work area during routine housekeeping rounds.,LOW,Housekeeping,Slip hazard,No barrier failure / control effective,
1997,A worker reported that an inspector worked on the elevated platform without any fall protection during the audit.,HIGH,Inspection,Fall from height,Edge protection absent,Working at Height
1998,The shift handover mentioned that an entrant noticed that gas testing was performed with a non-calibrated detector while entering the vessel. The event traced back to a failure in communication or handover.,MEDIUM,Confined Space Entry,Hazardous atmosphere,Communication/handover failed,Confined Space
1999,a technician confirmed that the elevated work platform had adequate edge protection while accessing the upper platform.,LOW,Work at Height,Fall from height,No barrier failure / control effective,Working at Height
2000,a worker proceeded with hot work although the permit did not match the site conditions during the fire drill.,HIGH,Fire Safety,Fire or explosion,Fire watch absent,Hot Work
2001,A near miss occurred when a chemical handler found the chemical container unlabeled during chemical handling. Follow-up identified a PPE compliance issue.,MEDIUM,Chemical Handling,Chemical exposure,PPE compliance issue,Toxic Gas
2002,A permit review found that a lifting supervisor verified the rigging was inspected for the lift while the load was being moved.,LOW,Lifting Operation,Dropped load,No barrier failure / control effective,Lifting Operations
2003,an operator bypassed the interlock to keep the circuit running while the unit was down. This was linked to the energy isolation was not applied.,HIGH,Equipment Maintenance,Electric shock or arc flash,Energy isolation failed,Energy Isolation
2004,a worker found objects stored above head height without a toe board during the repair. It was noted that inadequate housekeeping controls.,MEDIUM,Hand Tools,Falling object,Housekeeping control inadequate,
2005,The shift handover mentioned that a technician confirmed the required PPE was worn throughout while performing hot work.,LOW,Hot Work,PPE deficiency,No barrier failure / control effective,
2006,a supervisor used the harness without inspecting it while preparing for the task. Follow-up identified degraded equipment condition.,MEDIUM,PPE,PPE deficiency,Equipment condition degraded,
2007,an electrician performed repair work on the circuit without a voltage check while servicing the switchgear. The event traced back to the energy isolation was not applied.,HIGH,Electrical Maintenance,Electric shock or arc flash,Energy isolation failed,Energy Isolation
2008,An observation from the safety patrol noted that a technician checked that the containment was intact before the transfer during process operation.,LOW,Process Operation,Chemical exposure,No barrier failure / control effective,Toxic Gas
2009,A supervisor observed that a maintenance technician closed the switch while another worker was inside the danger zone during the maintenance shutdown.,HIGH,Equipment Maintenance,Unexpected startup,Stop-work control failed,Energy Isolation
2010,an attendant reported a slippery surface near the aisles in the common work area. The finding cited a previously identified corrective action was not closed out.,MEDIUM,Housekeeping,Slip hazard,Corrective action not completed,
2011,A near miss occurred when an operator confirmed the equipment passed the pre-start check while servicing the machine.,LOW,Equipment Maintenance,Equipment failure,No barrier failure / control effective,Energy Isolation
2012,a crane operator observed the crane load passing directly over personnel while the load was being moved. Follow-up identified the pre-lift inspection was skipped.,HIGH,Lifting Operation,Dropped load,Lifting inspection failed,Lifting Operations
2013,a spotter flagged that the pedestrian route crossed the vehicle path during the yard move. The finding cited the traffic segregation control was degraded.,MEDIUM,Vehicle Movement,Vehicle-pedestrian collision,Traffic segregation control degraded,Line of Fire
2014,A supervisor observed that gas testing was completed and the space was declared safe during confined-space entry.,LOW,Confined Space Entry,Hazardous atmosphere,No barrier failure / control effective,Confined Space
2015,An inspection noted that a fitter cleared a blockage while the conveyor was still running during the mechanical repair. The event traced back to the energy isolation was not applied.,HIGH,Mechanical Maintenance,Entanglement,Energy isolation failed,Line of Fire
2016,A worker reported that a technician found the gas detector battery low before the task while entering the chamber. The event traced back to the gas testing was not completed.,MEDIUM,Confined Space Entry,Hazardous atmosphere,Gas testing not completed,Confined Space
2017,"During the walk-down, a supervisor verified that waste was segregated properly while managing the work zone.",LOW,Worksite Control,Poor housekeeping condition,No barrier failure / control effective,
2018,a worker carried out hot work near the hot-work zone without an extinguisher close by during hot work. The event traced back to no fire watch was present.,HIGH,Hot Work,Fire or explosion,Fire watch absent,Hot Work
2019,a technician flagged that the interlock had been defeated during mechanical maintenance. The observation was attributed to the guarding was degraded.,MEDIUM,Mechanical Maintenance,Entanglement,Guarding degraded,Line of Fire
2020,A permit review found that a supervisor confirmed the drop zone was clear before the load was raised during the field verification.,LOW,Safety Verification,Dropped load,No barrier failure / control effective,Line of Fire
2021,An observation from the safety patrol noted that a supervisor disconnected the line while pressure remained in it during the permit check. It was noted that a lapse in permit control.,HIGH,Permit to Work,Pressure release,Permit control failed,Energy Isolation
2022,A near miss occurred when an entrant flagged that the rescue drill had not been conducted recently during confined-space entry. The observation was attributed to no emergency rescue plan was in place.,MEDIUM,Confined Space Entry,Delayed rescue,Emergency/rescue plan absent,Confined Space
2023,a warehouse attendant confirmed the work area was clean after the task during storage activity.,LOW,Storage,Poor housekeeping condition,No barrier failure / control effective,
2024,A permit review found that a chemical handler transferred the chemical while the containment bund was damaged while moving the containers. Follow-up identified inadequate ventilation.,HIGH,Chemical Handling,Chemical exposure,Ventilation inadequate,Toxic Gas
2025,a responder reported that the ventilation in the flange was running below capacity while responding to the gas alarm.,MEDIUM,Gas Leak Response,Hazardous atmosphere,Gas testing not completed,Toxic Gas
2026,A supervisor observed that a worker verified the atmospheric readings were within safe limits before while entering the chamber.,LOW,Confined Space Entry,Hazardous atmosphere,No barrier failure / control effective,Confined Space
2027,A supervisor observed that an operator worked near the motor without hearing protection while operating the unit. The event traced back to a PPE compliance issue.,MEDIUM,Equipment Operation,Noise exposure,PPE compliance issue,
2028,A permit review found that the spill was cleaned up promptly after being reported during routine housekeeping rounds.,LOW,Housekeeping,Slip hazard,No barrier failure / control effective,
2029,a worker found waste material blocking the aisle during storage activity.,MEDIUM,Storage,Poor housekeeping condition,Corrective action not completed,
2030,"During the walk-down, a worker entered the exclusion zone while the load was being lifted while the load was being moved. This was linked to a failure to maintain the exclusion zone.",HIGH,Lifting Operation,Dropped load,Exclusion zone failed,Lifting Operations
2031,a worker started hot work while combustible material remained nearby while performing hot work. The finding cited combustible materials were not controlled.,HIGH,Hot Work,Fire or explosion,Combustible control failed,Hot Work
2032,A permit review found that an inspector used the approved anchor point when working during the check.,LOW,Equipment Inspection,Fall from height,No barrier failure / control effective,Working at Height
2033,A supervisor observed that a mechanic positioned a hand near the rotating shaft during mechanical maintenance. The event traced back to the energy isolation was not applied.,HIGH,Mechanical Maintenance,Entanglement,Energy isolation failed,Line of Fire
2034,An inspection noted that a worker observed stacked material leaning in the storage area in the storage area.,MEDIUM,Storage,Poor housekeeping condition,Housekeeping control inadequate,
2035,The shift handover mentioned that the inspection certificate was verified before use during machine operation.,LOW,Machine Operation,Equipment failure,No barrier failure / control effective,Energy Isolation
2036,a craftsman lifted material without a toe board on the platform during hand-tool work.,HIGH,Hand Tools,Falling object,Tool control inadequate,
2037,a technician flagged that the guardrail on the elevated work platform was weakened while accessing the upper platform. Follow-up identified the fall protection control was degraded.,MEDIUM,Work at Height,Fall from height,Fall protection control degraded,Working at Height
2038,a ground worker verified the trench support before entry during the excavation work.,LOW,Excavation,Utility strike,No barrier failure / control effective,Ground Disturbance
2039,A near miss occurred when a technician repeated the lifting motion without rest breaks while carrying the load. It was noted that the manual handling control was inadequate.,MEDIUM,Manual Handling,Musculoskeletal Injury,Manual handling control inadequate,
2040,A permit review found that an authorized worker removed the flange cover while the system was still pressurized while reviewing the work permit.,HIGH,Permit to Work,Pressure release,Permit control failed,Energy Isolation
2041,A supervisor observed that a fitter checked the energy-isolation register before the start during the repair job.,LOW,Maintenance,Unexpected startup,No barrier failure / control effective,Energy Isolation
2042,a worker proceeded with hot work although the permit did not match the site conditions during the grinding operation. This was linked to combustible materials were not controlled.,HIGH,Hot Work,Fire or explosion,Combustible control failed,Hot Work
2043,A supervisor observed that a technician observed residual flammable vapors near the work zone while performing hot work. The observation was attributed to the combustible material control was degraded.,MEDIUM,Hot Work,Fire or explosion,Combustible control degraded,Hot Work
2044,A worker reported that a technician used a lift assist for the heavy load while lifting the heavy component.,LOW,Manual Handling,Musculoskeletal Injury,No barrier failure / control effective,
2045,"During the walk-down, an attendant observed an obstruction blocking the aisle in the common work area. This was linked to a previously identified corrective action was not closed out.",MEDIUM,Housekeeping,Slip hazard,Corrective action not completed,
2046,An observation from the safety patrol noted that a supervisor worked in the trench without confirming the utility depth while working in the trench. This was linked to underground utility verification was not completed.,HIGH,Excavation,Utility strike,Utility verification failed,Ground Disturbance
2047,"During the walk-down, a worker verified the rigging was inspected for the lift during the critical lift.",LOW,Lifting Operation,Dropped load,No barrier failure / control effective,Lifting Operations
2048,a ventilation technician opened the vessel while the ventilation was not running while checking the ventilation. This was linked to gas testing had not been performed before the task.,HIGH,Ventilation,Hazardous atmosphere,Gas testing absent,Confined Space
2049,A worker reported that a fitter flagged that the interlock had been defeated while aligning the components. The finding cited the guarding was degraded.,MEDIUM,Mechanical Maintenance,Entanglement,Guarding degraded,Line of Fire
2050,A supervisor observed that a worker verified the edge protection was intact during while accessing the upper platform.,LOW,Work at Height,Fall from height,No barrier failure / control effective,Working at Height
2051,a machine operator operated the line which had no guarding during machine operation. The observation was attributed to a failure of the machine guarding.,HIGH,Machine Operation,Equipment failure,Guarding failed,Energy Isolation
2052,A permit review found that a cleaner reported a slippery surface near the storage corner during the shift cleanup. The finding cited inadequate housekeeping controls.,MEDIUM,Housekeeping,Slip hazard,Housekeeping control inadequate,
2053,a warehouse worker confirmed the chemical was stored in the correct container during chemical handling.,LOW,Chemical Handling,Chemical exposure,No barrier failure / control effective,Toxic Gas
2054,an operator opened the chemical line without confirming isolation during chemical handling. The finding cited a lapse in permit control.,HIGH,Chemical Handling,Chemical exposure,Permit control failed,Toxic Gas
2055,a rigger found that the load weight was not confirmed before the lift while the load was being moved. The observation was attributed to the exclusion zone control was degraded.,MEDIUM,Lifting Operation,Dropped load,Exclusion zone control degraded,Lifting Operations
2056,a safety officer confirmed hearing protection was used near the noisy equipment during ventilation verification.,LOW,Ventilation,Noise exposure,No barrier failure / control effective,
2057,an operator performed the task without the required gloves during drum handling. This was linked to a PPE compliance issue.,MEDIUM,Chemical Handling,PPE deficiency,PPE compliance issue,No clear Life-Saving Rule detected
2058,a technician lifted material without a toe board on the platform during material handling. This was linked to inadequate tool control.,HIGH,Material Handling,Falling object,Tool control inadequate,
2059,An observation from the safety patrol noted that the inspection certificate was verified before use during the scheduled inspection.,LOW,Equipment Inspection,Equipment failure,No barrier failure / control effective,
2060,a worker observed the crane load passing directly over personnel during the lifting operation.,HIGH,Lifting Operation,Dropped load,Lifting inspection failed,Lifting Operations
2061,A permit review found that a fitter found the guard on the drive was damaged while aligning the components. The finding cited the required inspection was not completed.,MEDIUM,Mechanical Maintenance,Entanglement,Inspection not completed,Line of Fire
2062,An inspection noted that housekeeping standards were maintained while setting up the work area.,LOW,Worksite Control,Poor housekeeping condition,No barrier failure / control effective,
2063,The shift handover mentioned that a technician worked close to the moving parts without guarding while aligning the components. Follow-up identified a failure of the machine guarding.,HIGH,Mechanical Maintenance,Entanglement,Guarding failed,Line of Fire
2064,A near miss occurred when a scaffolder carried out work while working at height with the fall protection inspection tag expired. The finding cited the required inspection was not completed.,MEDIUM,Work at Height,Fall from height,Inspection not completed,Working at Height
2065,a worker verified that spare PPE was available at the worksite during the shift.,LOW,PPE,PPE deficiency,No barrier failure / control effective,
2066,a worker observed a worker without eye protection near the eye protection during the PPE inspection. The finding cited degraded equipment condition.,MEDIUM,PPE,PPE deficiency,Equipment condition degraded,
2067,An observation from the safety patrol noted that a worker used rigging on the suspended load that showed signs of wear before the lift during the lifting operation.,HIGH,Lifting Operation,Dropped load,Exclusion zone failed,Lifting Operations
2068,A supervisor observed that a worker confirmed that fall protection was inspected and in place before during the scaffolding work.,LOW,Work at Height,Fall from height,No barrier failure / control effective,Working at Height
2069,An inspection noted that a craftsman left tools unsecured on the tool kit during hand-tool work. It was noted that a failure to maintain the exclusion zone.,HIGH,Hand Tools,Falling object,Exclusion zone failed,
2070,a technician found the tool handle cracked during the task during the scheduled inspection.,MEDIUM,Equipment Inspection,Equipment failure,Inspection not completed,
2071,The shift handover mentioned that a worker confirmed the drop zone was clear before the load was raised during the lifting operation.,LOW,Lifting Operation,Dropped load,No barrier failure / control effective,Lifting Operations
2072,a warehouse worker observed a worker without eye protection near the drum while moving the containers. The finding cited a PPE compliance issue.,MEDIUM,Chemical Handling,PPE deficiency,PPE compliance issue,
2073,a supervisor continued the excavation while the utility drawings were missing while digging the trench. The finding cited underground utility verification was not completed.,HIGH,Excavation,Utility strike,Utility verification failed,Ground Disturbance
2074,a worker confirmed hearing protection was used near the noisy equipment while testing the airflow.,LOW,Ventilation,Noise exposure,No barrier failure / control effective,
2075,A worker reported that a rigger observed the crane load passing directly over personnel during the lifting operation. Follow-up identified a failure to maintain the exclusion zone.,HIGH,Lifting Operation,Dropped load,Exclusion zone failed,Lifting Operations
2076,a scaffolder reported an incomplete edge-protection section while working at height.,MEDIUM,Work at Height,Fall from height,Fall protection control degraded,Working at Height
2077,an auditor verified the required checks were completed before during the control check.,LOW,Safety Verification,None identified,No barrier failure / control effective,
2078,An observation from the safety patrol noted that a maintenance technician checked the energy-isolation register before the start during the repair job.,LOW,Maintenance,Unexpected startup,No barrier failure / control effective,Energy Isolation
2079,An observation from the safety patrol noted that an engineer observed the safety clutch fail during during the safety inspection. The finding cited a failure of the machine guarding.,HIGH,Inspection,Equipment failure,Guarding failed,
2080,a technician found objects stored above head height without a toe board during material handling.,MEDIUM,Material Handling,Falling object,Housekeeping control inadequate,
2081,"During the walk-down, the isolation was tested and confirmed before the task during circuit repair.",LOW,Electrical Maintenance,Electric shock or arc flash,No barrier failure / control effective,Energy Isolation
2082,a material handler worked below the platform while material was being handled above during material handling. This was linked to a failure to maintain the exclusion zone.,HIGH,Material Handling,Falling object,Exclusion zone failed,
2083,A supervisor observed that a worker performed the task without the required gloves while preparing for the task. It was noted that degraded equipment condition.,MEDIUM,PPE,PPE deficiency,Equipment condition degraded,
2084,an operator confirmed hearing protection was used near the noisy equipment during equipment operation.,LOW,Equipment Operation,Noise exposure,No barrier failure / control effective,
2085,a scaffolder accessed the scaffold while the edge protection was missing while accessing the upper platform.,HIGH,Work at Height,Fall from height,Fall protection absent,Working at Height
2086,An observation from the safety patrol noted that a worker lifted the load above shoulder height repeatedly while lifting the heavy component. The event traced back to the manual handling control was inadequate.,MEDIUM,Manual Handling,Musculoskeletal Injury,Manual handling control inadequate,No clear Life-Saving Rule detected
2087,A worker reported that a safety officer confirmed that fall protection was inspected and in place before during the inspection.,LOW,Inspection,Fall from height,No barrier failure / control effective,Working at Height
2088,A permit review found that a first responder began work although the rescue plan was not established while responding to the event. The event traced back to no emergency rescue plan was in place.,HIGH,Emergency Response,Delayed rescue,Emergency/rescue plan absent,Confined Space
2089,The shift handover mentioned that a technician flagged that the overhead rack was overloaded while using hand tools. Follow-up identified inadequate housekeeping controls.,MEDIUM,Hand Tools,Falling object,Housekeeping control inadequate,
2090,A worker reported that a technician verified the circuit was dead before starting work during circuit repair.,LOW,Electrical Maintenance,Electric shock or arc flash,No barrier failure / control effective,Energy Isolation
2091,a technician opened the vessel while the ventilation was not running while entering the chamber. This was linked to inadequate ventilation.,HIGH,Confined Space Entry,Hazardous atmosphere,Ventilation inadequate,Confined Space
2092,"During the walk-down, a worker found objects stored above head height without a toe board during the repair.",MEDIUM,Hand Tools,Falling object,Housekeeping control inadequate,
2093,"During the walk-down, a driver verified the reversing alarm was working before the move during vehicle movement.",LOW,Vehicle Movement,Vehicle-pedestrian collision,No barrier failure / control effective,Line of Fire
2094,"During the walk-down, a worker operated the excavator while a worker was inside the swing radius while the vehicle was reversing. It was noted that the stop-work control was not effective.",HIGH,Vehicle Movement,Vehicle-pedestrian collision,Stop-work control failed,Line of Fire
2095,"During the walk-down, a worker found the gas detector battery low before the task while entering the chamber. The observation was attributed to the gas testing was not completed.",MEDIUM,Confined Space Entry,Hazardous atmosphere,Gas testing not completed,Confined Space
2096,an electrician confirmed the voltage test was completed before the repair while servicing the switchgear.,LOW,Electrical Maintenance,Electric shock or arc flash,No barrier failure / control effective,Energy Isolation
2097,An inspection noted that a supervisor entered the exclusion zone while the load was being lifted during safety verification. The finding cited a failure to maintain the exclusion zone.,HIGH,Safety Verification,Dropped load,Exclusion zone failed,Line of Fire
2098,A near miss occurred when a scaffolder flagged that the guardrail on the elevated work platform was weakened during the scaffolding work. The event traced back to the required inspection was not completed.,MEDIUM,Work at Height,Fall from height,Inspection not completed,Working at Height
2099,The equipment was verified as isolated before while the equipment was being worked on.,LOW,Maintenance,Unexpected startup,No barrier failure / control effective,Energy Isolation
2100,A supervisor observed that a mechanic started the unit while the isolation lock was not in place while the unit was down.,HIGH,Equipment Maintenance,Unexpected startup,Stop-work control failed,Energy Isolation
2101,a worker reported that the ventilation in the air mover was running below capacity while checking the ventilation.,MEDIUM,Ventilation,Hazardous atmosphere,Communication/handover failed,Confined Space
2102,a technician verified the permit conditions covered the hot work while welding.,LOW,Hot Work,Fire or explosion,No barrier failure / control effective,Hot Work
2103,The shift handover mentioned that a responder proceeded with hot work although the permit did not match the site conditions while responding to the gas alarm. The event traced back to no fire watch was present.,HIGH,Gas Leak Response,Fire or explosion,Fire watch absent,Toxic Gas
2104,a responder found the rescue tripod stored but not assembled while managing the incident. The observation was attributed to no emergency rescue plan was in place.,MEDIUM,Emergency Response,Delayed rescue,Emergency/rescue plan absent,Confined Space
2105,The equipment was verified as isolated before while servicing the machine.,LOW,Equipment Maintenance,Unexpected startup,No barrier failure / control effective,Energy Isolation
2106,a process operator observed the relief valve fail during the pressure test during the shift. The observation was attributed to a lapse in permit control.,HIGH,Process Operation,Pressure release,Permit control failed,Energy Isolation
2107,a worker observed the equipment starting without the safety interlock while the equipment was being worked on. This was linked to the energy isolation control was degraded.,MEDIUM,Maintenance,Unexpected startup,Energy isolation control degraded,Energy Isolation
2108,A worker reported that a driver verified the reversing alarm was working before the move while the vehicle was reversing.,LOW,Vehicle Movement,Vehicle-pedestrian collision,No barrier failure / control effective,Line of Fire
2109,a safety officer entered the exclusion zone while the load was being lifted during the control check. This was linked to the pre-lift inspection was skipped.,HIGH,Safety Verification,Dropped load,Lifting inspection failed,Line of Fire
2110,"During the walk-down, a supervisor completed during worksite setup with all controls in place.",LOW,Worksite Control,None identified,No barrier failure / control effective,
2111,a technician flagged that the fire extinguisher was not immediately accessible during hot work. The finding cited the required inspection was not completed.,MEDIUM,Hot Work,Fire or explosion,Inspection not completed,Hot Work
2112,A supervisor observed that vehicle and pedestrian routes were segregated while the truck was moving.,LOW,Vehicle Movement,Vehicle-pedestrian collision,No barrier failure / control effective,Line of Fire
2113,An observation from the safety patrol noted that a fitter worked close to the moving parts without guarding during mechanical maintenance.,HIGH,Mechanical Maintenance,Entanglement,Energy isolation failed,Line of Fire
2114,A worker reported that a worker flagged that the sling angle exceeded the recommended limit while the crane was positioning the load.,MEDIUM,Lifting Operation,Dropped load,Exclusion zone control degraded,Lifting Operations
2115,An observation from the safety patrol noted that a driver verified the reversing alarm was working before the move during the yard move.,LOW,Vehicle Movement,Vehicle-pedestrian collision,No barrier failure / control effective,Line of Fire
2116,a cleaner observed an obstruction blocking the aisle during routine housekeeping rounds.,MEDIUM,Housekeeping,Slip hazard,Housekeeping control inadequate,No clear Life-Saving Rule detected
2117,A permit review found that an engineer ran the equipment although the brake was reportedly faulty while inspecting the equipment. The observation was attributed to the required inspection was not completed.,HIGH,Inspection,Equipment failure,Inspection not completed,
2118,a worker confirmed the work area was clean after the task while setting up the work area.,LOW,Worksite Control,Poor housekeeping condition,No barrier failure / control effective,
2119,a safety officer began welding while no fire watch was stationed during the fire safety walk. This was linked to combustible materials were not controlled.,HIGH,Fire Safety,Fire or explosion,Combustible control failed,Hot Work
2120,an electrical supervisor flagged that the residual charge was not discharged while working on the panel. The observation was attributed to the required inspection was not completed.,MEDIUM,Electrical Maintenance,Electric shock or arc flash,Inspection not completed,Energy Isolation
2121,"During the walk-down, a spotter verified the reversing alarm was working before the move during the yard move.",LOW,Vehicle Movement,Vehicle-pedestrian collision,No barrier failure / control effective,Line of Fire
2122,An observation from the safety patrol noted that a chemical handler transferred the chemical while the containment bund was damaged while transferring the chemical. The observation was attributed to a PPE compliance issue.,HIGH,Chemical Handling,Chemical exposure,PPE compliance issue,Toxic Gas
2123,"During the walk-down, a technician carried the load alone without assistance while lifting the heavy component.",MEDIUM,Manual Handling,Musculoskeletal Injury,Corrective action not completed,No clear Life-Saving Rule detected
2124,The shift handover mentioned that an entrant confirmed the attendant and rescue equipment were ready while entering the chamber.,LOW,Confined Space Entry,Delayed rescue,No barrier failure / control effective,Confined Space
2125,A worker reported that a technician worked below the platform while material was being handled above during material handling.,HIGH,Material Handling,Falling object,Exclusion zone failed,
2126,An observation from the safety patrol noted that a mechanic observed loose clothing near the rotating equipment while aligning the components. It was noted that the guarding was degraded.,MEDIUM,Mechanical Maintenance,Entanglement,Guarding degraded,Line of Fire
2127,The shift handover mentioned that the excavation permit and utility survey were reviewed during excavation.,LOW,Excavation,Utility strike,No barrier failure / control effective,Ground Disturbance
2128,A near miss occurred when a driver walked into the path of the moving vehicle while the truck was moving. The finding cited the stop-work control was not effective.,HIGH,Vehicle Movement,Vehicle-pedestrian collision,Stop-work control failed,Line of Fire
2129,"During the walk-down, a crane operator flagged that the sling angle exceeded the recommended limit while the load was being moved. The finding cited the lifting inspection was not completed.",MEDIUM,Lifting Operation,Dropped load,Lifting inspection not completed,Lifting Operations
2130,The lifting plan was reviewed and the exclusion zone maintained while the load was being moved.,LOW,Lifting Operation,Dropped load,No barrier failure / control effective,Lifting Operations
2131,an attendant noticed a tripping hazard from trailing cables in the common work area.,MEDIUM,Housekeeping,Slip hazard,Corrective action not completed,
2132,a worker drove through the pedestrian crossing without stopping during the yard move. The finding cited the traffic segregation controls had broken down.,HIGH,Vehicle Movement,Vehicle-pedestrian collision,Traffic segregation failed,Line of Fire
2133,A near miss occurred when an operator used a lift assist for the heavy load during the material transfer.,LOW,Manual Handling,Musculoskeletal Injury,No barrier failure / control effective,
2134,A permit review found that a worker started the unit while the isolation lock was not in place during the maintenance shutdown. The finding cited the stop-work control was not effective.,HIGH,Maintenance,Unexpected startup,Stop-work control failed,Energy Isolation
2135,a ground worker noted that the utility drawings were outdated while digging the trench. The event traced back to the required inspection was not completed.,MEDIUM,Excavation,Utility strike,Inspection not completed,Ground Disturbance
2136,An inspection noted that combustible materials were cleared from the hot work zone during hot work.,LOW,Hot Work,Fire or explosion,No barrier failure / control effective,Hot Work
2137,An inspection noted that an inspector observed the safety clutch fail during during the safety inspection.,HIGH,Inspection,Equipment failure,Guarding failed,
2138,"During the walk-down, a material handler found objects stored above head height without a toe board while stacking the pallets. The finding cited inadequate housekeeping controls.",MEDIUM,Material Handling,Falling object,Housekeeping control inadequate,
2139,a safety officer completed while verifying critical controls with all controls in place.,LOW,Safety Verification,None identified,No barrier failure / control effective,
2140,The lifting plan was reviewed and the exclusion zone maintained during the lifting operation.,LOW,Lifting Operation,Dropped load,No barrier failure / control effective,Lifting Operations
2141,a technician noted that the enclosure around the unit was incomplete while running the equipment. It was noted that a PPE compliance issue.,MEDIUM,Equipment Operation,Noise exposure,PPE compliance issue,No clear Life-Saving Rule detected
2142,An inspection noted that a maintenance technician closed the switch while another worker was inside the danger zone during the maintenance shutdown. The finding cited the stop-work control was not effective.,HIGH,Equipment Maintenance,Unexpected startup,Stop-work control failed,Energy Isolation
2143,"During the walk-down, an operator confirmed the equipment passed the pre-start check while operating the press.",LOW,Machine Operation,Equipment failure,No barrier failure / control effective,Energy Isolation
2144,A near miss occurred when a spotter operated the excavator while a worker was inside the swing radius while the vehicle was reversing. It was noted that the traffic segregation controls had broken down.,HIGH,Vehicle Movement,Vehicle-pedestrian collision,Traffic segregation failed,Line of Fire
2145,A permit review found that a supervisor performed the task without the required gloves during the shift.,MEDIUM,PPE,PPE deficiency,PPE compliance issue,
2146,The guarding interlock was verified before the run while the machine was running.,LOW,Machine Operation,Entanglement,No barrier failure / control effective,Line of Fire
2147,A supervisor observed that an attendant flagged uneven flooring in the work area while clearing the workspace. The event traced back to inadequate housekeeping controls.,MEDIUM,Housekeeping,Slip hazard,Housekeeping control inadequate,No clear Life-Saving Rule detected
2148,A supervisor observed that a responder started the tank entry with no gas detector available while assessing the release.,HIGH,Gas Leak Response,Hazardous atmosphere,Ventilation inadequate,Toxic Gas
2149,A near miss occurred when a technician verified the permit conditions covered the hot work while welding.,LOW,Hot Work,Fire or explosion,No barrier failure / control effective,Hot Work
2150,a warehouse worker opened the chemical line without confirming isolation while moving the containers. The finding cited inadequate ventilation.,HIGH,Chemical Handling,Chemical exposure,Ventilation inadequate,Toxic Gas
2151,An inspection noted that a worker flagged that the SDS was not available at the work point during the vessel clean-out. The finding cited inadequate housekeeping controls.,MEDIUM,Chemical Maintenance,Chemical exposure,Housekeeping control inadequate,Toxic Gas
2152,a fitter confirmed the guard was in place before start-up during the mechanical repair.,LOW,Mechanical Maintenance,Entanglement,No barrier failure / control effective,Line of Fire
2153,a responder began work although the rescue plan was not established during the emergency drill. It was noted that no emergency rescue plan was in place.,HIGH,Emergency Response,Delayed rescue,Emergency/rescue plan absent,Confined Space
2154,A supervisor observed that a fitter flagged that the interlock had been defeated while aligning the components. Follow-up identified the required inspection was not completed.,MEDIUM,Mechanical Maintenance,Entanglement,Inspection not completed,Line of Fire
2155,a technician confirmed all tools were tethered before during material handling.,LOW,Material Handling,Falling object,No barrier failure / control effective,
2156,a spotter walked into the path of the moving vehicle during the yard move. This was linked to the stop-work control was not effective.,HIGH,Vehicle Movement,Vehicle-pedestrian collision,Stop-work control failed,Line of Fire
2157,A supervisor observed that a material handler observed a dropped tool in the vicinity during the transfer. Follow-up identified inadequate housekeeping controls.,MEDIUM,Material Handling,Falling object,Housekeeping control inadequate,
2158,An inspection noted that an operator confirmed the voltage test was completed before the repair during equipment maintenance.,LOW,Equipment Maintenance,Electric shock or arc flash,No barrier failure / control effective,Energy Isolation
2159,The shift handover mentioned that a technician began welding while no fire watch was stationed while welding. It was noted that a lapse in permit control.,HIGH,Hot Work,Fire or explosion,Permit control failed,Hot Work
2160,A permit review found that a safety officer noted that the retrieval line was not rigged while responding to the event. The event traced back to no emergency rescue plan was in place.,MEDIUM,Emergency Response,Delayed rescue,Emergency/rescue plan absent,Confined Space
2161,An inspection noted that a technician used the approved anchor point when working during the scheduled inspection.,LOW,Equipment Inspection,Fall from height,No barrier failure / control effective,Working at Height
2162,a fire warden began work although the rescue plan was not established during the fire drill.,HIGH,Fire Safety,Delayed rescue,Emergency/rescue plan absent,
2163,A permit review found that a worker observed that the initial atmosphere check was recorded late during confined-space entry. This was linked to the gas testing was not completed.,MEDIUM,Confined Space Entry,Hazardous atmosphere,Gas testing not completed,Confined Space
2164,The shift handover mentioned that an electrical supervisor verified the circuit was dead before starting work while servicing the switchgear.,LOW,Electrical Maintenance,Electric shock or arc flash,No barrier failure / control effective,Energy Isolation
2165,a chemical technician handled the pump without the required chemical gloves during the vessel clean-out. The observation was attributed to a PPE compliance issue.,HIGH,Chemical Maintenance,Chemical exposure,PPE compliance issue,Toxic Gas
2166,a worker found combustible items stored too close to the hot work area while welding. This was linked to the combustible material control was degraded.,MEDIUM,Hot Work,Fire or explosion,Combustible control degraded,Hot Work
2167,a safety officer confirmed that the equipment had adequate edge protection during the scheduled inspection.,LOW,Equipment Inspection,Fall from height,No barrier failure / control effective,Working at Height
2168,An inspection noted that an operator entered the space despite the gas monitor alarm remaining active during leak investigation.,HIGH,Gas Leak Response,Hazardous atmosphere,Gas testing absent,Toxic Gas
2169,an operator found the chemical container unlabeled during drum handling. The finding cited inadequate housekeeping controls.,MEDIUM,Chemical Handling,Chemical exposure,Housekeeping control inadequate,Toxic Gas
2170,a technician checked that the gas detector was calibrated before the entry while responding to the gas alarm.,LOW,Gas Leak Response,Hazardous atmosphere,No barrier failure / control effective,Toxic Gas
2171,a chemical handler handled the transfer line without the required chemical gloves during drum handling.,HIGH,Chemical Handling,Chemical exposure,Permit control failed,Toxic Gas
2172,The shift handover mentioned that a warehouse attendant found the emergency pathway partially blocked during the warehouse operation. The finding cited inadequate housekeeping controls.,MEDIUM,Storage,Poor housekeeping condition,Housekeeping control inadequate,
2173,a mechanic confirmed the guard was in place before start-up while working on the drive.,LOW,Mechanical Maintenance,Entanglement,No barrier failure / control effective,Line of Fire
2174,The shift handover mentioned that a traffic marshal noted that the scrap bin was overflowing near the work area while setting up the work area. The observation was attributed to inadequate housekeeping controls.,MEDIUM,Worksite Control,Poor housekeeping condition,Housekeeping control inadequate,
2175,a spotter operated the excavator while a worker was inside the swing radius during the yard move. The finding cited the stop-work control was not effective.,HIGH,Vehicle Movement,Vehicle-pedestrian collision,Stop-work control failed,Line of Fire
2176,An observation from the safety patrol noted that a rigger checked that the tag line was rigged before lifting during the lifting operation.,LOW,Lifting Operation,Dropped load,No barrier failure / control effective,Lifting Operations
2177,a technician reached the upper level while the guard rail on the equipment had been removed during the check. This was linked to edge protection was missing.,HIGH,Equipment Inspection,Fall from height,Edge protection absent,Working at Height
2178,A permit review found that a worker found that the load weight was not confirmed before the lift while the load was being moved. Follow-up identified the exclusion zone control was degraded.,MEDIUM,Lifting Operation,Dropped load,Exclusion zone control degraded,Lifting Operations
2179,A supervisor observed that a safety officer confirmed the attendant and rescue equipment were ready during emergency response.,LOW,Emergency Response,Delayed rescue,No barrier failure / control effective,Confined Space
2180,a panel operator observed the drum leaking while it was being moved while the process unit was running. This was linked to a lapse in permit control.,HIGH,Process Operation,Chemical exposure,Permit control failed,Toxic Gas
2181,"During the walk-down, a welder noted that the fire watch had not been briefed before while performing hot work. The observation was attributed to the combustible material control was degraded.",MEDIUM,Hot Work,Fire or explosion,Combustible control degraded,Hot Work
2182,A near miss occurred when a technician confirmed that fall protection was inspected and in place before while working at height.,LOW,Work at Height,Fall from height,No barrier failure / control effective,Working at Height
2183,a technician observed sparks landing on flammable material while assessing the release. Follow-up identified a lapse in permit control.,HIGH,Gas Leak Response,Fire or explosion,Permit control failed,Toxic Gas
2184,a technician observed the emergency stop not working properly during the production run. This was linked to the required inspection was not completed.,MEDIUM,Machine Operation,Equipment failure,Inspection not completed,Energy Isolation
2185,"During the walk-down, the fall-arrest system was checked and found compliant during elevated maintenance.",LOW,Work at Height,Fall from height,No barrier failure / control effective,Working at Height
2186,An observation from the safety patrol noted that a worker reported a slippery surface near the aisles during the shift cleanup. This was linked to inadequate housekeeping controls.,MEDIUM,Housekeeping,Slip hazard,Housekeeping control inadequate,
2187,A near miss occurred when an operator handled the chemical container without the required chemical gloves while moving the containers.,HIGH,Chemical Handling,Chemical exposure,Ventilation inadequate,Toxic Gas
2188,a worker verified that mechanical handling aids were available during manual handling.,LOW,Manual Handling,Musculoskeletal Injury,No barrier failure / control effective,
2189,a craftsman left tools unsecured on the hand tool during the repair. This was linked to a failure to maintain the exclusion zone.,HIGH,Hand Tools,Falling object,Exclusion zone failed,
2190,"During the walk-down, a confined-space attendant observed that the initial atmosphere check was recorded late while entering the chamber. The finding cited the gas testing was not completed.",MEDIUM,Confined Space Entry,Hazardous atmosphere,Gas testing not completed,Confined Space
2191,A worker reported that a scaffolder used the approved anchor point when working during the scaffolding work.,LOW,Work at Height,Fall from height,No barrier failure / control effective,Working at Height
2192,A supervisor observed that a safety officer entered the incident area with no attendant present while responding to the event. The finding cited no emergency rescue plan was in place.,HIGH,Emergency Response,Delayed rescue,Emergency/rescue plan absent,Confined Space
2193,A permit review found that a material handler observed a dropped tool in the vicinity during material handling. The observation was attributed to inadequate housekeeping controls.,MEDIUM,Material Handling,Falling object,Housekeeping control inadequate,
2194,"During the walk-down, housekeeping standards were maintained during storage activity.",LOW,Storage,Poor housekeeping condition,No barrier failure / control effective,
2195,an operator worked near the unit without hearing protection while operating the unit. Follow-up identified inadequate ventilation.,MEDIUM,Equipment Operation,Noise exposure,Ventilation inadequate,
2196,a scaffolder started elevated work although the scaffold had no edge protection while accessing the upper platform. The observation was attributed to fall protection was not in place.,HIGH,Work at Height,Fall from height,Fall protection absent,Working at Height
2197,Noise levels were checked and controls verified during the operational shift.,LOW,Equipment Operation,Noise exposure,No barrier failure / control effective,
2198,A permit review found that a material handler worked below the platform while material was being handled above while moving the materials.,HIGH,Material Handling,Falling object,Tool control inadequate,
2199,A near miss occurred when a ground worker flagged that the trench had no ladder access during the excavation work. The finding cited the utility verification was not completed.,MEDIUM,Excavation,Utility strike,Utility verification not completed,Ground Disturbance
2200,The inspection certificate was verified before use during machine operation.,LOW,Machine Operation,Equipment failure,No barrier failure / control effective,Energy Isolation
2201,The shift handover mentioned that a chemical technician opened the chemical line without confirming isolation during chemical maintenance. The event traced back to a lapse in permit control.,HIGH,Chemical Maintenance,Chemical exposure,Permit control failed,Toxic Gas
2202,A supervisor observed that a supervisor completed during the shift with all controls in place.,LOW,Worksite Control,None identified,No barrier failure / control effective,
2203,an operator noticed that gas testing was performed with a non-calibrated detector during gas leak response. This was linked to a failure in communication or handover.,MEDIUM,Gas Leak Response,Hazardous atmosphere,Communication/handover failed,Toxic Gas
2204,No significant hazard was identified during during the field verification.,LOW,Safety Verification,None identified,No barrier failure / control effective,
2205,An inspection noted that an electrician verified the circuit was dead before starting work during electrical maintenance.,LOW,Electrical Maintenance,Electric shock or arc flash,No barrier failure / control effective,Energy Isolation
2206,An inspection noted that a technician entered the space despite the gas monitor alarm remaining active during gas leak response. This was linked to a lapse in permit control.,HIGH,Gas Leak Response,Hazardous atmosphere,Permit control failed,Toxic Gas
2207,"During the walk-down, a fire warden observed residual flammable vapors near the work zone during the fire drill. The finding cited the required inspection was not completed.",MEDIUM,Fire Safety,Fire or explosion,Inspection not completed,Hot Work
2208,Gas testing was completed and the space was declared safe while entering the chamber.,LOW,Confined Space Entry,Hazardous atmosphere,No barrier failure / control effective,Confined Space
2209,a worker proceeded with hot work although the permit did not match the site conditions during the grinding operation.,HIGH,Hot Work,Fire or explosion,Combustible control failed,Hot Work
2210,A permit review found that a worker carried out work while accessing the upper platform with the fall protection inspection tag expired. The observation was attributed to the fall protection control was degraded.,MEDIUM,Work at Height,Fall from height,Fall protection control degraded,Working at Height
2211,The toe boards were verified on the platform while moving the materials.,LOW,Material Handling,Falling object,No barrier failure / control effective,
2212,A permit review found that a lifting supervisor observed the crane load passing directly over personnel during the critical lift.,HIGH,Lifting Operation,Dropped load,Exclusion zone failed,Lifting Operations
2213,The shift handover mentioned that a worker found the brake on the wrench worn beyond limit while working with the tool kit.,MEDIUM,Hand Tools,Equipment failure,Equipment condition degraded,
2214,An inspection noted that the spill was cleaned up promptly after being reported during routine housekeeping rounds.,LOW,Housekeeping,Slip hazard,No barrier failure / control effective,
2215,An inspection noted that a worker observed sparks landing on flammable material while performing hot work. The observation was attributed to combustible materials were not controlled.,HIGH,Hot Work,Fire or explosion,Combustible control failed,Hot Work
2216,a technician observed a damaged cable on the energized line while servicing the switchgear. The observation was attributed to the energy isolation control was degraded.,MEDIUM,Electrical Maintenance,Electric shock or arc flash,Energy isolation control degraded,Energy Isolation
2217,An inspection noted that a safety officer confirmed the required PPE was worn throughout while checking PPE compliance.,LOW,PPE,PPE deficiency,No barrier failure / control effective,
2218,A permit review found that a worker handled the storage tank without the required chemical gloves during chemical maintenance. The observation was attributed to a PPE compliance issue.,HIGH,Chemical Maintenance,Chemical exposure,PPE compliance issue,Toxic Gas
2219,a crane operator flagged that the sling angle exceeded the recommended limit during the lifting operation. The event traced back to the lifting inspection was not completed.,MEDIUM,Lifting Operation,Dropped load,Lifting inspection not completed,Lifting Operations
2220,A near miss occurred when a safety officer confirmed the attendant and rescue equipment were ready during the emergency drill.,LOW,Emergency Response,Delayed rescue,No barrier failure / control effective,Confined Space
2221,a confined-space attendant began work in the confined space without atmospheric verification during confined-space entry. The event traced back to gas testing had not been performed before the task.,HIGH,Confined Space Entry,Hazardous atmosphere,Gas testing absent,Confined Space
2222,a scaffolder used the platform although the fall protection showed signs of damage during the scaffolding work. It was noted that the required inspection was not completed.,MEDIUM,Work at Height,Fall from height,Inspection not completed,Working at Height
2223,"During the walk-down, an electrician verified the circuit was dead before starting work during circuit repair.",LOW,Electrical Maintenance,Electric shock or arc flash,No barrier failure / control effective,Energy Isolation
2224,a worker moved the vehicle while the spotter had not cleared the route while the truck was moving. The finding cited the traffic segregation controls had broken down.,HIGH,Vehicle Movement,Vehicle-pedestrian collision,Traffic segregation failed,Line of Fire
2225,a maintenance technician noted that the lockout was incomplete before the start test while the unit was down. It was noted that the energy isolation control was degraded.,MEDIUM,Equipment Maintenance,Unexpected startup,Energy isolation control degraded,Energy Isolation
2226,A worker reported that an operator used a lift assist for the heavy load while lifting the heavy component.,LOW,Manual Handling,Musculoskeletal Injury,No barrier failure / control effective,
2227,a technician carried the load alone without assistance during manual handling. The observation was attributed to a previously identified corrective action was not closed out.,MEDIUM,Manual Handling,Musculoskeletal Injury,Corrective action not completed,
2228,"During the walk-down, a safety officer reached the upper level while the guard rail on the unit had been removed during the check.",HIGH,Equipment Inspection,Fall from height,Fall protection absent,Working at Height
2229,A worker reported that a worker verified the reversing alarm was working before the move during vehicle movement.,LOW,Vehicle Movement,Vehicle-pedestrian collision,No barrier failure / control effective,Line of Fire
2230,A permit review found that an electrician worked on the live panel without isolating the supply during circuit repair. The event traced back to a lapse in permit control.,HIGH,Electrical Maintenance,Electric shock or arc flash,Permit control failed,Energy Isolation
2231,a maintenance technician found the restart procedure was not followed during maintenance. Follow-up identified the energy isolation control was degraded.,MEDIUM,Maintenance,Unexpected startup,Energy isolation control degraded,Energy Isolation
2232,An observation from the safety patrol noted that a technician confirmed the equipment passed the pre-start check during equipment inspection.,LOW,Equipment Inspection,Equipment failure,No barrier failure / control effective,
2233,a scaffolder climbed the scaffold without attaching the safety harness during the scaffolding work. This was linked to edge protection was missing.,HIGH,Work at Height,Fall from height,Edge protection absent,Working at Height
2234,a worker observed a worker without eye protection near the eye protection while checking PPE compliance. The finding cited degraded equipment condition.,MEDIUM,PPE,PPE deficiency,Equipment condition degraded,
2235,A supervisor observed that the rescue drill was completed before the task during the emergency drill.,LOW,Emergency Response,Delayed rescue,No barrier failure / control effective,Confined Space
2236,A worker reported that a worker closed the switch while another worker was inside the danger zone during the repair job. Follow-up identified the energy isolation was not applied.,HIGH,Maintenance,Unexpected startup,Energy isolation failed,Energy Isolation
2237,a supervisor observed that the utilities were not marked on the ground while digging the trench. The finding cited the required inspection was not completed.,MEDIUM,Excavation,Utility strike,Inspection not completed,Ground Disturbance
2238,The shift handover mentioned that a cleaner confirmed the drain was clear in the work area during the shift cleanup.,LOW,Housekeeping,Slip hazard,No barrier failure / control effective,
2239,an operator transferred the chemical while the containment bund was damaged during drum handling. Follow-up identified inadequate ventilation.,HIGH,Chemical Handling,Chemical exposure,Ventilation inadequate,Toxic Gas
2240,A near miss occurred when a technician found the guard on the coupling was damaged during mechanical maintenance. The finding cited the guarding was degraded.,MEDIUM,Mechanical Maintenance,Entanglement,Guarding degraded,Line of Fire
2241,An observation from the safety patrol noted that a supervisor reported that the verification checklist operated as expected during the field verification.,LOW,Safety Verification,None identified,No barrier failure / control effective,
2242,The rescue drill was completed before the task during the emergency drill.,LOW,Emergency Response,Delayed rescue,No barrier failure / control effective,Confined Space
2243,an electrical supervisor bypassed the interlock to keep the circuit running during electrical maintenance. The observation was attributed to the energy isolation was not applied.,HIGH,Electrical Maintenance,Electric shock or arc flash,Energy isolation failed,Energy Isolation
2244,A supervisor observed that a fire warden noted that the retrieval line was not rigged during fire safety checks. The event traced back to no emergency rescue plan was in place.,MEDIUM,Fire Safety,Delayed rescue,Emergency/rescue plan absent,
2245,The shift handover mentioned that a technician confirmed the guard was in place before start-up during the mechanical repair.,LOW,Mechanical Maintenance,Entanglement,No barrier failure / control effective,Line of Fire
2246,An observation from the safety patrol noted that a fitter observed the machine cycle unexpectedly during the repair during maintenance. The observation was attributed to the stop-work control was not effective.,HIGH,Maintenance,Unexpected startup,Stop-work control failed,Energy Isolation
2247,A near miss occurred when a scaffolder reported an incomplete edge-protection section while accessing the upper platform. It was noted that the fall protection control was degraded.,MEDIUM,Work at Height,Fall from height,Fall protection control degraded,Working at Height
2248,a worker verified that spare PPE was available at the worksite during hot work.,LOW,Hot Work,PPE deficiency,No barrier failure / control effective,
2249,An inspection noted that a technician lifted material without a toe board on the platform while moving the materials. It was noted that a failure to maintain the exclusion zone.,HIGH,Material Handling,Falling object,Exclusion zone failed,
2250,a worker found the chemical container unlabeled while servicing the chemical line. It was noted that a PPE compliance issue.,MEDIUM,Chemical Maintenance,Chemical exposure,PPE compliance issue,Toxic Gas
2251,The fall-arrest system was checked and found compliant during the scaffolding work.,LOW,Work at Height,Fall from height,No barrier failure / control effective,Working at Height
2252,"During the walk-down, a technician cleared a blockage while the conveyor was still running while aligning the components. The event traced back to the energy isolation was not applied.",HIGH,Mechanical Maintenance,Entanglement,Energy isolation failed,Line of Fire
2253,an electrical supervisor flagged that the residual charge was not discharged while working on the panel. It was noted that the energy isolation control was degraded.,MEDIUM,Electrical Maintenance,Electric shock or arc flash,Energy isolation control degraded,Energy Isolation
2254,"During the walk-down, a warehouse attendant verified that waste was segregated properly during storage activity.",LOW,Storage,Poor housekeeping condition,No barrier failure / control effective,
2255,a safety officer began welding while no fire watch was stationed during the fire safety walk. Follow-up identified a lapse in permit control.,HIGH,Fire Safety,Fire or explosion,Permit control failed,Hot Work
2256,an operator lifted the material bundle using an awkward posture during manual handling. The finding cited the manual handling control was inadequate.,MEDIUM,Manual Handling,Musculoskeletal Injury,Manual handling control inadequate,
2257,An observation from the safety patrol noted that the equipment was verified as isolated before during the repair job.,LOW,Maintenance,Unexpected startup,No barrier failure / control effective,Energy Isolation
2258,a worker reached the upper level while the guard rail on the elevated work platform had been removed during the scaffolding work. The event traced back to fall protection was not in place.,HIGH,Work at Height,Fall from height,Fall protection absent,Working at Height
2259,a worker found the rescue tripod stored but not assembled during confined-space entry. This was linked to no emergency rescue plan was in place.,MEDIUM,Confined Space Entry,Delayed rescue,Emergency/rescue plan absent,Confined Space
2260,a responder confirmed the attendant and rescue equipment were ready while managing the incident.,LOW,Emergency Response,Delayed rescue,No barrier failure / control effective,Confined Space
2261,The shift handover mentioned that a rigger guided the suspended load by hand from within its path while the load was being moved. This was linked to the pre-lift inspection was skipped.,HIGH,Lifting Operation,Dropped load,Lifting inspection failed,Lifting Operations
2262,The shift handover mentioned that an operator observed a worker without eye protection near the transfer line during drum handling. It was noted that degraded equipment condition.,MEDIUM,Chemical Handling,PPE deficiency,Equipment condition degraded,
2263,The shift handover mentioned that a technician verified that mechanical handling aids were available during the material transfer.,LOW,Manual Handling,Musculoskeletal Injury,No barrier failure / control effective,
2264,A supervisor observed that a worker observed sparks landing on flammable material during the grinding operation.,HIGH,Hot Work,Fire or explosion,Combustible control failed,Hot Work
2265,a worker handled the heavy object without a mechanical aid while lifting the heavy component. The observation was attributed to the manual handling control was inadequate.,MEDIUM,Manual Handling,Musculoskeletal Injury,Manual handling control inadequate,No clear Life-Saving Rule detected
2266,Combustible materials were cleared from the hot work zone while welding.,LOW,Hot Work,Fire or explosion,No barrier failure / control effective,Hot Work
2267,"During the walk-down, a ventilation technician worked in the area while the toxic-gas reading exceeded limits during ventilation verification.",HIGH,Ventilation,Hazardous atmosphere,Gas testing absent,Confined Space
2268,A near miss occurred when a mechanic noted that the lockout was incomplete before the start test during equipment maintenance. The event traced back to the energy isolation control was degraded.,MEDIUM,Equipment Maintenance,Unexpected startup,Energy isolation control degraded,Energy Isolation
2269,A supervisor observed that a spotter confirmed the spotter was in position before reversing while the vehicle was reversing.,LOW,Vehicle Movement,Vehicle-pedestrian collision,No barrier failure / control effective,Line of Fire
2270,The shift handover mentioned that a supervisor flagged that the workbench was cluttered while managing the work zone.,MEDIUM,Worksite Control,Poor housekeeping condition,Corrective action not completed,No clear Life-Saving Rule detected
2271,A supervisor observed that a technician observed sparks landing on flammable material during the grinding operation. The observation was attributed to no fire watch was present.,HIGH,Hot Work,Fire or explosion,Fire watch absent,Hot Work
2272,A permit review found that combustible materials were cleared from the hot work zone during the fire safety walk.,LOW,Fire Safety,Fire or explosion,No barrier failure / control effective,Hot Work
2273,A near miss occurred when an electrical supervisor worked on the live panel without isolating the supply during circuit repair. This was linked to the energy isolation was not applied.,HIGH,Electrical Maintenance,Electric shock or arc flash,Energy isolation failed,Energy Isolation
2274,"During the walk-down, a confined-space attendant found the gas detector battery low before the task while entering the vessel. The event traced back to the gas testing was not completed.",MEDIUM,Confined Space Entry,Hazardous atmosphere,Gas testing not completed,Confined Space
2275,A permit review found that a rigger verified the rigging was inspected for the lift while the crane was positioning the load.,LOW,Lifting Operation,Dropped load,No barrier failure / control effective,Lifting Operations
2276,A worker reported that a driver operated the excavator while a worker was inside the swing radius while the vehicle was reversing.,HIGH,Vehicle Movement,Vehicle-pedestrian collision,Traffic segregation failed,Line of Fire
2277,An observation from the safety patrol noted that a worker observed that the initial atmosphere check was recorded late during the tank entry. The finding cited a failure in communication or handover.,MEDIUM,Confined Space Entry,Hazardous atmosphere,Communication/handover failed,Confined Space
2278,An inspection noted that a cleaner verified the walkway was clear after the task during routine housekeeping rounds.,LOW,Housekeeping,Slip hazard,No barrier failure / control effective,
2279,a technician reached the upper level while the guard rail on the elevated work platform had been removed during elevated maintenance. Follow-up identified a failure of safe access controls.,HIGH,Work at Height,Fall from height,Safe access control failed,Working at Height
2280,A near miss occurred when a technician noted that the fire watch had not been briefed before while performing hot work. Follow-up identified the combustible material control was degraded.,MEDIUM,Hot Work,Fire or explosion,Combustible control degraded,Hot Work
2281,a responder confirmed the attendant and rescue equipment were ready during emergency response.,LOW,Emergency Response,Delayed rescue,No barrier failure / control effective,Confined Space
2282,An observation from the safety patrol noted that a maintenance technician started the unit while the isolation lock was not in place during the maintenance shutdown. Follow-up identified the stop-work control was not effective.,HIGH,Maintenance,Unexpected startup,Stop-work control failed,Energy Isolation
2283,The shift handover mentioned that a technician carried the load alone without assistance while lifting the heavy component. Follow-up identified the manual handling control was inadequate.,MEDIUM,Manual Handling,Musculoskeletal Injury,Manual handling control inadequate,
2284,An inspection noted that a technician verified the permit conditions covered the hot work while performing hot work.,LOW,Hot Work,Fire or explosion,No barrier failure / control effective,Hot Work
2285,a rigger observed the crane load passing directly over personnel during the critical lift. The observation was attributed to a failure to maintain the exclusion zone.,HIGH,Lifting Operation,Dropped load,Exclusion zone failed,Lifting Operations
2286,an excavator operator noted that the utility drawings were outdated during the excavation work.,MEDIUM,Excavation,Utility strike,Utility verification not completed,Ground Disturbance
2287,a technician confirmed the voltage test was completed before the repair while servicing the switchgear.,LOW,Electrical Maintenance,Electric shock or arc flash,No barrier failure / control effective,Energy Isolation
2288,An inspection noted that a safety officer worked beside an open edge while the guardrail was absent during the control check. It was noted that a failure of safe access controls.,HIGH,Safety Verification,Fall from height,Safe access control failed,Working at Height
2289,a scaffolder reported an incomplete edge-protection section while accessing the upper platform. It was noted that the required inspection was not completed.,MEDIUM,Work at Height,Fall from height,Inspection not completed,Working at Height
2290,an operator confirmed that the access ladder had adequate edge protection during the scaffolding work.,LOW,Work at Height,Fall from height,No barrier failure / control effective,Working at Height
2291,"During the walk-down, a technician noted that the enclosure around the unit was incomplete while running the equipment. The event traced back to inadequate ventilation.",MEDIUM,Equipment Operation,Noise exposure,Ventilation inadequate,
2292,Housekeeping standards were maintained in the storage area.,LOW,Storage,Poor housekeeping condition,No barrier failure / control effective,
2293,a fitter worked close to the moving parts without guarding during mechanical maintenance. This was linked to the energy isolation was not applied.,HIGH,Mechanical Maintenance,Entanglement,Energy isolation failed,Line of Fire
2294,A worker reported that a technician observed the safety clutch fail during during hand-tool work. The event traced back to the required inspection was not completed.,HIGH,Hand Tools,Equipment failure,Inspection not completed,
2295,a worker found that the load weight was not confirmed before the lift while the crane was positioning the load. The finding cited the exclusion zone control was degraded.,MEDIUM,Lifting Operation,Dropped load,Exclusion zone control degraded,Lifting Operations
2296,"During the walk-down, a maintenance technician confirmed the voltage test was completed before the repair while the unit was down.",LOW,Equipment Maintenance,Electric shock or arc flash,No barrier failure / control effective,Energy Isolation
2297,a worker began welding while no fire watch was stationed while performing hot work. It was noted that a lapse in permit control.,HIGH,Hot Work,Fire or explosion,Permit control failed,Hot Work
2298,A supervisor observed that a technician observed loose clothing near the rotating equipment while aligning the components. The finding cited the required inspection was not completed.,MEDIUM,Mechanical Maintenance,Entanglement,Inspection not completed,Line of Fire
2299,a technician checked that the gas detector was calibrated before the entry during the tank entry.,LOW,Confined Space Entry,Hazardous atmosphere,No barrier failure / control effective,Confined Space
2300,A permit review found that a responder entered the evacuation route with no attendant present while managing the incident. It was noted that no emergency rescue plan was in place.,HIGH,Emergency Response,Delayed rescue,Emergency/rescue plan absent,Confined Space
2301,The shift handover mentioned that a technician flagged that the machine noise exceeded limits while operating the unit.,MEDIUM,Equipment Operation,Noise exposure,Ventilation inadequate,
2302,A supervisor observed that the equipment was verified as isolated before during maintenance.,LOW,Maintenance,Unexpected startup,No barrier failure / control effective,Energy Isolation
2303,a mechanic cleared a blockage while the conveyor was still running while working on the drive. The finding cited a failure of the machine guarding.,HIGH,Mechanical Maintenance,Entanglement,Guarding failed,Line of Fire
2304,a storekeeper found the emergency pathway partially blocked in the storage area. This was linked to a previously identified corrective action was not closed out.,MEDIUM,Storage,Poor housekeeping condition,Corrective action not completed,
2305,A permit review found that the guarding interlock was verified before the run during mechanical maintenance.,LOW,Mechanical Maintenance,Entanglement,No barrier failure / control effective,Line of Fire
2306,An inspection noted that a driver drove through the pedestrian crossing without stopping while the truck was moving. It was noted that the traffic segregation controls had broken down.,HIGH,Vehicle Movement,Vehicle-pedestrian collision,Traffic segregation failed,Line of Fire
2307,an inspector observed the emergency stop not working properly during the inspection. Follow-up identified the required inspection was not completed.,MEDIUM,Inspection,Equipment failure,Inspection not completed,
2308,A worker reported that the toe boards were verified on the platform while using hand tools.,LOW,Hand Tools,Falling object,No barrier failure / control effective,
2309,"During the walk-down, a worker reached the upper level while the guard rail on the access ladder had been removed while working at height.",HIGH,Work at Height,Fall from height,Safe access control failed,Working at Height
2310,An observation from the safety patrol noted that an operator noted the pinch point was exposed during the task during machine operation. The finding cited the required inspection was not completed.,MEDIUM,Machine Operation,Entanglement,Inspection not completed,Line of Fire
2311,A permit review found that the depressurization was confirmed before the work during the permit check.,LOW,Permit to Work,Pressure release,No barrier failure / control effective,Energy Isolation
2312,The shift handover mentioned that a spotter drove through the pedestrian crossing without stopping during vehicle movement. This was linked to the traffic segregation controls had broken down.,HIGH,Vehicle Movement,Vehicle-pedestrian collision,Traffic segregation failed,Line of Fire
2313,An inspection noted that a worker reported a slippery surface near the storage corner during routine housekeeping rounds.,MEDIUM,Housekeeping,Slip hazard,Corrective action not completed,No clear Life-Saving Rule detected
2314,An observation from the safety patrol noted that a driver confirmed the spotter was in position before reversing while the truck was moving.,LOW,Vehicle Movement,Vehicle-pedestrian collision,No barrier failure / control effective,Line of Fire
2315,a responder entered the release point before gas testing was carried out during gas leak response.,HIGH,Gas Leak Response,Hazardous atmosphere,Permit control failed,Toxic Gas
2316,a warehouse worker found the chemical container unlabeled while transferring the chemical. The observation was attributed to inadequate housekeeping controls.,MEDIUM,Chemical Handling,Chemical exposure,Housekeeping control inadequate,Toxic Gas
2317,a crane operator verified the rigging was inspected for the lift while the crane was positioning the load.,LOW,Lifting Operation,Dropped load,No barrier failure / control effective,Lifting Operations
2318,An observation from the safety patrol noted that a safety officer guided the suspended load by hand from within its path during the field verification.,HIGH,Safety Verification,Dropped load,Exclusion zone failed,Line of Fire
2319,an excavator operator noted that the utility drawings were outdated while digging the trench. The observation was attributed to the required inspection was not completed.,MEDIUM,Excavation,Utility strike,Inspection not completed,Ground Disturbance
2320,The shift handover mentioned that housekeeping standards were maintained during storage activity.,LOW,Storage,Poor housekeeping condition,No barrier failure / control effective,
2321,"During the walk-down, a worker operated the assembly while maintenance was still in progress during the repair job. The event traced back to the energy isolation was not applied.",HIGH,Maintenance,Unexpected startup,Energy isolation failed,Energy Isolation
2322,A worker reported that a technician flagged that continuous gas monitoring was intermittent while entering the vessel.,MEDIUM,Confined Space Entry,Hazardous atmosphere,Communication/handover failed,Confined Space
2323,An observation from the safety patrol noted that a worker confirmed that fall protection was inspected and in place before while accessing the upper platform.,LOW,Work at Height,Fall from height,No barrier failure / control effective,Working at Height
2324,An observation from the safety patrol noted that a maintenance technician closed the switch while another worker was inside the danger zone while the equipment was being worked on. The event traced back to the stop-work control was not effective.,HIGH,Maintenance,Unexpected startup,Stop-work control failed,Energy Isolation
2325,a worker found the restart procedure was not followed during the repair job. Follow-up identified the energy isolation control was degraded.,MEDIUM,Maintenance,Unexpected startup,Energy isolation control degraded,Energy Isolation
2326,a maintenance fitter confirmed the chemical was stored in the correct container while servicing the chemical line.,LOW,Chemical Maintenance,Chemical exposure,No barrier failure / control effective,Toxic Gas
2327,a worker flagged that the machine noise exceeded limits while testing the airflow. The event traced back to inadequate ventilation.,MEDIUM,Ventilation,Noise exposure,Ventilation inadequate,
2328,a worker entered the space despite the gas monitor alarm remaining active while entering the chamber. The event traced back to gas testing had not been performed before the task.,HIGH,Confined Space Entry,Hazardous atmosphere,Gas testing absent,Confined Space
2329,a worker checked that the tag line was rigged before lifting during the critical lift.,LOW,Lifting Operation,Dropped load,No barrier failure / control effective,Lifting Operations
2330,A supervisor observed that a technician lifted the load above shoulder height repeatedly while carrying the load. Follow-up identified the manual handling control was inadequate.,MEDIUM,Manual Handling,Musculoskeletal Injury,Manual handling control inadequate,
2331,a process operator worked in the area without respiratory protection during the release while monitoring the process line. It was noted that inadequate ventilation.,HIGH,Process Operation,Chemical exposure,Ventilation inadequate,Toxic Gas
2332,an auditor confirmed that fall protection was inspected and in place before during the control check.,LOW,Safety Verification,Fall from height,No barrier failure / control effective,Working at Height
2333,a worker entered the vessel before gas testing was carried out while entering the vessel. The event traced back to gas testing had not been performed before the task.,HIGH,Confined Space Entry,Hazardous atmosphere,Gas testing absent,Confined Space
2334,a craftsman noted that the inspection certificate for the hand tool was overdue while working with the tool kit. The event traced back to the required inspection was not completed.,MEDIUM,Hand Tools,Equipment failure,Inspection not completed,
2335,a driver verified the reversing alarm was working before the move while the truck was moving.,LOW,Vehicle Movement,Vehicle-pedestrian collision,No barrier failure / control effective,Line of Fire
2336,a driver reversed the truck while a worker was in the blind spot during the yard move.,HIGH,Vehicle Movement,Vehicle-pedestrian collision,Stop-work control failed,Line of Fire
2337,A supervisor observed that a driver noticed the reversing alarm was not audible while the vehicle was reversing.,MEDIUM,Vehicle Movement,Vehicle-pedestrian collision,Traffic segregation control degraded,Line of Fire
2338,A permit review found that a maintenance technician checked the energy-isolation register before the start during maintenance.,LOW,Maintenance,Unexpected startup,No barrier failure / control effective,Energy Isolation
2339,a safety officer observed the relief valve fail during the pressure test while inspecting the unit. The finding cited a lapse in permit control.,HIGH,Equipment Inspection,Pressure release,Permit control failed,Energy Isolation
2340,a cleaner noticed a tripping hazard from trailing cables while clearing the workspace. It was noted that a previously identified corrective action was not closed out.,MEDIUM,Housekeeping,Slip hazard,Corrective action not completed,
2341,A worker reported that a chemical handler checked that the containment was intact before the transfer while transferring the chemical.,LOW,Chemical Handling,Chemical exposure,No barrier failure / control effective,Toxic Gas
2342,A supervisor observed that a machine operator ran the equipment although the brake was reportedly faulty while the machine was running. Follow-up identified a failure of the machine guarding.,HIGH,Machine Operation,Equipment failure,Guarding failed,Energy Isolation
2343,A worker reported that an operator handled the heavy object without a mechanical aid while lifting the heavy component. The event traced back to a previously identified corrective action was not closed out.,MEDIUM,Manual Handling,Musculoskeletal Injury,Corrective action not completed,
2344,An inspection noted that the inspection certificate was verified before use during hand-tool work.,LOW,Hand Tools,Equipment failure,No barrier failure / control effective,
2345,The shift handover mentioned that a technician started hot work while combustible material remained nearby while performing hot work. The observation was attributed to no fire watch was present.,HIGH,Hot Work,Fire or explosion,Fire watch absent,Hot Work
2346,A worker reported that a worker noticed that gas testing was performed with a non-calibrated detector while entering the chamber. Follow-up identified a failure in communication or handover.,MEDIUM,Confined Space Entry,Hazardous atmosphere,Communication/handover failed,Confined Space
2347,"During the walk-down, a crane operator checked that the tag line was rigged before lifting while the crane was positioning the load.",LOW,Lifting Operation,Dropped load,No barrier failure / control effective,Lifting Operations
2348,a rigger guided the suspended load by hand from within its path while the crane was positioning the load.,HIGH,Lifting Operation,Dropped load,Exclusion zone failed,Lifting Operations
2349,A supervisor observed that a crane operator found that the load weight was not confirmed before the lift during the critical lift. It was noted that the exclusion zone control was degraded.,MEDIUM,Lifting Operation,Dropped load,Exclusion zone control degraded,Lifting Operations
2350,a welder checked that the extinguisher charge was valid before during hot work.,LOW,Hot Work,Fire or explosion,No barrier failure / control effective,Hot Work
2351,a fitter closed the switch while another worker was inside the danger zone during the maintenance shutdown. This was linked to the stop-work control was not effective.,HIGH,Maintenance,Unexpected startup,Stop-work control failed,Energy Isolation
2352,a rigger found that the load weight was not confirmed before the lift during the lifting operation. Follow-up identified the exclusion zone control was degraded.,MEDIUM,Lifting Operation,Dropped load,Exclusion zone control degraded,Lifting Operations
2353,A near miss occurred when a worker used the approved anchor point when working during elevated maintenance.,LOW,Work at Height,Fall from height,No barrier failure / control effective,Working at Height
2354,The shift handover mentioned that a confined-space attendant opened the vessel while the ventilation was not running during the tank entry. Follow-up identified gas testing had not been performed before the task.,HIGH,Confined Space Entry,Hazardous atmosphere,Gas testing absent,Confined Space
2355,a ground worker found the excavation edge unsupported during excavation. The event traced back to the required inspection was not completed.,MEDIUM,Excavation,Utility strike,Inspection not completed,Ground Disturbance
2356,an engineer confirmed the equipment passed the pre-start check during the audit.,LOW,Inspection,Equipment failure,No barrier failure / control effective,
2357,a scaffolder reached the upper level while the guard rail on the platform had been removed while working at height. Follow-up identified a failure of safe access controls.,HIGH,Work at Height,Fall from height,Safe access control failed,Working at Height
2358,a confined-space attendant flagged that continuous gas monitoring was intermittent during the tank entry. It was noted that the gas testing was not completed.,MEDIUM,Confined Space Entry,Hazardous atmosphere,Gas testing not completed,Confined Space
2359,"During the walk-down, a supervisor confirmed the required PPE was worn throughout during the PPE inspection.",LOW,PPE,PPE deficiency,No barrier failure / control effective,
2360,A permit review found that a worker entered the space despite the gas monitor alarm remaining active during confined-space entry.,HIGH,Confined Space Entry,Hazardous atmosphere,Gas testing absent,Confined Space
2361,A worker reported that a chemical handler found the chemical container unlabeled while transferring the chemical. Follow-up identified a PPE compliance issue.,MEDIUM,Chemical Handling,Chemical exposure,PPE compliance issue,Toxic Gas
2362,a welder confirmed the fire watch and extinguishers were in place before during the grinding operation.,LOW,Hot Work,Fire or explosion,No barrier failure / control effective,Hot Work
2363,An inspection noted that a fitter re-energized the equipment without clearing the work party during the maintenance shutdown. The observation was attributed to the stop-work control was not effective.,HIGH,Maintenance,Unexpected startup,Stop-work control failed,Energy Isolation
2364,"During the walk-down, a responder found the rescue tripod stored but not assembled while managing the incident.",MEDIUM,Emergency Response,Delayed rescue,Emergency/rescue plan absent,Confined Space
2365,An inspection noted that the lifting plan was reviewed and the exclusion zone maintained while the crane was positioning the load.,LOW,Lifting Operation,Dropped load,No barrier failure / control effective,Lifting Operations
2366,An inspection noted that an operator started the unit while the isolation lock was not in place while servicing the machine. This was linked to the stop-work control was not effective.,HIGH,Equipment Maintenance,Unexpected startup,Stop-work control failed,Energy Isolation
2367,a technician found objects stored above head height without a toe board during the transfer. The observation was attributed to the tool control was degraded.,MEDIUM,Material Handling,Falling object,Tool control degraded,
2368,a storekeeper verified that waste was segregated properly during storage activity.,LOW,Storage,Poor housekeeping condition,No barrier failure / control effective,
2369,an electrician performed repair work on the circuit without a voltage check during electrical maintenance.,HIGH,Electrical Maintenance,Electric shock or arc flash,Permit control failed,Energy Isolation
2370,A near miss occurred when a fitter found the guard on the coupling was damaged during the mechanical repair. It was noted that the guarding was degraded.,MEDIUM,Mechanical Maintenance,Entanglement,Guarding degraded,Line of Fire
2371,a machine operator confirmed the guard was in place before start-up during machine operation.,LOW,Machine Operation,Entanglement,No barrier failure / control effective,Line of Fire
2372,A worker reported that a welder began welding while no fire watch was stationed while performing hot work. The finding cited a lapse in permit control.,HIGH,Hot Work,Fire or explosion,Permit control failed,Hot Work
2373,a worker flagged that continuous gas monitoring was intermittent during ventilation verification. This was linked to the gas testing was not completed.,MEDIUM,Ventilation,Hazardous atmosphere,Gas testing not completed,Confined Space
2374,a fitter checked the energy-isolation register before the start while the equipment was being worked on.,LOW,Maintenance,Unexpected startup,No barrier failure / control effective,Energy Isolation
2375,a worker observed items overhanging the edge of the overhead shelf during material handling. It was noted that a failure to maintain the exclusion zone.,HIGH,Material Handling,Falling object,Exclusion zone failed,
2376,An observation from the safety patrol noted that a worker observed a dropped tool in the vicinity during the transfer.,MEDIUM,Material Handling,Falling object,Housekeeping control inadequate,
2377,a ground worker verified the trench support before entry during excavation.,LOW,Excavation,Utility strike,No barrier failure / control effective,Ground Disturbance
2378,a confined-space attendant entered the tank interior with no attendant present while entering the vessel. The event traced back to no emergency rescue plan was in place.,HIGH,Confined Space Entry,Delayed rescue,Emergency/rescue plan absent,Confined Space
2379,The shift handover mentioned that a worker found combustible items stored too close to the hot work area during the grinding operation. Follow-up identified the combustible material control was degraded.,MEDIUM,Hot Work,Fire or explosion,Combustible control degraded,Hot Work
2380,"During the walk-down, the guarding interlock was verified before the run during the production run.",LOW,Machine Operation,Entanglement,No barrier failure / control effective,Line of Fire
2381,A near miss occurred when a safety officer was inside the space while the retrieval system was not rigged during the fire drill. The observation was attributed to no emergency rescue plan was in place.,HIGH,Fire Safety,Delayed rescue,Emergency/rescue plan absent,
2382,The shift handover mentioned that a permit issuer found the pressure gauge reading was not recorded during the permit check. The finding cited the energy isolation control was degraded.,MEDIUM,Permit to Work,Pressure release,Energy isolation control degraded,Energy Isolation
2383,A supervisor observed that a crane operator confirmed the drop zone was clear before the load was raised while the crane was positioning the load.,LOW,Lifting Operation,Dropped load,No barrier failure / control effective,Lifting Operations
2384,a driver operated the excavator while a worker was inside the swing radius during the yard move. This was linked to the traffic segregation controls had broken down.,HIGH,Vehicle Movement,Vehicle-pedestrian collision,Traffic segregation failed,Line of Fire
2385,A worker reported that a chemical handler observed a worker without eye protection near the drum during chemical handling.,MEDIUM,Chemical Handling,PPE deficiency,PPE compliance issue,
2386,A near miss occurred when a worker verified that mechanical handling aids were available while lifting the heavy component.,LOW,Manual Handling,Musculoskeletal Injury,No barrier failure / control effective,
2387,A supervisor observed that a material handler lifted material without a toe board on the platform during the transfer. This was linked to a failure to maintain the exclusion zone.,HIGH,Material Handling,Falling object,Exclusion zone failed,
2388,a worker observed that the initial atmosphere check was recorded late while checking the ventilation. Follow-up identified the gas testing was not completed.,MEDIUM,Ventilation,Hazardous atmosphere,Gas testing not completed,Confined Space
2389,A permit review found that the spill was cleaned up promptly after being reported while clearing the workspace.,LOW,Housekeeping,Slip hazard,No barrier failure / control effective,
2390,A worker reported that a confined-space attendant worked in the area while the toxic-gas reading exceeded limits during the tank entry. The observation was attributed to a lapse in permit control.,HIGH,Confined Space Entry,Hazardous atmosphere,Permit control failed,Confined Space
2391,a technician noted corrosion on the pressurized line while monitoring the process line.,MEDIUM,Process Operation,Pressure release,Inspection not completed,Energy Isolation
2392,A permit review found that a lifting supervisor checked that the tag line was rigged before lifting while the load was being moved.,LOW,Lifting Operation,Dropped load,No barrier failure / control effective,Lifting Operations
2393,The shift handover mentioned that a worker handled the heavy object without a mechanical aid during the material transfer. The event traced back to the manual handling control was inadequate.,MEDIUM,Manual Handling,Musculoskeletal Injury,Manual handling control inadequate,
2394,An inspection noted that a process operator worked in the area without respiratory protection during the release during the shift.,HIGH,Process Operation,Chemical exposure,PPE compliance issue,Toxic Gas
2395,The shift handover mentioned that noise levels were checked and controls verified while running the equipment.,LOW,Equipment Operation,Noise exposure,No barrier failure / control effective,
2396,A permit review found that a storekeeper noted that the scrap bin was overflowing near the work area during storage activity. Follow-up identified a previously identified corrective action was not closed out.,MEDIUM,Storage,Poor housekeeping condition,Corrective action not completed,
2397,a ventilation technician entered the space despite the gas monitor alarm remaining active while testing the airflow. It was noted that inadequate ventilation.,HIGH,Ventilation,Hazardous atmosphere,Ventilation inadequate,Confined Space
2398,An observation from the safety patrol noted that a scaffolder confirmed that fall protection was inspected and in place before during the scaffolding work.,LOW,Work at Height,Fall from height,No barrier failure / control effective,Working at Height
2399,a warehouse attendant found the emergency pathway partially blocked during storage activity. This was linked to a previously identified corrective action was not closed out.,MEDIUM,Storage,Poor housekeeping condition,Corrective action not completed,No clear Life-Saving Rule detected
2400,An observation from the safety patrol noted that an equipment operator confirmed hearing protection was used near the noisy equipment during equipment operation.,LOW,Equipment Operation,Noise exposure,No barrier failure / control effective,
2401,A worker reported that a ground worker started digging before the underground utilities were located during excavation. The observation was attributed to the excavation was not properly supported.,HIGH,Excavation,Utility strike,Excavation support failed,Ground Disturbance
2402,a process operator observed the drum leaking while it was being moved during the shift. The observation was attributed to a PPE compliance issue.,HIGH,Process Operation,Chemical exposure,PPE compliance issue,Toxic Gas
2403,An inspection noted that a crane operator observed the load swaying while the tag line was not used while the crane was positioning the load. This was linked to the lifting inspection was not completed.,MEDIUM,Lifting Operation,Dropped load,Lifting inspection not completed,Lifting Operations
2404,a worker checked that the gas detector was calibrated before the entry during confined-space entry.,LOW,Confined Space Entry,Hazardous atmosphere,No barrier failure / control effective,Confined Space
2405,An inspection noted that a spotter walked into the path of the moving vehicle while the truck was moving.,HIGH,Vehicle Movement,Vehicle-pedestrian collision,Stop-work control failed,Line of Fire
2406,A permit review found that an electrical supervisor flagged that the residual charge was not discharged during electrical maintenance. The event traced back to the energy isolation control was degraded.,MEDIUM,Electrical Maintenance,Electric shock or arc flash,Energy isolation control degraded,Energy Isolation
2407,An inspection noted that a scaffolder verified the edge protection was intact during during elevated maintenance.,LOW,Work at Height,Fall from height,No barrier failure / control effective,Working at Height
2408,An observation from the safety patrol noted that a fitter entered the machine danger zone without isolation during the mechanical repair. The finding cited the energy isolation was not applied.,HIGH,Mechanical Maintenance,Entanglement,Energy isolation failed,Line of Fire
2409,A near miss occurred when a chemical handler noted the secondary containment was partly occupied during drum handling. This was linked to inadequate housekeeping controls.,MEDIUM,Chemical Handling,Chemical exposure,Housekeeping control inadequate,Toxic Gas
2410,"During the walk-down, an operator verified the circuit was dead before starting work while servicing the machine.",LOW,Equipment Maintenance,Electric shock or arc flash,No barrier failure / control effective,Energy Isolation
2411,"During the walk-down, an operator climbed the access ladder without attaching the safety harness during elevated maintenance. The finding cited edge protection was missing.",HIGH,Work at Height,Fall from height,Edge protection absent,Working at Height
2412,A worker reported that a lifting supervisor observed the load swaying while the tag line was not used during the critical lift. The finding cited the lifting inspection was not completed.,MEDIUM,Lifting Operation,Dropped load,Lifting inspection not completed,Lifting Operations
2413,A near miss occurred when an excavator operator verified the trench support before entry during excavation.,LOW,Excavation,Utility strike,No barrier failure / control effective,Ground Disturbance
2414,a warehouse attendant found waste material blocking the aisle while stacking the materials.,MEDIUM,Storage,Poor housekeeping condition,Housekeeping control inadequate,No clear Life-Saving Rule detected
2415,The shift handover mentioned that a machine operator observed the safety clutch fail during during machine operation.,HIGH,Machine Operation,Equipment failure,Guarding failed,Energy Isolation
2416,An inspection noted that an electrical supervisor verified the circuit was dead before starting work during electrical maintenance.,LOW,Electrical Maintenance,Electric shock or arc flash,No barrier failure / control effective,Energy Isolation
2417,A permit review found that a technician started the tank entry with no gas detector available while entering the chamber. Follow-up identified gas testing had not been performed before the task.,HIGH,Confined Space Entry,Hazardous atmosphere,Gas testing absent,Confined Space
2418,an electrical supervisor noted the arc-flash boundary was not marked during circuit repair. The event traced back to the energy isolation control was degraded.,MEDIUM,Electrical Maintenance,Electric shock or arc flash,Energy isolation control degraded,Energy Isolation
2419,The shift handover mentioned that a ventilation technician verified the atmospheric readings were within safe limits before during ventilation verification.,LOW,Ventilation,Hazardous atmosphere,No barrier failure / control effective,Confined Space
2420,an operator flagged that the machine noise exceeded limits during equipment operation. The observation was attributed to inadequate ventilation.,MEDIUM,Equipment Operation,Noise exposure,Ventilation inadequate,No clear Life-Saving Rule detected
2421,The shift handover mentioned that a responder began work although the rescue plan was not established during the emergency drill. It was noted that no emergency rescue plan was in place.,HIGH,Emergency Response,Delayed rescue,Emergency/rescue plan absent,Confined Space
2422,An observation from the safety patrol noted that a lifting supervisor verified the rigging was inspected for the lift while the load was being moved.,LOW,Lifting Operation,Dropped load,No barrier failure / control effective,Lifting Operations
2423,A worker reported that a maintenance technician re-energized the equipment without clearing the work party during the repair job. The observation was attributed to the energy isolation was not applied.,HIGH,Maintenance,Unexpected startup,Energy isolation failed,Energy Isolation
2424,a safety officer performed the task without the required gloves during the PPE inspection. It was noted that degraded equipment condition.,MEDIUM,PPE,PPE deficiency,Equipment condition degraded,No clear Life-Saving Rule detected
2425,A permit review found that a crane operator verified the rigging was inspected for the lift while the crane was positioning the load.,LOW,Lifting Operation,Dropped load,No barrier failure / control effective,Lifting Operations
2426,"During the walk-down, a safety officer was inside the space while the retrieval system was not rigged while managing the incident. This was linked to no emergency rescue plan was in place.",HIGH,Emergency Response,Delayed rescue,Emergency/rescue plan absent,Confined Space
2427,"During the walk-down, a chemical technician flagged that the vent valve was not opened before the task while maintaining the reactor. The finding cited the energy isolation control was degraded.",MEDIUM,Chemical Maintenance,Pressure release,Energy isolation control degraded,Energy Isolation
2428,An inspection noted that a material handler confirmed all tools were tethered before during material handling.,LOW,Material Handling,Falling object,No barrier failure / control effective,
2429,A worker reported that an inspector disconnected the line while pressure remained in it during the scheduled inspection. The observation was attributed to a lapse in permit control.,HIGH,Equipment Inspection,Pressure release,Permit control failed,Energy Isolation
2430,The shift handover mentioned that an auditor reported an incomplete edge-protection section during the control check.,MEDIUM,Safety Verification,Fall from height,Inspection not completed,Working at Height
2431,a maintenance fitter confirmed the chemical was stored in the correct container during chemical maintenance.,LOW,Chemical Maintenance,Chemical exposure,No barrier failure / control effective,Toxic Gas
2432,A near miss occurred when a worker handled the heavy object without a mechanical aid during the material transfer. The finding cited a previously identified corrective action was not closed out.,MEDIUM,Manual Handling,Musculoskeletal Injury,Corrective action not completed,
2433,a worker started hot work while combustible material remained nearby while welding. The observation was attributed to combustible materials were not controlled.,HIGH,Hot Work,Fire or explosion,Combustible control failed,Hot Work
2434,an excavator operator confirmed the utilities were marked before digging during the excavation work.,LOW,Excavation,Utility strike,No barrier failure / control effective,Ground Disturbance
2435,an auditor started elevated work although the isolation register had no edge protection during the field verification. The finding cited edge protection was missing.,HIGH,Safety Verification,Fall from height,Edge protection absent,Working at Height
2436,A near miss occurred when a worker flagged abnormal vibration from the equipment during the repair. Follow-up identified the required inspection was not completed.,MEDIUM,Hand Tools,Equipment failure,Inspection not completed,
2437,The inspection certificate was verified before use during equipment inspection.,LOW,Equipment Inspection,Equipment failure,No barrier failure / control effective,
2438,A supervisor observed that a ventilation technician flagged that the machine noise exceeded limits during the confined-space prep. The finding cited a PPE compliance issue.,MEDIUM,Ventilation,Noise exposure,PPE compliance issue,
2439,a material handler worked below the platform while material was being handled above while moving the materials. It was noted that inadequate tool control.,HIGH,Material Handling,Falling object,Tool control inadequate,
2440,an operator verified that mechanical handling aids were available during manual handling.,LOW,Manual Handling,Musculoskeletal Injury,No barrier failure / control effective,
2441,a supervisor found waste material blocking the aisle during worksite setup. Follow-up identified inadequate housekeeping controls.,MEDIUM,Worksite Control,Poor housekeeping condition,Housekeeping control inadequate,
2442,an operator confirmed hearing protection was used near the noisy equipment while running the equipment.,LOW,Equipment Operation,Noise exposure,No barrier failure / control effective,
2443,A worker reported that a worker drove through the pedestrian crossing without stopping while the vehicle was reversing. Follow-up identified the stop-work control was not effective.,HIGH,Vehicle Movement,Vehicle-pedestrian collision,Stop-work control failed,Line of Fire
2444,"During the walk-down, a safety officer observed the safety clutch fail during during the inspection. This was linked to the required inspection was not completed.",HIGH,Inspection,Equipment failure,Inspection not completed,
2445,A supervisor observed that a mechanic found the restart procedure was not followed during equipment maintenance. Follow-up identified the energy isolation control was degraded.,MEDIUM,Equipment Maintenance,Unexpected startup,Energy isolation control degraded,Energy Isolation
2446,A permit review found that a worker confirmed the drain was clear in the work area in the common work area.,LOW,Housekeeping,Slip hazard,No barrier failure / control effective,
2447,a technician worked beside an open edge while the guardrail was absent while working at height. Follow-up identified a failure of safe access controls.,HIGH,Work at Height,Fall from height,Safe access control failed,Working at Height
2448,a process operator flagged that the vent valve was not opened before the task while the process unit was running. Follow-up identified the required inspection was not completed.,MEDIUM,Process Operation,Pressure release,Inspection not completed,Energy Isolation
2449,A worker reported that combustible materials were cleared from the hot work zone during the fire drill.,LOW,Fire Safety,Fire or explosion,No barrier failure / control effective,Hot Work
2450,a worker found water pooling on the walkway while clearing the workspace.,MEDIUM,Housekeeping,Slip hazard,Corrective action not completed,
2451,A permit review found that a confined-space attendant entered the space despite the gas monitor alarm remaining active while entering the vessel.,HIGH,Confined Space Entry,Hazardous atmosphere,Permit control failed,Confined Space
2452,a technician confirmed all tools were tethered before while working with the tool kit.,LOW,Hand Tools,Falling object,No barrier failure / control effective,
2453,A near miss occurred when an operator opened the chemical line without confirming isolation while moving the containers. The event traced back to inadequate ventilation.,HIGH,Chemical Handling,Chemical exposure,Ventilation inadequate,Toxic Gas
2454,"During the walk-down, a worker used the elevated work platform although the fall protection showed signs of damage while working at height. This was linked to the fall protection control was degraded.",MEDIUM,Work at Height,Fall from height,Fall protection control degraded,Working at Height
2455,a technician confirmed the voltage test was completed before the repair while working on the panel.,LOW,Electrical Maintenance,Electric shock or arc flash,No barrier failure / control effective,Energy Isolation
2456,a responder was inside the space while the retrieval system was not rigged during emergency response.,HIGH,Emergency Response,Delayed rescue,Emergency/rescue plan absent,Confined Space
2457,A supervisor observed that a technician handled the heavy object without a mechanical aid during manual handling. The finding cited the manual handling control was inadequate.,MEDIUM,Manual Handling,Musculoskeletal Injury,Manual handling control inadequate,
2458,"During the walk-down, the excavation permit and utility survey were reviewed during the excavation work.",LOW,Excavation,Utility strike,No barrier failure / control effective,Ground Disturbance
2459,A permit review found that a fitter worked close to the moving parts without guarding during mechanical maintenance. The event traced back to the energy isolation was not applied.,HIGH,Mechanical Maintenance,Entanglement,Energy isolation failed,Line of Fire
2460,a machine operator found the brake on the machine worn beyond limit while the machine was running. The finding cited degraded equipment condition.,MEDIUM,Machine Operation,Equipment failure,Equipment condition degraded,Energy Isolation
2461,a worker verified the atmospheric readings were within safe limits before while entering the vessel.,LOW,Confined Space Entry,Hazardous atmosphere,No barrier failure / control effective,Confined Space
2462,a technician noted that the enclosure around the unit was incomplete while running the equipment. This was linked to a PPE compliance issue.,MEDIUM,Equipment Operation,Noise exposure,PPE compliance issue,
2463,"During the walk-down, an operator started the tank entry with no gas detector available while assessing the release. Follow-up identified gas testing had not been performed before the task.",HIGH,Gas Leak Response,Hazardous atmosphere,Gas testing absent,Toxic Gas
2464,PPE was issued and inspected before the task while moving the containers.,LOW,Chemical Handling,PPE deficiency,No barrier failure / control effective,
2465,a safety officer observed the safety clutch fail during during the audit. The event traced back to the required inspection was not completed.,HIGH,Inspection,Equipment failure,Inspection not completed,
2466,an entrant reported that the ventilation in the confined space was running below capacity during confined-space entry.,MEDIUM,Confined Space Entry,Hazardous atmosphere,Communication/handover failed,Confined Space
2467,The shift handover mentioned that a maintenance technician checked the energy-isolation register before the start while servicing the machine.,LOW,Equipment Maintenance,Unexpected startup,No barrier failure / control effective,Energy Isolation
2468,a scaffolder moved along the edge of the platform with no fall-arrest system in use during the scaffolding work. It was noted that edge protection was missing.,HIGH,Work at Height,Fall from height,Edge protection absent,Working at Height
2469,a welder observed residual flammable vapors near the work zone during hot work.,MEDIUM,Hot Work,Fire or explosion,Combustible control degraded,Hot Work
2470,A worker reported that an operator confirmed hearing protection was used near the noisy equipment during equipment operation.,LOW,Equipment Operation,Noise exposure,No barrier failure / control effective,
2471,a technician reached into the cabinet while the busbar remained energized during electrical maintenance. This was linked to a lapse in permit control.,HIGH,Electrical Maintenance,Electric shock or arc flash,Permit control failed,Energy Isolation
2472,an entrant reported that the ventilation in the chamber was running below capacity while entering the vessel. It was noted that a failure in communication or handover.,MEDIUM,Confined Space Entry,Hazardous atmosphere,Communication/handover failed,Confined Space
2473,An observation from the safety patrol noted that a technician used the approved anchor point when working while accessing the upper platform.,LOW,Work at Height,Fall from height,No barrier failure / control effective,Working at Height
2474,A near miss occurred when an operator re-energized the equipment without clearing the work party while the unit was down. The finding cited the energy isolation was not applied.,HIGH,Equipment Maintenance,Unexpected startup,Energy isolation failed,Energy Isolation
2475,a fire warden flagged that the fire extinguisher was not immediately accessible during the fire drill. Follow-up identified the combustible material control was degraded.,MEDIUM,Fire Safety,Fire or explosion,Combustible control degraded,Hot Work
2476,A near miss occurred when a technician verified zero pressure before disconnecting during the shift.,LOW,Process Operation,Pressure release,No barrier failure / control effective,Energy Isolation
2477,"During the walk-down, a worker reported a slippery surface near the common area during the shift cleanup. This was linked to a previously identified corrective action was not closed out.",MEDIUM,Housekeeping,Slip hazard,Corrective action not completed,
2478,a lifting supervisor entered the exclusion zone while the load was being lifted during the lifting operation. This was linked to a failure to maintain the exclusion zone.,HIGH,Lifting Operation,Dropped load,Exclusion zone failed,Lifting Operations
2479,A worker reported that a technician verified the edge protection was intact during while working at height.,LOW,Work at Height,Fall from height,No barrier failure / control effective,Working at Height
2480,A supervisor observed that a chemical technician opened the chemical line without confirming isolation while maintaining the reactor. Follow-up identified inadequate ventilation.,HIGH,Chemical Maintenance,Chemical exposure,Ventilation inadequate,Toxic Gas
2481,An observation from the safety patrol noted that a worker was not wearing the respirator in the dusty area during the grinding operation. The observation was attributed to a PPE compliance issue.,MEDIUM,Hot Work,PPE deficiency,PPE compliance issue,
2482,a technician confirmed the required PPE was worn throughout during leak investigation.,LOW,Gas Leak Response,PPE deficiency,No barrier failure / control effective,
2483,The shift handover mentioned that a worker entered the chamber before gas testing was carried out while entering the vessel. It was noted that inadequate ventilation.,HIGH,Confined Space Entry,Hazardous atmosphere,Ventilation inadequate,Confined Space
2484,The shift handover mentioned that a rigger noted the barricade around the lift area was incomplete during the critical lift. This was linked to the lifting inspection was not completed.,MEDIUM,Lifting Operation,Dropped load,Lifting inspection not completed,Lifting Operations
2485,An observation from the safety patrol noted that the toe boards were verified on the platform during the repair.,LOW,Hand Tools,Falling object,No barrier failure / control effective,
2486,a worker worked in the area while the toxic-gas reading exceeded limits while entering the vessel. The event traced back to gas testing had not been performed before the task.,HIGH,Confined Space Entry,Hazardous atmosphere,Gas testing absent,Confined Space
2487,A supervisor observed that a driver observed the vehicle passing close to the walkway during vehicle movement. Follow-up identified the traffic segregation control was degraded.,MEDIUM,Vehicle Movement,Vehicle-pedestrian collision,Traffic segregation control degraded,Line of Fire
2488,an operator checked that the containment was intact before the transfer while moving the containers.,LOW,Chemical Handling,Chemical exposure,No barrier failure / control effective,Toxic Gas
2489,The shift handover mentioned that a scaffolder worked beside an open edge while the guardrail was absent during elevated maintenance.,HIGH,Work at Height,Fall from height,Edge protection absent,Working at Height
2490,A worker reported that a rigger found that the load weight was not confirmed before the lift during the critical lift. This was linked to the lifting inspection was not completed.,MEDIUM,Lifting Operation,Dropped load,Lifting inspection not completed,Lifting Operations
2491,The shift handover mentioned that a worker confirmed the fire watch and extinguishers were in place before during the grinding operation.,LOW,Hot Work,Fire or explosion,No barrier failure / control effective,Hot Work
2492,A permit review found that an entrant entered the tank interior before gas testing was carried out while entering the chamber.,HIGH,Confined Space Entry,Hazardous atmosphere,Permit control failed,Confined Space
2493,an inspector found the tool handle cracked during the task during the safety inspection. The finding cited the required inspection was not completed.,MEDIUM,Inspection,Equipment failure,Inspection not completed,
2494,A worker reported that a technician confirmed the ventilation remained operational throughout while entering the vessel.,LOW,Confined Space Entry,Hazardous atmosphere,No barrier failure / control effective,Confined Space
2495,a first responder entered the response zone with no attendant present during the emergency drill. The finding cited no emergency rescue plan was in place.,HIGH,Emergency Response,Delayed rescue,Emergency/rescue plan absent,Confined Space
2496,"During the walk-down, a craftsman noticed loose parts on the elevated walkway during the repair. Follow-up identified inadequate housekeeping controls.",MEDIUM,Hand Tools,Falling object,Housekeeping control inadequate,
2497,a process operator checked that the containment was intact before the transfer while the process unit was running.,LOW,Process Operation,Chemical exposure,No barrier failure / control effective,Toxic Gas
2498,An inspection noted that a worker entered the vessel with no attendant present while entering the chamber.,HIGH,Confined Space Entry,Delayed rescue,Emergency/rescue plan absent,Confined Space
2499,a rigger found that the load weight was not confirmed before the lift during the lifting operation.,MEDIUM,Lifting Operation,Dropped load,Lifting inspection not completed,Lifting Operations
2500,A worker reported that a craftsman confirmed all tools were tethered before during the repair.,LOW,Hand Tools,Falling object,No barrier failure / control effective,
2501,a driver operated the excavator while a worker was inside the swing radius during vehicle movement. It was noted that the traffic segregation controls had broken down.,HIGH,Vehicle Movement,Vehicle-pedestrian collision,Traffic segregation failed,Line of Fire
2502,An observation from the safety patrol noted that a technician handled the heavy object without a mechanical aid during manual handling. This was linked to a previously identified corrective action was not closed out.,MEDIUM,Manual Handling,Musculoskeletal Injury,Corrective action not completed,
2503,an attendant confirmed the drain was clear in the work area during routine housekeeping rounds.,LOW,Housekeeping,Slip hazard,No barrier failure / control effective,
2504,A near miss occurred when a maintenance technician bypassed the interlock to keep the circuit running while the unit was down. It was noted that a lapse in permit control.,HIGH,Equipment Maintenance,Electric shock or arc flash,Permit control failed,Energy Isolation
2505,"During the walk-down, a lifting supervisor found that the load weight was not confirmed before the lift while the load was being moved.",MEDIUM,Lifting Operation,Dropped load,Exclusion zone control degraded,Lifting Operations
2506,An inspection noted that the spill was cleaned up promptly after being reported in the common work area.,LOW,Housekeeping,Slip hazard,No barrier failure / control effective,
2507,a driver walked into the path of the moving vehicle during vehicle movement. The event traced back to the traffic segregation controls had broken down.,HIGH,Vehicle Movement,Vehicle-pedestrian collision,Traffic segregation failed,Line of Fire
2508,a worker noted the secondary containment was partly occupied while maintaining the reactor. Follow-up identified a PPE compliance issue.,MEDIUM,Chemical Maintenance,Chemical exposure,PPE compliance issue,Toxic Gas
2509,A permit review found that the team performed a two-person lift following procedure during the material transfer.,LOW,Manual Handling,Musculoskeletal Injury,No barrier failure / control effective,
2510,an electrician observed exposed conductors while the equipment was live while servicing the switchgear. The finding cited a lapse in permit control.,HIGH,Electrical Maintenance,Electric shock or arc flash,Permit control failed,Energy Isolation
2511,A worker reported that a technician noticed that the scaffold toe board was loose while accessing the upper platform. The finding cited the required inspection was not completed.,MEDIUM,Work at Height,Fall from height,Inspection not completed,Working at Height
2512,The shift handover mentioned that a supervisor verified the trench support before entry while working in the trench.,LOW,Excavation,Utility strike,No barrier failure / control effective,Ground Disturbance
2513,An inspection noted that a machine operator worked close to the moving parts without guarding during machine operation. The event traced back to the energy isolation was not applied.,HIGH,Machine Operation,Entanglement,Energy isolation failed,Line of Fire
2514,a worker observed chemical vapors near the open container while servicing the chemical line. The observation was attributed to inadequate housekeeping controls.,MEDIUM,Chemical Maintenance,Chemical exposure,Housekeeping control inadequate,Toxic Gas
2515,A near miss occurred when pPE was issued and inspected before the task during drum handling.,LOW,Chemical Handling,PPE deficiency,No barrier failure / control effective,
2516,The shift handover mentioned that a technician opened the chemical line without confirming isolation while the process unit was running. The event traced back to inadequate ventilation.,HIGH,Process Operation,Chemical exposure,Ventilation inadequate,Toxic Gas
2517,An observation from the safety patrol noted that an operator found the chemical container unlabeled while transferring the chemical.,MEDIUM,Chemical Handling,Chemical exposure,PPE compliance issue,Toxic Gas
2518,A supervisor observed that a rigger confirmed the drop zone was clear before the load was raised during the critical lift.,LOW,Lifting Operation,Dropped load,No barrier failure / control effective,Lifting Operations
2519,A near miss occurred when an engineer started elevated work although the equipment had no edge protection during the inspection.,HIGH,Inspection,Fall from height,Fall protection absent,Working at Height
2520,a warehouse worker flagged that the SDS was not available at the work point while moving the containers. The observation was attributed to inadequate housekeeping controls.,MEDIUM,Chemical Handling,Chemical exposure,Housekeeping control inadequate,Toxic Gas
2521,An observation from the safety patrol noted that an attendant verified the walkway was clear after the task while clearing the workspace.,LOW,Housekeeping,Slip hazard,No barrier failure / control effective,
2522,a driver moved the vehicle while the spotter had not cleared the route during vehicle movement. The finding cited the stop-work control was not effective.,HIGH,Vehicle Movement,Vehicle-pedestrian collision,Stop-work control failed,Line of Fire
2523,An observation from the safety patrol noted that a fitter found the restart procedure was not followed while the equipment was being worked on. It was noted that the energy isolation control was degraded.,MEDIUM,Maintenance,Unexpected startup,Energy isolation control degraded,Energy Isolation
2524,A supervisor observed that pPE was issued and inspected before the task during drum handling.,LOW,Chemical Handling,PPE deficiency,No barrier failure / control effective,
2525,a safety officer observed a worker without eye protection near the gloves while preparing for the task. Follow-up identified a PPE compliance issue.,MEDIUM,PPE,PPE deficiency,PPE compliance issue,No clear Life-Saving Rule detected
2526,An observation from the safety patrol noted that a chemical handler transferred the chemical while the containment bund was damaged during drum handling. The event traced back to a PPE compliance issue.,HIGH,Chemical Handling,Chemical exposure,PPE compliance issue,Toxic Gas
2527,A worker reported that a worker checked that the gas detector was calibrated before the entry during confined-space entry.,LOW,Confined Space Entry,Hazardous atmosphere,No barrier failure / control effective,Confined Space
2528,an attendant found water pooling on the walkway during routine housekeeping rounds. The observation was attributed to a previously identified corrective action was not closed out.,MEDIUM,Housekeeping,Slip hazard,Corrective action not completed,
2529,A permit review found that a craftsman left tools unsecured on the tool kit during the repair. The observation was attributed to a failure to maintain the exclusion zone.,HIGH,Hand Tools,Falling object,Exclusion zone failed,
2530,an operator used a lift assist for the heavy load during the material transfer.,LOW,Manual Handling,Musculoskeletal Injury,No barrier failure / control effective,
2531,a technician observed the safety clutch fail during while operating the press. The observation was attributed to a failure of the machine guarding.,HIGH,Machine Operation,Equipment failure,Guarding failed,Energy Isolation
2532,a mechanic noted the pinch point was exposed during the task while working on the drive. Follow-up identified the required inspection was not completed.,MEDIUM,Mechanical Maintenance,Entanglement,Inspection not completed,Line of Fire
2533,A permit review found that pPE was issued and inspected before the task while preparing for the task.,LOW,PPE,PPE deficiency,No barrier failure / control effective,
2534,The shift handover mentioned that a worker observed the crane load passing directly over personnel while the crane was positioning the load.,HIGH,Lifting Operation,Dropped load,Exclusion zone failed,Lifting Operations
2535,An inspection noted that a panel operator found the chemical container unlabeled during the shift. Follow-up identified inadequate housekeeping controls.,MEDIUM,Process Operation,Chemical exposure,Housekeeping control inadequate,Toxic Gas
2536,a ground worker verified the trench support before entry while working in the trench.,LOW,Excavation,Utility strike,No barrier failure / control effective,Ground Disturbance
2537,An inspection noted that an operator climbed the elevated work platform without attaching the safety harness while working at height. The event traced back to fall protection was not in place.,HIGH,Work at Height,Fall from height,Fall protection absent,Working at Height
2538,a supervisor was not wearing the respirator in the dusty area during the shift. This was linked to degraded equipment condition.,MEDIUM,PPE,PPE deficiency,Equipment condition degraded,
2539,An inspection noted that the equipment was verified as isolated before during the maintenance shutdown.,LOW,Maintenance,Unexpected startup,No barrier failure / control effective,Energy Isolation
2540,The shift handover mentioned that a storekeeper found waste material blocking the aisle during the warehouse operation. The observation was attributed to inadequate housekeeping controls.,MEDIUM,Storage,Poor housekeeping condition,Housekeeping control inadequate,
2541,a safety officer verified that spare PPE was available at the worksite while checking PPE compliance.,LOW,PPE,PPE deficiency,No barrier failure / control effective,
2542,a worker started grinding beside an open chemical container while welding. It was noted that combustible materials were not controlled.,HIGH,Hot Work,Fire or explosion,Combustible control failed,Hot Work
2543,a storekeeper found the emergency pathway partially blocked during storage activity.,MEDIUM,Storage,Poor housekeeping condition,Housekeeping control inadequate,
2544,A supervisor observed that an authorized worker observed the relief valve fail during the pressure test while reviewing the work permit. This was linked to the energy isolation was not applied.,HIGH,Permit to Work,Pressure release,Energy isolation failed,Energy Isolation
2545,A worker reported that a worker confirmed the drain was clear in the work area in the common work area.,LOW,Housekeeping,Slip hazard,No barrier failure / control effective,
2546,a worker opened the vessel while the ventilation was not running during confined-space entry. Follow-up identified gas testing had not been performed before the task.,HIGH,Confined Space Entry,Hazardous atmosphere,Gas testing absent,Confined Space
2547,A supervisor observed that an operator reported an incomplete edge-protection section during the scaffolding work. Follow-up identified the fall protection control was degraded.,MEDIUM,Work at Height,Fall from height,Fall protection control degraded,Working at Height
2548,PPE was issued and inspected before the task during drum handling.,LOW,Chemical Handling,PPE deficiency,No barrier failure / control effective,
2549,An inspection noted that an authorized worker removed the flange cover while the system was still pressurized while reviewing the work permit. The finding cited the energy isolation was not applied.,HIGH,Permit to Work,Pressure release,Energy isolation failed,Energy Isolation
2550,"During the walk-down, a chemical handler noted the secondary containment was partly occupied during chemical handling. The event traced back to a PPE compliance issue.",MEDIUM,Chemical Handling,Chemical exposure,PPE compliance issue,Toxic Gas
2551,a technician confirmed that the platform had adequate edge protection during elevated maintenance.,LOW,Work at Height,Fall from height,No barrier failure / control effective,Working at Height
2552,a worker lifted the load above shoulder height repeatedly while lifting the heavy component. It was noted that a previously identified corrective action was not closed out.,MEDIUM,Manual Handling,Musculoskeletal Injury,Corrective action not completed,
2553,an entrant worked in the area while the toxic-gas reading exceeded limits during confined-space entry. This was linked to a lapse in permit control.,HIGH,Confined Space Entry,Hazardous atmosphere,Permit control failed,Confined Space
2554,a technician verified that mechanical handling aids were available while carrying the load.,LOW,Manual Handling,Musculoskeletal Injury,No barrier failure / control effective,
2555,"During the walk-down, a ground worker continued the excavation while the utility drawings were missing during excavation. Follow-up identified a lapse in permit control.",HIGH,Excavation,Utility strike,Permit control failed,Ground Disturbance
2556,A worker reported that a driver found the traffic segregation barrier displaced while the vehicle was reversing. This was linked to the traffic segregation control was degraded.,MEDIUM,Vehicle Movement,Vehicle-pedestrian collision,Traffic segregation control degraded,Line of Fire
2557,A supervisor observed that a worker verified the permit conditions covered the hot work during the grinding operation.,LOW,Hot Work,Fire or explosion,No barrier failure / control effective,Hot Work
2558,a cleaner found water pooling on the walkway in the common work area. The observation was attributed to a previously identified corrective action was not closed out.,MEDIUM,Housekeeping,Slip hazard,Corrective action not completed,
2559,a technician observed items overhanging the edge of the overhead shelf while using hand tools.,HIGH,Hand Tools,Falling object,Exclusion zone failed,
2560,An inspection noted that the toe boards were verified on the platform during material handling.,LOW,Material Handling,Falling object,No barrier failure / control effective,
2561,a worker carried the load alone without assistance during manual handling. This was linked to a previously identified corrective action was not closed out.,MEDIUM,Manual Handling,Musculoskeletal Injury,Corrective action not completed,
2562,a worker walked into the path of the moving vehicle while the vehicle was reversing.,HIGH,Vehicle Movement,Vehicle-pedestrian collision,Stop-work control failed,Line of Fire
2563,An inspection noted that a maintenance technician checked the energy-isolation register before the start while the equipment was being worked on.,LOW,Maintenance,Unexpected startup,No barrier failure / control effective,Energy Isolation
2564,An observation from the safety patrol noted that an electrician observed exposed conductors while the equipment was live while working on the panel. The event traced back to a lapse in permit control.,HIGH,Electrical Maintenance,Electric shock or arc flash,Permit control failed,Energy Isolation
2565,"During the walk-down, a ventilation technician flagged that continuous gas monitoring was intermittent during ventilation verification. The finding cited a failure in communication or handover.",MEDIUM,Ventilation,Hazardous atmosphere,Communication/handover failed,Confined Space
2566,a cleaner confirmed the drain was clear in the work area during routine housekeeping rounds.,LOW,Housekeeping,Slip hazard,No barrier failure / control effective,
2567,a storekeeper found waste material blocking the aisle during storage activity. The event traced back to inadequate housekeeping controls.,MEDIUM,Storage,Poor housekeeping condition,Housekeeping control inadequate,
2568,"During the walk-down, an attendant confirmed the drain was clear in the work area during routine housekeeping rounds.",LOW,Housekeeping,Slip hazard,No barrier failure / control effective,
2569,a warehouse worker transferred the chemical while the containment bund was damaged during chemical handling.,HIGH,Chemical Handling,Chemical exposure,Permit control failed,Toxic Gas
2570,a worker used rigging on the suspended load that showed signs of wear before the lift while the crane was positioning the load. The observation was attributed to a failure to maintain the exclusion zone.,HIGH,Lifting Operation,Dropped load,Exclusion zone failed,Lifting Operations
2571,"During the walk-down, a worker noticed loose parts on the elevated walkway while moving the materials. The finding cited inadequate housekeeping controls.",MEDIUM,Material Handling,Falling object,Housekeeping control inadequate,
2572,a technician verified the edge protection was intact during during the scaffolding work.,LOW,Work at Height,Fall from height,No barrier failure / control effective,Working at Height
2573,A supervisor observed that a safety officer started the tank entry with no gas detector available while checking the ventilation. The finding cited gas testing had not been performed before the task.,HIGH,Ventilation,Hazardous atmosphere,Gas testing absent,Confined Space
2574,A worker reported that a craftsman found objects stored above head height without a toe board during hand-tool work. The observation was attributed to the tool control was degraded.,MEDIUM,Hand Tools,Falling object,Tool control degraded,
2575,The shift handover mentioned that a worker reported that the barrier operated as expected while managing the work zone.,LOW,Worksite Control,None identified,No barrier failure / control effective,
2576,An inspection noted that a driver confirmed the spotter was in position before reversing while the truck was moving.,LOW,Vehicle Movement,Vehicle-pedestrian collision,No barrier failure / control effective,Line of Fire
2577,a technician proceeded with hot work although the permit did not match the site conditions during hot work. It was noted that combustible materials were not controlled.,HIGH,Hot Work,Fire or explosion,Combustible control failed,Hot Work
2578,a chemical handler observed chemical vapors near the open container while transferring the chemical. This was linked to a PPE compliance issue.,MEDIUM,Chemical Handling,Chemical exposure,PPE compliance issue,Toxic Gas
2579,The fall-arrest system was checked and found compliant while accessing the upper platform.,LOW,Work at Height,Fall from height,No barrier failure / control effective,Working at Height
2580,A permit review found that a confined-space attendant started the tank entry with no gas detector available while entering the chamber. It was noted that inadequate ventilation.,HIGH,Confined Space Entry,Hazardous atmosphere,Ventilation inadequate,Confined Space
2581,An inspection noted that a worker found the gas detector battery low before the task while entering the chamber.,MEDIUM,Confined Space Entry,Hazardous atmosphere,Communication/handover failed,Confined Space
2582,a fitter confirmed the guard was in place before start-up during mechanical maintenance.,LOW,Mechanical Maintenance,Entanglement,No barrier failure / control effective,Line of Fire
2583,a technician observed items overhanging the edge of the overhead shelf during the transfer. The finding cited a failure to maintain the exclusion zone.,HIGH,Material Handling,Falling object,Exclusion zone failed,
2584,A supervisor observed that a mechanic observed the equipment starting without the safety interlock during equipment maintenance. The finding cited the energy isolation control was degraded.,MEDIUM,Equipment Maintenance,Unexpected startup,Energy isolation control degraded,Energy Isolation
2585,A permit review found that a fitter confirmed the lockout-tagout was complete before restarting during the repair job.,LOW,Maintenance,Unexpected startup,No barrier failure / control effective,Energy Isolation
2586,A worker reported that a rigger used rigging on the lifting gear that showed signs of wear before the lift while the load was being moved.,HIGH,Lifting Operation,Dropped load,Exclusion zone failed,Lifting Operations
2587,A near miss occurred when a warehouse attendant flagged that the workbench was cluttered during the warehouse operation. It was noted that a previously identified corrective action was not closed out.,MEDIUM,Storage,Poor housekeeping condition,Corrective action not completed,
2588,A worker reported that a technician confirmed that the platform had adequate edge protection while working at height.,LOW,Work at Height,Fall from height,No barrier failure / control effective,Working at Height
2589,a confined-space attendant started the tank entry with no gas detector available while entering the vessel. It was noted that gas testing had not been performed before the task.,HIGH,Confined Space Entry,Hazardous atmosphere,Gas testing absent,Confined Space
2590,an operator reported that the ventilation in the flange was running below capacity while responding to the gas alarm. The event traced back to a failure in communication or handover.,MEDIUM,Gas Leak Response,Hazardous atmosphere,Communication/handover failed,Toxic Gas
2591,An observation from the safety patrol noted that an operator confirmed the guard was in place before start-up during the production run.,LOW,Machine Operation,Entanglement,No barrier failure / control effective,Line of Fire
2592,A near miss occurred when an excavator operator struck the buried cable while excavating during the excavation work. The finding cited a lapse in permit control.,HIGH,Excavation,Utility strike,Permit control failed,Ground Disturbance
2593,A supervisor observed that a worker observed an obstruction blocking the aisle in the common work area. This was linked to a previously identified corrective action was not closed out.,MEDIUM,Housekeeping,Slip hazard,Corrective action not completed,No clear Life-Saving Rule detected
2594,an excavator operator confirmed the utilities were marked before digging while digging the trench.,LOW,Excavation,Utility strike,No barrier failure / control effective,Ground Disturbance
2595,a technician started the tank entry with no gas detector available during leak investigation. The finding cited gas testing had not been performed before the task.,HIGH,Gas Leak Response,Hazardous atmosphere,Gas testing absent,Toxic Gas
2596,a technician flagged that the guardrail on the access ladder was weakened during the scaffolding work.,MEDIUM,Work at Height,Fall from height,Inspection not completed,Working at Height
2597,Combustible materials were cleared from the hot work zone during the fire safety walk.,LOW,Fire Safety,Fire or explosion,No barrier failure / control effective,Hot Work
2598,a traffic marshal observed stacked material leaning in the storage area during the shift. Follow-up identified a previously identified corrective action was not closed out.,MEDIUM,Worksite Control,Poor housekeeping condition,Corrective action not completed,
2599,a supervisor opened the vessel before depressurization was verified during permit issuance. The observation was attributed to a lapse in permit control.,HIGH,Permit to Work,Pressure release,Permit control failed,Energy Isolation
2600,The lifting plan was reviewed and the exclusion zone maintained during the critical lift.,LOW,Lifting Operation,Dropped load,No barrier failure / control effective,Lifting Operations
2601,a machine operator positioned a hand near the rotating shaft while operating the press. The event traced back to the energy isolation was not applied.,HIGH,Machine Operation,Entanglement,Energy isolation failed,Line of Fire
2602,A worker reported that a supervisor noted that the utility drawings were outdated while digging the trench. Follow-up identified the required inspection was not completed.,MEDIUM,Excavation,Utility strike,Inspection not completed,Ground Disturbance
2603,a maintenance technician checked the energy-isolation register before the start while the equipment was being worked on.,LOW,Maintenance,Unexpected startup,No barrier failure / control effective,Energy Isolation
2604,A permit review found that a responder used the harness without inspecting it while assessing the release. The observation was attributed to degraded equipment condition.,MEDIUM,Gas Leak Response,PPE deficiency,Equipment condition degraded,
2605,a welder started hot work while combustible material remained nearby during the grinding operation. The finding cited combustible materials were not controlled.,HIGH,Hot Work,Fire or explosion,Combustible control failed,Hot Work
2606,The shift handover mentioned that a driver verified the reversing alarm was working before the move during vehicle movement.,LOW,Vehicle Movement,Vehicle-pedestrian collision,No barrier failure / control effective,Line of Fire
2607,an operator opened the vessel while the ventilation was not running while assessing the release. It was noted that a lapse in permit control.,HIGH,Gas Leak Response,Hazardous atmosphere,Permit control failed,Toxic Gas
2608,a technician found the guard on the rotating shaft was damaged while working on the drive.,MEDIUM,Mechanical Maintenance,Entanglement,Inspection not completed,Line of Fire
2609,"During the walk-down, an auditor used the approved anchor point when working while verifying critical controls.",LOW,Safety Verification,Fall from height,No barrier failure / control effective,Working at Height
2610,An observation from the safety patrol noted that a maintenance technician re-energized the equipment without clearing the work party during the maintenance shutdown. The observation was attributed to the energy isolation was not applied.,HIGH,Maintenance,Unexpected startup,Energy isolation failed,Energy Isolation
2611,A near miss occurred when an operator carried the load alone without assistance while carrying the load.,MEDIUM,Manual Handling,Musculoskeletal Injury,Manual handling control inadequate,
2612,An inspection noted that a worker checked that the containment was intact before the transfer during the vessel clean-out.,LOW,Chemical Maintenance,Chemical exposure,No barrier failure / control effective,Toxic Gas
2613,A near miss occurred when a storekeeper found waste material blocking the aisle in the storage area. The event traced back to a previously identified corrective action was not closed out.,MEDIUM,Storage,Poor housekeeping condition,Corrective action not completed,No clear Life-Saving Rule detected
2614,a safety officer entered the space despite the gas monitor alarm remaining active during ventilation verification.,HIGH,Ventilation,Hazardous atmosphere,Gas testing absent,Confined Space
2615,A supervisor observed that a warehouse worker confirmed the chemical was stored in the correct container while moving the containers.,LOW,Chemical Handling,Chemical exposure,No barrier failure / control effective,Toxic Gas
2616,A worker reported that a process operator transferred the chemical while the containment bund was damaged during the shift. The event traced back to inadequate ventilation.,HIGH,Process Operation,Chemical exposure,Ventilation inadequate,Toxic Gas
2617,No significant hazard was identified during during the control check.,LOW,Safety Verification,None identified,No barrier failure / control effective,
2618,A near miss occurred when a worker observed the load swaying while the tag line was not used while the load was being moved. The finding cited the exclusion zone control was degraded.,MEDIUM,Lifting Operation,Dropped load,Exclusion zone control degraded,Lifting Operations
2619,"During the walk-down, the fall-arrest system was checked and found compliant while accessing the upper platform.",LOW,Work at Height,Fall from height,No barrier failure / control effective,Working at Height
2620,A permit review found that a ground worker worked in the trench without confirming the utility depth while working in the trench. The finding cited underground utility verification was not completed.,HIGH,Excavation,Utility strike,Utility verification failed,Ground Disturbance
2621,A near miss occurred when a worker observed the equipment starting without the safety interlock during the repair job. It was noted that the energy isolation control was degraded.,MEDIUM,Maintenance,Unexpected startup,Energy isolation control degraded,Energy Isolation
2622,A worker reported that a worker reported that the pedestrian route operated as expected while managing the work zone.,LOW,Worksite Control,None identified,No barrier failure / control effective,
2623,a spotter confirmed the spotter was in position before reversing during the yard move.,LOW,Vehicle Movement,Vehicle-pedestrian collision,No barrier failure / control effective,Line of Fire
2624,A supervisor observed that a technician observed the safety clutch fail during while inspecting the unit.,HIGH,Equipment Inspection,Equipment failure,Inspection not completed,
2625,A permit review found that a technician flagged that the interlock had been defeated during mechanical maintenance. The finding cited the required inspection was not completed.,MEDIUM,Mechanical Maintenance,Entanglement,Inspection not completed,Line of Fire
2626,An inspection noted that the guarding interlock was verified before the run during the mechanical repair.,LOW,Mechanical Maintenance,Entanglement,No barrier failure / control effective,Line of Fire
2627,An observation from the safety patrol noted that a technician carried the load alone without assistance while carrying the load. This was linked to a previously identified corrective action was not closed out.,MEDIUM,Manual Handling,Musculoskeletal Injury,Corrective action not completed,No clear Life-Saving Rule detected
2628,A permit review found that a mechanic ran the equipment although the brake was reportedly faulty during equipment maintenance. The observation was attributed to the required inspection was not completed.,HIGH,Equipment Maintenance,Equipment failure,Inspection not completed,Energy Isolation
2629,A worker reported that a ground worker confirmed the utilities were marked before digging while digging the trench.,LOW,Excavation,Utility strike,No barrier failure / control effective,Ground Disturbance
2630,An observation from the safety patrol noted that a safety officer was inside the space while the retrieval system was not rigged during the fire drill. This was linked to no emergency rescue plan was in place.,HIGH,Fire Safety,Delayed rescue,Emergency/rescue plan absent,
2631,an operator noted that the lockout was incomplete before the start test during equipment maintenance.,MEDIUM,Equipment Maintenance,Unexpected startup,Energy isolation control degraded,Energy Isolation
2632,An observation from the safety patrol noted that a technician confirmed the guard was in place before start-up during machine operation.,LOW,Machine Operation,Entanglement,No barrier failure / control effective,Line of Fire
2633,"During the walk-down, a technician observed the safety clutch fail during during machine operation. Follow-up identified a failure of the machine guarding.",HIGH,Machine Operation,Equipment failure,Guarding failed,Energy Isolation
2634,A near miss occurred when a crane operator flagged that the sling angle exceeded the recommended limit during the critical lift. The observation was attributed to the exclusion zone control was degraded.,MEDIUM,Lifting Operation,Dropped load,Exclusion zone control degraded,Lifting Operations
2635,A supervisor observed that the depressurization was confirmed before the work during the shift.,LOW,Process Operation,Pressure release,No barrier failure / control effective,Energy Isolation
2636,a technician noted that the enclosure around the unit was incomplete while operating the unit. Follow-up identified a PPE compliance issue.,MEDIUM,Equipment Operation,Noise exposure,PPE compliance issue,
2637,A supervisor observed that an electrician bypassed the interlock to keep the circuit running while servicing the switchgear. It was noted that a lapse in permit control.,HIGH,Electrical Maintenance,Electric shock or arc flash,Permit control failed,Energy Isolation
2638,A worker reported that a technician confirmed the guard was in place before start-up during mechanical maintenance.,LOW,Mechanical Maintenance,Entanglement,No barrier failure / control effective,Line of Fire
2639,a safety officer started hot work while combustible material remained nearby while inspecting the extinguishers. The finding cited combustible materials were not controlled.,HIGH,Fire Safety,Fire or explosion,Combustible control failed,Hot Work
2640,an operator noticed the safety glasses were scratched and fogged during drum handling. This was linked to a PPE compliance issue.,MEDIUM,Chemical Handling,PPE deficiency,PPE compliance issue,No clear Life-Saving Rule detected
2641,A worker reported that an electrical supervisor confirmed the voltage test was completed before the repair while servicing the switchgear.,LOW,Electrical Maintenance,Electric shock or arc flash,No barrier failure / control effective,Energy Isolation
2642,The shift handover mentioned that a rigger used rigging on the load that showed signs of wear before the lift while the load was being moved. The observation was attributed to a failure to maintain the exclusion zone.,HIGH,Lifting Operation,Dropped load,Exclusion zone failed,Lifting Operations
2643,An inspection noted that a technician found the gas detector battery low before the task during the tank entry. This was linked to the gas testing was not completed.,MEDIUM,Confined Space Entry,Hazardous atmosphere,Gas testing not completed,Confined Space
2644,The shift handover mentioned that a safety officer confirmed the work was conducted safely during safety verification.,LOW,Safety Verification,None identified,No barrier failure / control effective,
2645,A near miss occurred when an operator confirmed the guard was in place before start-up while the machine was running.,LOW,Machine Operation,Entanglement,No barrier failure / control effective,Line of Fire
2646,a fitter cleared a blockage while the conveyor was still running during the mechanical repair. The finding cited a failure of the machine guarding.,HIGH,Mechanical Maintenance,Entanglement,Guarding failed,Line of Fire
2647,an authorized worker flagged that the vent valve was not opened before the task during permit issuance. The event traced back to the required inspection was not completed.,MEDIUM,Permit to Work,Pressure release,Inspection not completed,Energy Isolation
2648,a machine operator confirmed the guard was in place before start-up while the machine was running.,LOW,Machine Operation,Entanglement,No barrier failure / control effective,Line of Fire
2649,A permit review found that a rigger entered the exclusion zone while the load was being lifted during the lifting operation. It was noted that a failure to maintain the exclusion zone.,HIGH,Lifting Operation,Dropped load,Exclusion zone failed,Lifting Operations
2650,A worker reported that an operator reported that the ventilation in the pipeline was running below capacity while responding to the gas alarm. The event traced back to the gas testing was not completed.,MEDIUM,Gas Leak Response,Hazardous atmosphere,Gas testing not completed,Toxic Gas
2651,A near miss occurred when an operator used a lift assist for the heavy load during manual handling.,LOW,Manual Handling,Musculoskeletal Injury,No barrier failure / control effective,
2652,An inspection noted that a technician entered the vessel before gas testing was carried out while entering the vessel. It was noted that inadequate ventilation.,HIGH,Confined Space Entry,Hazardous atmosphere,Ventilation inadequate,Confined Space
2653,an auditor observed the load swaying while the tag line was not used while verifying critical controls. It was noted that the lifting inspection was not completed.,MEDIUM,Safety Verification,Dropped load,Lifting inspection not completed,Line of Fire
2654,A worker reported that an engineer used the approved anchor point when working during the audit.,LOW,Inspection,Fall from height,No barrier failure / control effective,Working at Height
2655,A permit review found that a scaffolder climbed the elevated work platform without attaching the safety harness during the scaffolding work.,HIGH,Work at Height,Fall from height,Edge protection absent,Working at Height
2656,The shift handover mentioned that a technician noticed that the scaffold toe board was loose during the scaffolding work. Follow-up identified the fall protection control was degraded.,MEDIUM,Work at Height,Fall from height,Fall protection control degraded,Working at Height
2657,A permit review found that a fitter confirmed the guard was in place before start-up while working on the drive.,LOW,Mechanical Maintenance,Entanglement,No barrier failure / control effective,Line of Fire
2658,a technician worked close to the moving parts without guarding during mechanical maintenance. The observation was attributed to the energy isolation was not applied.,HIGH,Mechanical Maintenance,Entanglement,Energy isolation failed,Line of Fire
2659,A supervisor observed that an inspector noticed that the scaffold toe board was loose during the scheduled inspection.,MEDIUM,Equipment Inspection,Fall from height,Fall protection control degraded,Working at Height
2660,A supervisor observed that the toe boards were verified on the platform while stacking the pallets.,LOW,Material Handling,Falling object,No barrier failure / control effective,
2661,a worker found water pooling on the walkway during routine housekeeping rounds. This was linked to inadequate housekeeping controls.,MEDIUM,Housekeeping,Slip hazard,Housekeeping control inadequate,No clear Life-Saving Rule detected
2662,a chemical technician transferred the chemical while the containment bund was damaged while maintaining the reactor. This was linked to a lapse in permit control.,HIGH,Chemical Maintenance,Chemical exposure,Permit control failed,Toxic Gas
2663,A supervisor observed that a cleaner verified the walkway was clear after the task during routine housekeeping rounds.,LOW,Housekeeping,Slip hazard,No barrier failure / control effective,
2664,A permit review found that a worker worked beside an open edge while the guardrail was absent during elevated maintenance. Follow-up identified edge protection was missing.,HIGH,Work at Height,Fall from height,Edge protection absent,Working at Height
2665,The shift handover mentioned that a spotter found the traffic segregation barrier displaced while the truck was moving. Follow-up identified the traffic segregation control was degraded.,MEDIUM,Vehicle Movement,Vehicle-pedestrian collision,Traffic segregation control degraded,Line of Fire
2666,A permit review found that a responder confirmed the attendant and rescue equipment were ready while responding to the event.,LOW,Emergency Response,Delayed rescue,No barrier failure / control effective,Confined Space
2667,a cleaner observed an obstruction blocking the aisle during routine housekeeping rounds. This was linked to inadequate housekeeping controls.,MEDIUM,Housekeeping,Slip hazard,Housekeeping control inadequate,
2668,An observation from the safety patrol noted that an operator started the tank entry with no gas detector available during leak investigation. Follow-up identified inadequate ventilation.,HIGH,Gas Leak Response,Hazardous atmosphere,Ventilation inadequate,Toxic Gas
2669,A supervisor observed that noise levels were checked and controls verified during equipment operation.,LOW,Equipment Operation,Noise exposure,No barrier failure / control effective,
2670,a technician lifted material without a toe board on the platform during the transfer.,HIGH,Material Handling,Falling object,Exclusion zone failed,
2671,An observation from the safety patrol noted that a responder observed residual flammable vapors near the work zone during gas leak response. It was noted that the combustible material control was degraded.,MEDIUM,Gas Leak Response,Fire or explosion,Combustible control degraded,Toxic Gas
2672,The shift handover mentioned that a technician verified that mechanical handling aids were available during manual handling.,LOW,Manual Handling,Musculoskeletal Injury,No barrier failure / control effective,
2673,An observation from the safety patrol noted that a warehouse attendant flagged that the workbench was cluttered during storage activity. It was noted that a previously identified corrective action was not closed out.,MEDIUM,Storage,Poor housekeeping condition,Corrective action not completed,
2674,A supervisor observed that a worker reached the upper level while the guard rail on the access ladder had been removed during elevated maintenance. The event traced back to a failure of safe access controls.,HIGH,Work at Height,Fall from height,Safe access control failed,Working at Height
2675,a worker confirmed the lockout-tagout was complete before restarting while the equipment was being worked on.,LOW,Maintenance,Unexpected startup,No barrier failure / control effective,Energy Isolation
2676,a worker opened the chemical line without confirming isolation during the vessel clean-out. The finding cited a lapse in permit control.,HIGH,Chemical Maintenance,Chemical exposure,Permit control failed,Toxic Gas
2677,a cleaner found debris scattered across the access path in the common work area. This was linked to a previously identified corrective action was not closed out.,MEDIUM,Housekeeping,Slip hazard,Corrective action not completed,
2678,a ground worker confirmed the utilities were marked before digging while working in the trench.,LOW,Excavation,Utility strike,No barrier failure / control effective,Ground Disturbance
2679,An observation from the safety patrol noted that a chemical technician transferred the chemical while the containment bund was damaged during the vessel clean-out. The observation was attributed to inadequate ventilation.,HIGH,Chemical Maintenance,Chemical exposure,Ventilation inadequate,Toxic Gas
2680,a technician flagged abnormal vibration from the equipment during machine operation.,MEDIUM,Machine Operation,Equipment failure,Inspection not completed,Energy Isolation
2681,"During the walk-down, the rescue drill was completed before the task while managing the incident.",LOW,Emergency Response,Delayed rescue,No barrier failure / control effective,Confined Space
2682,A permit review found that a permit issuer removed the flange cover while the system was still pressurized during permit issuance.,HIGH,Permit to Work,Pressure release,Energy isolation failed,Energy Isolation
2683,a worker lifted the heavy component using an awkward posture during the material transfer. It was noted that a previously identified corrective action was not closed out.,MEDIUM,Manual Handling,Musculoskeletal Injury,Corrective action not completed,
2684,The shift handover mentioned that an attendant verified the walkway was clear after the task while clearing the workspace.,LOW,Housekeeping,Slip hazard,No barrier failure / control effective,
2685,A worker reported that a machine operator worked close to the moving parts without guarding during the production run. The finding cited the energy isolation was not applied.,HIGH,Machine Operation,Entanglement,Energy isolation failed,Line of Fire
2686,a supervisor flagged that the trench had no ladder access while digging the trench.,MEDIUM,Excavation,Utility strike,Inspection not completed,Ground Disturbance
2687,an operator confirmed the guard was in place before start-up during machine operation.,LOW,Machine Operation,Entanglement,No barrier failure / control effective,Line of Fire
2688,A worker reported that a worker reversed the truck while a worker was in the blind spot during the yard move.,HIGH,Vehicle Movement,Vehicle-pedestrian collision,Stop-work control failed,Line of Fire
2689,"During the walk-down, a confined-space attendant observed that the initial atmosphere check was recorded late during confined-space entry. It was noted that the gas testing was not completed.",MEDIUM,Confined Space Entry,Hazardous atmosphere,Gas testing not completed,Confined Space
2690,"During the walk-down, a technician verified the permit conditions covered the hot work during hot work.",LOW,Hot Work,Fire or explosion,No barrier failure / control effective,Hot Work
2691,The shift handover mentioned that a rigger observed the crane load passing directly over personnel while the load was being moved. The finding cited a failure to maintain the exclusion zone.,HIGH,Lifting Operation,Dropped load,Exclusion zone failed,Lifting Operations
2692,An inspection noted that a worker lifted the material bundle using an awkward posture while lifting the heavy component.,MEDIUM,Manual Handling,Musculoskeletal Injury,Manual handling control inadequate,No clear Life-Saving Rule detected
2693,a material handler confirmed all tools were tethered before during the transfer.,LOW,Material Handling,Falling object,No barrier failure / control effective,
2694,An inspection noted that a mechanic re-energized the equipment without clearing the work party while servicing the machine. Follow-up identified the stop-work control was not effective.,HIGH,Equipment Maintenance,Unexpected startup,Stop-work control failed,Energy Isolation
2695,A near miss occurred when a driver observed the vehicle passing close to the walkway during vehicle movement. Follow-up identified the traffic segregation control was degraded.,MEDIUM,Vehicle Movement,Vehicle-pedestrian collision,Traffic segregation control degraded,Line of Fire
2696,a safety officer confirmed the attendant and rescue equipment were ready while managing the incident.,LOW,Emergency Response,Delayed rescue,No barrier failure / control effective,Confined Space
2697,a maintenance technician worked on the live panel without isolating the supply while the unit was down.,HIGH,Equipment Maintenance,Electric shock or arc flash,Energy isolation failed,Energy Isolation
2698,a technician carried out work during elevated maintenance with the fall protection inspection tag expired.,MEDIUM,Work at Height,Fall from height,Inspection not completed,Working at Height
2699,A permit review found that a cleaner confirmed the drain was clear in the work area during the shift cleanup.,LOW,Housekeeping,Slip hazard,No barrier failure / control effective,
2700,a permit issuer observed the relief valve fail during the pressure test while reviewing the work permit. It was noted that the energy isolation was not applied.,HIGH,Permit to Work,Pressure release,Energy isolation failed,Energy Isolation
2701,A worker reported that a craftsman flagged abnormal vibration from the equipment during hand-tool work. This was linked to degraded equipment condition.,MEDIUM,Hand Tools,Equipment failure,Equipment condition degraded,
2702,An observation from the safety patrol noted that a worker verified that spare PPE was available at the worksite during the PPE inspection.,LOW,PPE,PPE deficiency,No barrier failure / control effective,
2703,a permit issuer observed the relief valve fail during the pressure test while verifying the authorization. The observation was attributed to a lapse in permit control.,HIGH,Permit to Work,Pressure release,Permit control failed,Energy Isolation
2704,An inspection noted that a chemical handler observed a worker without eye protection near the drum during chemical handling. It was noted that a PPE compliance issue.,MEDIUM,Chemical Handling,PPE deficiency,PPE compliance issue,No clear Life-Saving Rule detected
2705,A permit review found that a worker verified the walkway was clear after the task while clearing the workspace.,LOW,Housekeeping,Slip hazard,No barrier failure / control effective,
2706,a worker repeated the lifting motion without rest breaks during the material transfer.,MEDIUM,Manual Handling,Musculoskeletal Injury,Manual handling control inadequate,
2707,an operator entered the leak source before gas testing was carried out while responding to the gas alarm. The finding cited gas testing had not been performed before the task.,HIGH,Gas Leak Response,Hazardous atmosphere,Gas testing absent,Toxic Gas
2708,The shift handover mentioned that the equipment was verified as isolated before during maintenance.,LOW,Maintenance,Unexpected startup,No barrier failure / control effective,Energy Isolation
2709,a safety officer was not wearing the respirator in the dusty area during the shift. This was linked to degraded equipment condition.,MEDIUM,PPE,PPE deficiency,Equipment condition degraded,
2710,an operator accessed the scaffold while the edge protection was missing while accessing the upper platform. It was noted that a failure of safe access controls.,HIGH,Work at Height,Fall from height,Safe access control failed,Working at Height
2711,a technician confirmed hearing protection was used near the noisy equipment during equipment operation.,LOW,Equipment Operation,Noise exposure,No barrier failure / control effective,
2712,a technician bypassed the interlock to keep the circuit running while servicing the switchgear. This was linked to the energy isolation was not applied.,HIGH,Electrical Maintenance,Electric shock or arc flash,Energy isolation failed,Energy Isolation
2713,An observation from the safety patrol noted that a mechanic found the guard on the rotating shaft was damaged while working on the drive. It was noted that the required inspection was not completed.,MEDIUM,Mechanical Maintenance,Entanglement,Inspection not completed,Line of Fire
2714,A worker reported that housekeeping standards were maintained during storage activity.,LOW,Storage,Poor housekeeping condition,No barrier failure / control effective,
2715,An inspection noted that a worker carried out hot work near the hot-work zone without an extinguisher close by while welding. The event traced back to no fire watch was present.,HIGH,Hot Work,Fire or explosion,Fire watch absent,Hot Work
2716,a ground worker flagged that the trench had no ladder access while working in the trench. The finding cited the utility verification was not completed.,MEDIUM,Excavation,Utility strike,Utility verification not completed,Ground Disturbance
2717,The shift handover mentioned that a welder confirmed the fire watch and extinguishers were in place before while welding.,LOW,Hot Work,Fire or explosion,No barrier failure / control effective,Hot Work
2718,A permit review found that a machine operator worked close to the moving parts without guarding while the machine was running.,HIGH,Machine Operation,Entanglement,Guarding failed,Line of Fire
2719,a craftsman observed a dropped tool in the vicinity while working with the tool kit. It was noted that the tool control was degraded.,MEDIUM,Hand Tools,Falling object,Tool control degraded,
2720,"During the walk-down, the lifting plan was reviewed and the exclusion zone maintained during the lifting operation.",LOW,Lifting Operation,Dropped load,No barrier failure / control effective,Lifting Operations
2721,An observation from the safety patrol noted that an electrical supervisor worked on the live panel without isolating the supply during electrical maintenance. It was noted that a lapse in permit control.,HIGH,Electrical Maintenance,Electric shock or arc flash,Permit control failed,Energy Isolation
2722,a driver found the traffic segregation barrier displaced during the yard move.,MEDIUM,Vehicle Movement,Vehicle-pedestrian collision,Traffic segregation control degraded,Line of Fire
2723,A supervisor observed that a crane operator checked that the tag line was rigged before lifting while the load was being moved.,LOW,Lifting Operation,Dropped load,No barrier failure / control effective,Lifting Operations
2724,A worker reported that a technician worked on the live panel without isolating the supply while servicing the switchgear. This was linked to the energy isolation was not applied.,HIGH,Electrical Maintenance,Electric shock or arc flash,Energy isolation failed,Energy Isolation
2725,a technician noted the arc-flash boundary was not marked while servicing the switchgear. This was linked to the energy isolation control was degraded.,MEDIUM,Electrical Maintenance,Electric shock or arc flash,Energy isolation control degraded,Energy Isolation
2726,A supervisor observed that a welder confirmed the fire watch and extinguishers were in place before during hot work.,LOW,Hot Work,Fire or explosion,No barrier failure / control effective,Hot Work
2727,The shift handover mentioned that a technician ran the equipment although the brake was reportedly faulty during machine operation.,HIGH,Machine Operation,Equipment failure,Inspection not completed,Energy Isolation
2728,The shift handover mentioned that an operator flagged that the residual charge was not discharged during equipment maintenance. The finding cited the energy isolation control was degraded.,MEDIUM,Equipment Maintenance,Electric shock or arc flash,Energy isolation control degraded,Energy Isolation
2729,An inspection noted that the isolation was tested and confirmed before the task during circuit repair.,LOW,Electrical Maintenance,Electric shock or arc flash,No barrier failure / control effective,Energy Isolation
2730,a worker found debris scattered across the access path while clearing the workspace. The event traced back to inadequate housekeeping controls.,MEDIUM,Housekeeping,Slip hazard,Housekeeping control inadequate,No clear Life-Saving Rule detected
2731,An observation from the safety patrol noted that a technician observed the safety clutch fail during during the scheduled inspection. The event traced back to a failure of the machine guarding.,HIGH,Equipment Inspection,Equipment failure,Guarding failed,
2732,A permit review found that the isolation was tested and confirmed before the task while working on the panel.,LOW,Electrical Maintenance,Electric shock or arc flash,No barrier failure / control effective,Energy Isolation
2733,a maintenance technician started the unit while the isolation lock was not in place during the maintenance shutdown. The observation was attributed to the energy isolation was not applied.,HIGH,Equipment Maintenance,Unexpected startup,Energy isolation failed,Energy Isolation
2734,"During the walk-down, a crane operator observed the load swaying while the tag line was not used during the lifting operation. Follow-up identified the lifting inspection was not completed.",MEDIUM,Lifting Operation,Dropped load,Lifting inspection not completed,Lifting Operations
2735,a worker removed a minor obstruction from the walkway during the shift cleanup.,LOW,Housekeeping,Slip hazard,No barrier failure / control effective,
2736,A supervisor observed that an operator worked on the elevated platform without any fall protection during the scaffolding work. It was noted that edge protection was missing.,HIGH,Work at Height,Fall from height,Edge protection absent,Working at Height
2737,a lifting supervisor flagged that the sling angle exceeded the recommended limit while the load was being moved.,MEDIUM,Lifting Operation,Dropped load,Exclusion zone control degraded,Lifting Operations
2738,An inspection noted that a safety officer verified that spare PPE was available at the worksite while checking PPE compliance.,LOW,PPE,PPE deficiency,No barrier failure / control effective,
2739,a chemical handler was not wearing the respirator in the dusty area during drum handling.,MEDIUM,Chemical Handling,PPE deficiency,Equipment condition degraded,No clear Life-Saving Rule detected
2740,a technician worked on the elevated platform without any fall protection during elevated maintenance. The finding cited edge protection was missing.,HIGH,Work at Height,Fall from height,Edge protection absent,Working at Height
2741,The inspection certificate was verified before use during equipment maintenance.,LOW,Equipment Maintenance,Equipment failure,No barrier failure / control effective,Energy Isolation
2742,a supervisor reported that the pedestrian route operated as expected while managing the work zone.,LOW,Worksite Control,None identified,No barrier failure / control effective,
2743,"During the walk-down, a welder started hot work while combustible material remained nearby while performing hot work. Follow-up identified combustible materials were not controlled.",HIGH,Hot Work,Fire or explosion,Combustible control failed,Hot Work
2744,A supervisor observed that a fitter noted that the lockout was incomplete before the start test during the repair job.,MEDIUM,Maintenance,Unexpected startup,Energy isolation control degraded,Energy Isolation
2745,An inspection noted that a technician confirmed the guard was in place before start-up while the machine was running.,LOW,Machine Operation,Entanglement,No barrier failure / control effective,Line of Fire
2746,a safety officer proceeded with hot work although the permit did not match the site conditions while inspecting the extinguishers.,HIGH,Fire Safety,Fire or explosion,Combustible control failed,Hot Work
2747,a cleaner flagged uneven flooring in the work area while clearing the workspace.,MEDIUM,Housekeeping,Slip hazard,Housekeeping control inadequate,No clear Life-Saving Rule detected
2748,An observation from the safety patrol noted that a worker confirmed the spotter was in position before reversing while the vehicle was reversing.,LOW,Vehicle Movement,Vehicle-pedestrian collision,No barrier failure / control effective,Line of Fire
2749,A worker reported that a warehouse worker handled the drum without the required chemical gloves while moving the containers.,HIGH,Chemical Handling,Chemical exposure,Ventilation inadequate,Toxic Gas
2750,a worker noticed that the scaffold toe board was loose during elevated maintenance.,MEDIUM,Work at Height,Fall from height,Fall protection control degraded,Working at Height
2751,A supervisor observed that a technician used a lift assist for the heavy load during manual handling.,LOW,Manual Handling,Musculoskeletal Injury,No barrier failure / control effective,
2752,A near miss occurred when an operator closed the switch while another worker was inside the danger zone while the unit was down. This was linked to the stop-work control was not effective.,HIGH,Equipment Maintenance,Unexpected startup,Stop-work control failed,Energy Isolation
2753,a driver flagged that the pedestrian route crossed the vehicle path while the vehicle was reversing. The finding cited the traffic segregation control was degraded.,MEDIUM,Vehicle Movement,Vehicle-pedestrian collision,Traffic segregation control degraded,Line of Fire
2754,"During the walk-down, a rigger verified the rigging was inspected for the lift during the lifting operation.",LOW,Lifting Operation,Dropped load,No barrier failure / control effective,Lifting Operations
2755,A near miss occurred when a technician observed items overhanging the edge of the overhead shelf while working with the tool kit.,HIGH,Hand Tools,Falling object,Exclusion zone failed,
2756,"During the walk-down, a worker noted that the fire watch had not been briefed before during the fire safety walk. Follow-up identified the combustible material control was degraded.",MEDIUM,Fire Safety,Fire or explosion,Combustible control degraded,Hot Work
2757,The shift handover mentioned that a worker confirmed the lockout-tagout was complete before restarting during the maintenance shutdown.,LOW,Maintenance,Unexpected startup,No barrier failure / control effective,Energy Isolation
2758,"During the walk-down, a scaffolder climbed the elevated work platform without attaching the safety harness while working at height. It was noted that a failure of safe access controls.",HIGH,Work at Height,Fall from height,Safe access control failed,Working at Height
2759,a material handler observed a dropped tool in the vicinity while stacking the pallets. Follow-up identified the tool control was degraded.,MEDIUM,Material Handling,Falling object,Tool control degraded,
2760,The shift handover mentioned that a worker confirmed all tools were tethered before during the transfer.,LOW,Material Handling,Falling object,No barrier failure / control effective,
2761,A near miss occurred when a technician left tools unsecured on the material load while stacking the pallets. This was linked to inadequate tool control.,HIGH,Material Handling,Falling object,Tool control inadequate,
2762,a mechanic noted the arc-flash boundary was not marked during equipment maintenance. This was linked to the required inspection was not completed.,MEDIUM,Equipment Maintenance,Electric shock or arc flash,Inspection not completed,Energy Isolation
2763,an excavator operator verified the trench support before entry during excavation.,LOW,Excavation,Utility strike,No barrier failure / control effective,Ground Disturbance
2764,a traffic marshal completed while managing the work zone with all controls in place.,LOW,Worksite Control,None identified,No barrier failure / control effective,
2765,a storekeeper flagged that the workbench was cluttered while stacking the materials. The finding cited inadequate housekeeping controls.,MEDIUM,Storage,Poor housekeeping condition,Housekeeping control inadequate,
2766,A near miss occurred when an excavator operator observed the excavator bucket contact an unidentified service line during excavation. The finding cited underground utility verification was not completed.,HIGH,Excavation,Utility strike,Utility verification failed,Ground Disturbance
2767,A worker reported that a scaffolder verified the edge protection was intact during during elevated maintenance.,LOW,Work at Height,Fall from height,No barrier failure / control effective,Working at Height
2768,an authorized worker disconnected the line while pressure remained in it during permit issuance. The event traced back to a lapse in permit control.,HIGH,Permit to Work,Pressure release,Permit control failed,Energy Isolation
2769,a supervisor was not wearing the respirator in the dusty area while preparing for the task. The observation was attributed to a PPE compliance issue.,MEDIUM,PPE,PPE deficiency,PPE compliance issue,No clear Life-Saving Rule detected
2770,The shift handover mentioned that a worker verified the atmospheric readings were within safe limits before during the tank entry.,LOW,Confined Space Entry,Hazardous atmosphere,No barrier failure / control effective,Confined Space
2771,A supervisor observed that a safety officer worked in the area while the toxic-gas reading exceeded limits while checking the ventilation.,HIGH,Ventilation,Hazardous atmosphere,Ventilation inadequate,Confined Space
2772,A supervisor observed that a worker found objects stored above head height without a toe board during the transfer. The observation was attributed to inadequate housekeeping controls.,MEDIUM,Material Handling,Falling object,Housekeeping control inadequate,
2773,An observation from the safety patrol noted that the spill was cleaned up promptly after being reported while clearing the workspace.,LOW,Housekeeping,Slip hazard,No barrier failure / control effective,
2774,a safety officer began work although the rescue plan was not established during the emergency drill. Follow-up identified no emergency rescue plan was in place.,HIGH,Emergency Response,Delayed rescue,Emergency/rescue plan absent,Confined Space
2775,an operator flagged that the machine noise exceeded limits during equipment operation. This was linked to a PPE compliance issue.,MEDIUM,Equipment Operation,Noise exposure,PPE compliance issue,
2776,a fitter checked the energy-isolation register before the start during maintenance.,LOW,Maintenance,Unexpected startup,No barrier failure / control effective,Energy Isolation
2777,"During the walk-down, a craftsman observed items overhanging the edge of the overhead shelf while using hand tools.",HIGH,Hand Tools,Falling object,Exclusion zone failed,
2778,A supervisor observed that a technician found the chemical container unlabeled while the process unit was running. It was noted that a PPE compliance issue.,MEDIUM,Process Operation,Chemical exposure,PPE compliance issue,Toxic Gas
2779,"During the walk-down, the guarding interlock was verified before the run while aligning the components.",LOW,Mechanical Maintenance,Entanglement,No barrier failure / control effective,Line of Fire
2780,An observation from the safety patrol noted that a spotter walked into the path of the moving vehicle during vehicle movement. The event traced back to the traffic segregation controls had broken down.,HIGH,Vehicle Movement,Vehicle-pedestrian collision,Traffic segregation failed,Line of Fire
2781,The shift handover mentioned that a worker found the restart procedure was not followed while the equipment was being worked on.,MEDIUM,Maintenance,Unexpected startup,Energy isolation control degraded,Energy Isolation
2782,The shift handover mentioned that a technician verified the permit conditions covered the hot work while performing hot work.,LOW,Hot Work,Fire or explosion,No barrier failure / control effective,Hot Work
2783,A supervisor observed that a supervisor removed the flange cover while the system was still pressurized while verifying the authorization. The observation was attributed to the energy isolation was not applied.,HIGH,Permit to Work,Pressure release,Energy isolation failed,Energy Isolation
2784,a spotter noticed the reversing alarm was not audible during the yard move. The observation was attributed to the traffic segregation control was degraded.,MEDIUM,Vehicle Movement,Vehicle-pedestrian collision,Traffic segregation control degraded,Line of Fire
2785,"During the walk-down, a worker verified the walkway was clear after the task while clearing the workspace.",LOW,Housekeeping,Slip hazard,No barrier failure / control effective,
2786,A supervisor observed that a technician worked on the elevated platform without any fall protection during the scaffolding work.,HIGH,Work at Height,Fall from height,Safe access control failed,Working at Height
2787,A permit review found that a warehouse worker observed a worker without eye protection near the chemical container during drum handling. Follow-up identified degraded equipment condition.,MEDIUM,Chemical Handling,PPE deficiency,Equipment condition degraded,
2788,A near miss occurred when the equipment was verified as isolated before while the unit was down.,LOW,Equipment Maintenance,Unexpected startup,No barrier failure / control effective,Energy Isolation
2789,An observation from the safety patrol noted that a material handler lifted material without a toe board on the platform during the transfer. It was noted that inadequate tool control.,HIGH,Material Handling,Falling object,Tool control inadequate,
2790,An observation from the safety patrol noted that a process operator observed a minor steam leak from the connection while the process unit was running. Follow-up identified the required inspection was not completed.,MEDIUM,Process Operation,Pressure release,Inspection not completed,Energy Isolation
2791,A permit review found that a mechanic checked the energy-isolation register before the start during the maintenance shutdown.,LOW,Equipment Maintenance,Unexpected startup,No barrier failure / control effective,Energy Isolation
2792,A near miss occurred when an excavator operator continued the excavation while the utility drawings were missing during the excavation work. It was noted that a lapse in permit control.,HIGH,Excavation,Utility strike,Permit control failed,Ground Disturbance
2793,A supervisor observed that a warehouse attendant flagged that the workbench was cluttered while stacking the materials. Follow-up identified inadequate housekeeping controls.,MEDIUM,Storage,Poor housekeeping condition,Housekeeping control inadequate,
2794,an operator confirmed that the access ladder had adequate edge protection while working at height.,LOW,Work at Height,Fall from height,No barrier failure / control effective,Working at Height
2795,a worker lifted the load above shoulder height repeatedly while lifting the heavy component. The observation was attributed to a previously identified corrective action was not closed out.,MEDIUM,Manual Handling,Musculoskeletal Injury,Corrective action not completed,
2796,A supervisor observed that pPE was issued and inspected before the task during the PPE inspection.,LOW,PPE,PPE deficiency,No barrier failure / control effective,
2797,a crane operator used rigging on the suspended load that showed signs of wear before the lift while the crane was positioning the load. Follow-up identified a failure to maintain the exclusion zone.,HIGH,Lifting Operation,Dropped load,Exclusion zone failed,Lifting Operations
2798,The shift handover mentioned that a worker stood below the lifting gear while it was suspended during the critical lift. Follow-up identified a failure to maintain the exclusion zone.,HIGH,Lifting Operation,Dropped load,Exclusion zone failed,Lifting Operations
2799,a spotter noticed the reversing alarm was not audible during the yard move. Follow-up identified the traffic segregation control was degraded.,MEDIUM,Vehicle Movement,Vehicle-pedestrian collision,Traffic segregation control degraded,Line of Fire
2800,An inspection noted that the rescue drill was completed before the task during emergency response.,LOW,Emergency Response,Delayed rescue,No barrier failure / control effective,Confined Space
2801,a technician worked in the area while the toxic-gas reading exceeded limits during leak investigation. The event traced back to a lapse in permit control.,HIGH,Gas Leak Response,Hazardous atmosphere,Permit control failed,Toxic Gas
2802,an attendant found debris scattered across the access path in the common work area. The event traced back to inadequate housekeeping controls.,MEDIUM,Housekeeping,Slip hazard,Housekeeping control inadequate,
2803,an operator verified the circuit was dead before starting work during equipment maintenance.,LOW,Equipment Maintenance,Electric shock or arc flash,No barrier failure / control effective,Energy Isolation
2804,"During the walk-down, a process operator handled the exchanger without the required chemical gloves during the shift. The finding cited inadequate ventilation.",HIGH,Process Operation,Chemical exposure,Ventilation inadequate,Toxic Gas
2805,A supervisor observed that a cleaner observed an obstruction blocking the aisle during routine housekeeping rounds. The finding cited inadequate housekeeping controls.,MEDIUM,Housekeeping,Slip hazard,Housekeeping control inadequate,
2806,a chemical technician checked that the containment was intact before the transfer during chemical maintenance.,LOW,Chemical Maintenance,Chemical exposure,No barrier failure / control effective,Toxic Gas
2807,A near miss occurred when a welder proceeded with hot work although the permit did not match the site conditions during the grinding operation. The finding cited combustible materials were not controlled.,HIGH,Hot Work,Fire or explosion,Combustible control failed,Hot Work
2808,a mechanic observed a damaged cable on the energized line during equipment maintenance. The observation was attributed to the energy isolation control was degraded.,MEDIUM,Equipment Maintenance,Electric shock or arc flash,Energy isolation control degraded,Energy Isolation
2809,Vehicle and pedestrian routes were segregated while the vehicle was reversing.,LOW,Vehicle Movement,Vehicle-pedestrian collision,No barrier failure / control effective,Line of Fire
2810,a supervisor started digging before the underground utilities were located while digging the trench. The event traced back to a lapse in permit control.,HIGH,Excavation,Utility strike,Permit control failed,Ground Disturbance
2811,The shift handover mentioned that an operator worked near the system without hearing protection during equipment operation.,MEDIUM,Equipment Operation,Noise exposure,PPE compliance issue,No clear Life-Saving Rule detected
2812,A worker reported that a chemical handler checked that the containment was intact before the transfer during chemical handling.,LOW,Chemical Handling,Chemical exposure,No barrier failure / control effective,Toxic Gas
2813,An inspection noted that a supervisor struck the buried cable while excavating while digging the trench. It was noted that a lapse in permit control.,HIGH,Excavation,Utility strike,Permit control failed,Ground Disturbance
2814,"During the walk-down, a technician noted that the fire watch had not been briefed before during leak investigation. The observation was attributed to the combustible material control was degraded.",MEDIUM,Gas Leak Response,Fire or explosion,Combustible control degraded,Toxic Gas
2815,A supervisor observed that a traffic marshal verified that waste was segregated properly while managing the work zone.,LOW,Worksite Control,Poor housekeeping condition,No barrier failure / control effective,
2816,A near miss occurred when a worker worked below the platform while material was being handled above during hand-tool work. This was linked to a failure to maintain the exclusion zone.,HIGH,Hand Tools,Falling object,Exclusion zone failed,
2817,The shift handover mentioned that a safety officer performed the task without the required gloves during the PPE inspection. This was linked to a PPE compliance issue.,MEDIUM,PPE,PPE deficiency,PPE compliance issue,No clear Life-Saving Rule detected
2818,An inspection noted that a technician verified zero pressure before disconnecting during process operation.,LOW,Process Operation,Pressure release,No barrier failure / control effective,Energy Isolation
2819,a ground worker observed the excavator bucket contact an unidentified service line while working in the trench. This was linked to a lapse in permit control.,HIGH,Excavation,Utility strike,Permit control failed,Ground Disturbance
2820,A worker reported that a traffic marshal confirmed the work was conducted safely during worksite setup.,LOW,Worksite Control,None identified,No barrier failure / control effective,
2821,"During the walk-down, an electrician observed a damaged cable on the energized line while working on the panel.",MEDIUM,Electrical Maintenance,Electric shock or arc flash,Energy isolation control degraded,Energy Isolation
2822,Gas testing was completed and the space was declared safe during the tank entry.,LOW,Confined Space Entry,Hazardous atmosphere,No barrier failure / control effective,Confined Space
2823,The shift handover mentioned that a technician observed the safety clutch fail during while the machine was running. The finding cited a failure of the machine guarding.,HIGH,Machine Operation,Equipment failure,Guarding failed,Energy Isolation
2824,a driver noticed the reversing alarm was not audible while the vehicle was reversing.,MEDIUM,Vehicle Movement,Vehicle-pedestrian collision,Traffic segregation control degraded,Line of Fire
2825,a maintenance fitter checked that the containment was intact before the transfer during chemical maintenance.,LOW,Chemical Maintenance,Chemical exposure,No barrier failure / control effective,Toxic Gas
2826,An inspection noted that a cleaner noticed a tripping hazard from trailing cables during the shift cleanup.,MEDIUM,Housekeeping,Slip hazard,Housekeeping control inadequate,No clear Life-Saving Rule detected
2827,A worker reported that an auditor moved along the edge of the platform with no fall-arrest system in use while verifying critical controls.,HIGH,Safety Verification,Fall from height,Edge protection absent,Working at Height
2828,An inspection noted that combustible materials were cleared from the hot work zone while welding.,LOW,Hot Work,Fire or explosion,No barrier failure / control effective,Hot Work
2829,An observation from the safety patrol noted that a maintenance fitter opened the chemical line without confirming isolation while maintaining the reactor. This was linked to a PPE compliance issue.,HIGH,Chemical Maintenance,Chemical exposure,PPE compliance issue,Toxic Gas
2830,a storekeeper flagged that the workbench was cluttered in the storage area. The observation was attributed to a previously identified corrective action was not closed out.,MEDIUM,Storage,Poor housekeeping condition,Corrective action not completed,
2831,An observation from the safety patrol noted that a worker verified the permit conditions covered the hot work during the grinding operation.,LOW,Hot Work,Fire or explosion,No barrier failure / control effective,Hot Work
2832,A supervisor observed that a technician proceeded with hot work although the permit did not match the site conditions while performing hot work.,HIGH,Hot Work,Fire or explosion,Permit control failed,Hot Work
2833,A permit review found that a warehouse worker flagged that the SDS was not available at the work point while moving the containers. The finding cited inadequate housekeeping controls.,MEDIUM,Chemical Handling,Chemical exposure,Housekeeping control inadequate,Toxic Gas
2834,a machine operator checked that the guards were fit before operating during machine operation.,LOW,Machine Operation,Equipment failure,No barrier failure / control effective,Energy Isolation
2835,a worker carried out hot work near the assembly point without an extinguisher close by during the fire safety walk. The event traced back to no fire watch was present.,HIGH,Fire Safety,Fire or explosion,Fire watch absent,Hot Work
2836,"During the walk-down, a worker noted the secondary containment was partly occupied during the vessel clean-out.",MEDIUM,Chemical Maintenance,Chemical exposure,Housekeeping control inadequate,Toxic Gas
2837,A worker reported that the excavation permit and utility survey were reviewed while digging the trench.,LOW,Excavation,Utility strike,No barrier failure / control effective,Ground Disturbance
2838,A near miss occurred when an excavator operator continued the excavation while the utility drawings were missing while digging the trench. The event traced back to a lapse in permit control.,HIGH,Excavation,Utility strike,Permit control failed,Ground Disturbance
2839,"During the walk-down, an auditor completed while verifying critical controls with all controls in place.",LOW,Safety Verification,None identified,No barrier failure / control effective,
2840,a chemical technician flagged that the SDS was not available at the work point while maintaining the reactor. The finding cited inadequate housekeeping controls.,MEDIUM,Chemical Maintenance,Chemical exposure,Housekeeping control inadequate,Toxic Gas
2841,A supervisor observed that a technician verified the edge protection was intact during while accessing the upper platform.,LOW,Work at Height,Fall from height,No barrier failure / control effective,Working at Height
2842,a worker worked beside an open edge while the guardrail was absent while working at height.,HIGH,Work at Height,Fall from height,Safe access control failed,Working at Height
2843,an operator carried the load alone without assistance during the material transfer. It was noted that a previously identified corrective action was not closed out.,MEDIUM,Manual Handling,Musculoskeletal Injury,Corrective action not completed,
2844,"During the walk-down, the depressurization was confirmed before the work during permit issuance.",LOW,Permit to Work,Pressure release,No barrier failure / control effective,Energy Isolation
2845,a worker reported a slippery surface near the storage corner while clearing the workspace. The event traced back to a previously identified corrective action was not closed out.,MEDIUM,Housekeeping,Slip hazard,Corrective action not completed,No clear Life-Saving Rule detected
2846,a worker verified that waste was segregated properly during the shift.,LOW,Worksite Control,Poor housekeeping condition,No barrier failure / control effective,
2847,An observation from the safety patrol noted that an excavator operator observed the excavator bucket contact an unidentified service line during excavation. The observation was attributed to a lapse in permit control.,HIGH,Excavation,Utility strike,Permit control failed,Ground Disturbance
2848,A near miss occurred when a technician worked on the elevated platform without any fall protection while working at height. The finding cited fall protection was not in place.,HIGH,Work at Height,Fall from height,Fall protection absent,Working at Height
2849,"During the walk-down, a supervisor flagged that the trench had no ladder access during excavation. The finding cited the utility verification was not completed.",MEDIUM,Excavation,Utility strike,Utility verification not completed,Ground Disturbance
2850,An inspection noted that an inspector confirmed that fall protection was inspected and in place before while inspecting the equipment.,LOW,Inspection,Fall from height,No barrier failure / control effective,Working at Height
2851,An observation from the safety patrol noted that a maintenance technician started the unit while the isolation lock was not in place during the repair job.,HIGH,Maintenance,Unexpected startup,Stop-work control failed,Energy Isolation
2852,a worker found combustible items stored too close to the hot work area during the fire safety walk. This was linked to the required inspection was not completed.,MEDIUM,Fire Safety,Fire or explosion,Inspection not completed,Hot Work
2853,The rescue drill was completed before the task while managing the incident.,LOW,Emergency Response,Delayed rescue,No barrier failure / control effective,Confined Space
2854,an electrician worked on the live panel without isolating the supply while servicing the switchgear. This was linked to a lapse in permit control.,HIGH,Electrical Maintenance,Electric shock or arc flash,Permit control failed,Energy Isolation
2855,"During the walk-down, an operator flagged that the emergency stop was not tested while servicing the machine. The event traced back to the energy isolation control was degraded.",MEDIUM,Equipment Maintenance,Unexpected startup,Energy isolation control degraded,Energy Isolation
2856,A worker reported that the toe boards were verified on the platform during the repair.,LOW,Hand Tools,Falling object,No barrier failure / control effective,
2857,The shift handover mentioned that an inspector observed the safety clutch fail during during the check. The event traced back to the required inspection was not completed.,HIGH,Equipment Inspection,Equipment failure,Inspection not completed,
2858,a worker observed a worker without eye protection near the respirator during the shift.,MEDIUM,PPE,PPE deficiency,PPE compliance issue,No clear Life-Saving Rule detected
2859,a confined-space attendant checked that the gas detector was calibrated before the entry during confined-space entry.,LOW,Confined Space Entry,Hazardous atmosphere,No barrier failure / control effective,Confined Space
2860,An inspection noted that an electrical supervisor observed exposed conductors while the equipment was live while working on the panel. The event traced back to a lapse in permit control.,HIGH,Electrical Maintenance,Electric shock or arc flash,Permit control failed,Energy Isolation
2861,"During the walk-down, a maintenance technician noted that the lockout was incomplete before the start test during the maintenance shutdown.",MEDIUM,Maintenance,Unexpected startup,Energy isolation control degraded,Energy Isolation
2862,The shift handover mentioned that gas testing was completed and the space was declared safe while assessing the release.,LOW,Gas Leak Response,Hazardous atmosphere,No barrier failure / control effective,Toxic Gas
2863,a worker was inside the space while the retrieval system was not rigged during the fire safety walk.,HIGH,Fire Safety,Delayed rescue,Emergency/rescue plan absent,
2864,A supervisor observed that a cleaner found debris scattered across the access path in the common work area.,MEDIUM,Housekeeping,Slip hazard,Housekeeping control inadequate,
2865,a worker verified the rigging was inspected for the lift during the lifting operation.,LOW,Lifting Operation,Dropped load,No barrier failure / control effective,Lifting Operations
2866,The shift handover mentioned that a worker observed an obstruction blocking the aisle in the common work area. Follow-up identified inadequate housekeeping controls.,MEDIUM,Housekeeping,Slip hazard,Housekeeping control inadequate,
2867,a traffic marshal worked in the trench without confirming the utility depth during the shift.,HIGH,Worksite Control,Utility strike,Utility verification failed,Ground Disturbance
2868,A worker reported that an attendant removed a minor obstruction from the walkway while clearing the workspace.,LOW,Housekeeping,Slip hazard,No barrier failure / control effective,
2869,an operator opened the motor while it remained energized while the unit was down. The observation was attributed to a lapse in permit control.,HIGH,Equipment Maintenance,Electric shock or arc flash,Permit control failed,Energy Isolation
2870,An observation from the safety patrol noted that a supervisor reported that the records operated as expected during safety verification.,LOW,Safety Verification,None identified,No barrier failure / control effective,
2871,"During the walk-down, a worker observed the vehicle passing close to the walkway during vehicle movement. It was noted that the traffic segregation control was degraded.",MEDIUM,Vehicle Movement,Vehicle-pedestrian collision,Traffic segregation control degraded,Line of Fire
2872,An inspection noted that a worker verified the rigging was inspected for the lift while the load was being moved.,LOW,Lifting Operation,Dropped load,No barrier failure / control effective,Lifting Operations
2873,An observation from the safety patrol noted that an operator worked near the system without hearing protection during the operational shift. This was linked to a PPE compliance issue.,MEDIUM,Equipment Operation,Noise exposure,PPE compliance issue,
2874,A near miss occurred when a welder carried out hot work near the grinding point without an extinguisher close by during hot work. The finding cited no fire watch was present.,HIGH,Hot Work,Fire or explosion,Fire watch absent,Hot Work
2875,A permit review found that the team performed a two-person lift following procedure while carrying the load.,LOW,Manual Handling,Musculoskeletal Injury,No barrier failure / control effective,
2876,a technician opened the switchgear while it remained energized during circuit repair. Follow-up identified a lapse in permit control.,HIGH,Electrical Maintenance,Electric shock or arc flash,Permit control failed,Energy Isolation
2877,An inspection noted that a technician observed a damaged cable on the energized line while servicing the switchgear. The event traced back to the required inspection was not completed.,MEDIUM,Electrical Maintenance,Electric shock or arc flash,Inspection not completed,Energy Isolation
2878,a fitter confirmed the lockout-tagout was complete before restarting during the repair job.,LOW,Maintenance,Unexpected startup,No barrier failure / control effective,Energy Isolation
2879,A supervisor observed that a lifting supervisor stood below the crane hook while it was suspended during the critical lift. The finding cited a failure to maintain the exclusion zone.,HIGH,Lifting Operation,Dropped load,Exclusion zone failed,Lifting Operations
2880,a technician lifted the load above shoulder height repeatedly during manual handling.,MEDIUM,Manual Handling,Musculoskeletal Injury,Manual handling control inadequate,No clear Life-Saving Rule detected
2881,a worker verified the walkway was clear after the task while clearing the workspace.,LOW,Housekeeping,Slip hazard,No barrier failure / control effective,
2882,a safety officer operated the assembly which had no guarding during equipment inspection. The event traced back to the required inspection was not completed.,HIGH,Equipment Inspection,Equipment failure,Inspection not completed,
2883,"During the walk-down, a cleaner found debris scattered across the access path in the common work area.",MEDIUM,Housekeeping,Slip hazard,Corrective action not completed,
2884,A near miss occurred when a technician confirmed the fire watch and extinguishers were in place before during hot work.,LOW,Hot Work,Fire or explosion,No barrier failure / control effective,Hot Work
2885,An inspection noted that a worker handled the chemical line without the required chemical gloves while maintaining the reactor. The finding cited a PPE compliance issue.,HIGH,Chemical Maintenance,Chemical exposure,PPE compliance issue,Toxic Gas
2886,A worker reported that a scaffolder carried out work while working at height with the fall protection inspection tag expired. The finding cited the required inspection was not completed.,MEDIUM,Work at Height,Fall from height,Inspection not completed,Working at Height
2887,a welder verified the permit conditions covered the hot work during hot work.,LOW,Hot Work,Fire or explosion,No barrier failure / control effective,Hot Work
2888,a worker reported a slippery surface near the common area during the shift cleanup.,MEDIUM,Housekeeping,Slip hazard,Corrective action not completed,
2889,a technician ran the equipment although the brake was reportedly faulty during the production run. The observation was attributed to the required inspection was not completed.,HIGH,Machine Operation,Equipment failure,Inspection not completed,Energy Isolation
2890,A near miss occurred when combustible materials were cleared from the hot work zone during the grinding operation.,LOW,Hot Work,Fire or explosion,No barrier failure / control effective,Hot Work
2891,a confined-space attendant began work in the confined space without atmospheric verification while entering the vessel. The finding cited gas testing had not been performed before the task.,HIGH,Confined Space Entry,Hazardous atmosphere,Gas testing absent,Confined Space
2892,The shift handover mentioned that a traffic marshal reported that the pedestrian route operated as expected during the shift.,LOW,Worksite Control,None identified,No barrier failure / control effective,
2893,a worker found the emergency pathway partially blocked while stacking the materials.,MEDIUM,Storage,Poor housekeeping condition,Corrective action not completed,
2894,a technician confirmed the fire watch and extinguishers were in place before during hot work.,LOW,Hot Work,Fire or explosion,No barrier failure / control effective,Hot Work
2895,A permit review found that a worker lifted material without a toe board on the platform while using hand tools. It was noted that a failure to maintain the exclusion zone.,HIGH,Hand Tools,Falling object,Exclusion zone failed,
2896,A supervisor observed that a worker found debris scattered across the access path during routine housekeeping rounds. This was linked to inadequate housekeeping controls.,MEDIUM,Housekeeping,Slip hazard,Housekeeping control inadequate,
2897,A near miss occurred when an attendant confirmed the drain was clear in the work area in the common work area.,LOW,Housekeeping,Slip hazard,No barrier failure / control effective,
2898,The shift handover mentioned that an electrician bypassed the interlock to keep the circuit running during circuit repair.,HIGH,Electrical Maintenance,Electric shock or arc flash,Energy isolation failed,Energy Isolation
2899,A near miss occurred when a maintenance technician noted that the lockout was incomplete before the start test during equipment maintenance. The event traced back to the energy isolation control was degraded.,MEDIUM,Equipment Maintenance,Unexpected startup,Energy isolation control degraded,Energy Isolation
2900,an operator confirmed the equipment passed the pre-start check while the machine was running.,LOW,Machine Operation,Equipment failure,No barrier failure / control effective,Energy Isolation
2901,an operator observed exposed conductors while the equipment was live while the unit was down. The finding cited the energy isolation was not applied.,HIGH,Equipment Maintenance,Electric shock or arc flash,Energy isolation failed,Energy Isolation
2902,A permit review found that an inspector noted that the inspection certificate for the installation was overdue while inspecting the equipment. Follow-up identified the required inspection was not completed.,MEDIUM,Inspection,Equipment failure,Inspection not completed,
2903,A worker reported that the toe boards were verified on the platform during material handling.,LOW,Material Handling,Falling object,No barrier failure / control effective,
2904,An inspection noted that a fire warden carried out hot work near the assembly point without an extinguisher close by during fire safety checks. This was linked to combustible materials were not controlled.,HIGH,Fire Safety,Fire or explosion,Combustible control failed,Hot Work
2905,a scaffolder noticed that the scaffold toe board was loose during elevated maintenance. The observation was attributed to the fall protection control was degraded.,MEDIUM,Work at Height,Fall from height,Fall protection control degraded,Working at Height
2906,The shift handover mentioned that combustible materials were cleared from the hot work zone while welding.,LOW,Hot Work,Fire or explosion,No barrier failure / control effective,Hot Work
2907,"During the walk-down, a spotter moved the vehicle while the spotter had not cleared the route during vehicle movement. The finding cited the stop-work control was not effective.",HIGH,Vehicle Movement,Vehicle-pedestrian collision,Stop-work control failed,Line of Fire
2908,The shift handover mentioned that a supervisor confirmed the work was conducted safely while managing the work zone.,LOW,Worksite Control,None identified,No barrier failure / control effective,
2909,A permit review found that an inspector observed the emergency stop not working properly during the audit. The event traced back to the required inspection was not completed.,MEDIUM,Inspection,Equipment failure,Inspection not completed,
2910,A worker reported that a worker verified that waste was segregated properly during the warehouse operation.,LOW,Storage,Poor housekeeping condition,No barrier failure / control effective,
2911,A worker reported that a welder proceeded with hot work although the permit did not match the site conditions during the grinding operation. The finding cited no fire watch was present.,HIGH,Hot Work,Fire or explosion,Fire watch absent,Hot Work
2912,A permit review found that a worker flagged that the fire extinguisher was not immediately accessible during hot work. The finding cited the combustible material control was degraded.,MEDIUM,Hot Work,Fire or explosion,Combustible control degraded,Hot Work
2913,An inspection noted that a cleaner verified the walkway was clear after the task during the shift cleanup.,LOW,Housekeeping,Slip hazard,No barrier failure / control effective,
2914,A permit review found that a supervisor disconnected the line while pressure remained in it during the permit check. The event traced back to the energy isolation was not applied.,HIGH,Permit to Work,Pressure release,Energy isolation failed,Energy Isolation
2915,An inspection noted that a worker flagged that the pedestrian route crossed the vehicle path while the vehicle was reversing.,MEDIUM,Vehicle Movement,Vehicle-pedestrian collision,Traffic segregation control degraded,Line of Fire
2916,An observation from the safety patrol noted that an entrant verified the atmospheric readings were within safe limits before during confined-space entry.,LOW,Confined Space Entry,Hazardous atmosphere,No barrier failure / control effective,Confined Space
2917,a technician bypassed the interlock to keep the circuit running while servicing the switchgear. It was noted that the energy isolation was not applied.,HIGH,Electrical Maintenance,Electric shock or arc flash,Energy isolation failed,Energy Isolation
2918,An inspection noted that a technician noticed that the scaffold toe board was loose during the scaffolding work. The observation was attributed to the required inspection was not completed.,MEDIUM,Work at Height,Fall from height,Inspection not completed,Working at Height
2919,a worker confirmed the spotter was in position before reversing during the yard move.,LOW,Vehicle Movement,Vehicle-pedestrian collision,No barrier failure / control effective,Line of Fire
2920,An observation from the safety patrol noted that a worker handled the heavy object without a mechanical aid during manual handling.,MEDIUM,Manual Handling,Musculoskeletal Injury,Corrective action not completed,
2921,A supervisor observed that an operator bypassed the interlock to keep the circuit running during equipment maintenance. The event traced back to a lapse in permit control.,HIGH,Equipment Maintenance,Electric shock or arc flash,Permit control failed,Energy Isolation
2922,an entrant confirmed the attendant and rescue equipment were ready during confined-space entry.,LOW,Confined Space Entry,Delayed rescue,No barrier failure / control effective,Confined Space
2923,A near miss occurred when a technician observed dust accumulation in the work area while operating the unit.,MEDIUM,Equipment Operation,Noise exposure,PPE compliance issue,
2924,an excavator operator observed the excavator bucket contact an unidentified service line while working in the trench. Follow-up identified underground utility verification was not completed.,HIGH,Excavation,Utility strike,Utility verification failed,Ground Disturbance
2925,a worker confirmed the chemical was stored in the correct container while maintaining the reactor.,LOW,Chemical Maintenance,Chemical exposure,No barrier failure / control effective,Toxic Gas
2926,a mechanic reached into the machine parts while the guard was removed during mechanical maintenance. The event traced back to the energy isolation was not applied.,HIGH,Mechanical Maintenance,Entanglement,Energy isolation failed,Line of Fire
2927,An observation from the safety patrol noted that a traffic marshal flagged that the workbench was cluttered while setting up the work area. This was linked to inadequate housekeeping controls.,MEDIUM,Worksite Control,Poor housekeeping condition,Housekeeping control inadequate,
2928,The shift handover mentioned that a worker confirmed the utilities were marked before digging during the shift.,LOW,Worksite Control,Utility strike,No barrier failure / control effective,Ground Disturbance
2929,A near miss occurred when a maintenance technician worked on the live panel without isolating the supply during equipment maintenance. The observation was attributed to a lapse in permit control.,HIGH,Equipment Maintenance,Electric shock or arc flash,Permit control failed,Energy Isolation
2930,a confined-space attendant noticed that gas testing was performed with a non-calibrated detector during the tank entry.,MEDIUM,Confined Space Entry,Hazardous atmosphere,Communication/handover failed,Confined Space
2931,an operator confirmed the chemical was stored in the correct container while moving the containers.,LOW,Chemical Handling,Chemical exposure,No barrier failure / control effective,Toxic Gas
2932,a technician worked on the live panel without isolating the supply while servicing the switchgear.,HIGH,Electrical Maintenance,Electric shock or arc flash,Energy isolation failed,Energy Isolation
2933,An inspection noted that an excavator operator flagged that the trench had no ladder access while working in the trench. This was linked to the utility verification was not completed.,MEDIUM,Excavation,Utility strike,Utility verification not completed,Ground Disturbance
2934,Gas testing was completed and the space was declared safe while testing the airflow.,LOW,Ventilation,Hazardous atmosphere,No barrier failure / control effective,Confined Space
2935,an operator reached into the press while the guard was removed during machine operation. It was noted that a failure of the machine guarding.,HIGH,Machine Operation,Entanglement,Guarding failed,Line of Fire
2936,a supervisor noted corrosion on the pressurized line during the permit check. The event traced back to the required inspection was not completed.,MEDIUM,Permit to Work,Pressure release,Inspection not completed,Energy Isolation
2937,A worker reported that a technician confirmed the fire watch and extinguishers were in place before during hot work.,LOW,Hot Work,Fire or explosion,No barrier failure / control effective,Hot Work
2938,A permit review found that an inspector climbed the unit without attaching the safety harness during equipment inspection. The finding cited a failure of safe access controls.,HIGH,Equipment Inspection,Fall from height,Safe access control failed,Working at Height
2939,The shift handover mentioned that a worker noted the barricade around the lift area was incomplete while the crane was positioning the load.,MEDIUM,Lifting Operation,Dropped load,Exclusion zone control degraded,Lifting Operations
2940,A worker reported that a worker verified the rigging was inspected for the lift during the lifting operation.,LOW,Lifting Operation,Dropped load,No barrier failure / control effective,Lifting Operations
2941,A near miss occurred when an operator repeated the lifting motion without rest breaks while carrying the load. The event traced back to a previously identified corrective action was not closed out.,MEDIUM,Manual Handling,Musculoskeletal Injury,Corrective action not completed,
2942,An inspection noted that a scaffolder worked beside an open edge while the guardrail was absent during elevated maintenance. The event traced back to a failure of safe access controls.,HIGH,Work at Height,Fall from height,Safe access control failed,Working at Height
2943,An observation from the safety patrol noted that the excavation permit and utility survey were reviewed during worksite setup.,LOW,Worksite Control,Utility strike,No barrier failure / control effective,Ground Disturbance
2944,a material handler worked below the platform while material was being handled above during the transfer. It was noted that a failure to maintain the exclusion zone.,HIGH,Material Handling,Falling object,Exclusion zone failed,
2945,a worker lifted the container using an awkward posture while carrying the load. It was noted that the manual handling control was inadequate.,MEDIUM,Manual Handling,Musculoskeletal Injury,Manual handling control inadequate,
2946,an operator used a lift assist for the heavy load during manual handling.,LOW,Manual Handling,Musculoskeletal Injury,No barrier failure / control effective,
2947,The shift handover mentioned that a technician entered the space despite the gas monitor alarm remaining active while assessing the release. It was noted that a lapse in permit control.,HIGH,Gas Leak Response,Hazardous atmosphere,Permit control failed,Toxic Gas
2948,An inspection noted that an attendant observed an obstruction blocking the aisle in the common work area. Follow-up identified a previously identified corrective action was not closed out.,MEDIUM,Housekeeping,Slip hazard,Corrective action not completed,No clear Life-Saving Rule detected
2949,A permit review found that the inspection certificate was verified before use during the inspection.,LOW,Inspection,Equipment failure,No barrier failure / control effective,
2950,A supervisor observed that an inspector moved along the edge of the platform with no fall-arrest system in use during the safety inspection.,HIGH,Inspection,Fall from height,Safe access control failed,Working at Height
2951,an operator observed chemical vapors near the open container while transferring the chemical. The observation was attributed to inadequate housekeeping controls.,MEDIUM,Chemical Handling,Chemical exposure,Housekeeping control inadequate,Toxic Gas
2952,A near miss occurred when the depressurization was confirmed before the work during the permit check.,LOW,Permit to Work,Pressure release,No barrier failure / control effective,Energy Isolation
2953,a ground worker struck the buried cable while excavating while working in the trench. This was linked to a lapse in permit control.,HIGH,Excavation,Utility strike,Permit control failed,Ground Disturbance
2954,an entrant noted that the retrieval line was not rigged during confined-space entry. The observation was attributed to no emergency rescue plan was in place.,MEDIUM,Confined Space Entry,Delayed rescue,Emergency/rescue plan absent,Confined Space
2955,a welder verified the permit conditions covered the hot work while performing hot work.,LOW,Hot Work,Fire or explosion,No barrier failure / control effective,Hot Work
2956,A supervisor observed that a fitter closed the switch while another worker was inside the danger zone during the repair job. This was linked to the stop-work control was not effective.,HIGH,Maintenance,Unexpected startup,Stop-work control failed,Energy Isolation
2957,a first responder noted that the retrieval line was not rigged during the emergency drill. The observation was attributed to no emergency rescue plan was in place.,MEDIUM,Emergency Response,Delayed rescue,Emergency/rescue plan absent,Confined Space
2958,"During the walk-down, a safety officer completed while verifying critical controls with all controls in place.",LOW,Safety Verification,None identified,No barrier failure / control effective,
2959,The depressurization was confirmed before the work while verifying the authorization.,LOW,Permit to Work,Pressure release,No barrier failure / control effective,Energy Isolation
2960,A near miss occurred when a lifting supervisor noticed the load swinging over the occupied area during the critical lift. It was noted that the pre-lift inspection was skipped.,HIGH,Lifting Operation,Dropped load,Lifting inspection failed,Lifting Operations
2961,The shift handover mentioned that a storekeeper noted that the scrap bin was overflowing near the work area during storage activity. Follow-up identified a previously identified corrective action was not closed out.,MEDIUM,Storage,Poor housekeeping condition,Corrective action not completed,
2962,a technician confirmed the guard was in place before start-up while aligning the components.,LOW,Mechanical Maintenance,Entanglement,No barrier failure / control effective,Line of Fire
2963,a technician observed dust accumulation in the work area while running the equipment. Follow-up identified a PPE compliance issue.,MEDIUM,Equipment Operation,Noise exposure,PPE compliance issue,
2964,An inspection noted that a worker handled the reactor without the required chemical gloves while servicing the chemical line. It was noted that a lapse in permit control.,HIGH,Chemical Maintenance,Chemical exposure,Permit control failed,Toxic Gas
2965,A permit review found that a technician checked that the guards were fit before operating while inspecting the unit.,LOW,Equipment Inspection,Equipment failure,No barrier failure / control effective,
2966,An observation from the safety patrol noted that an operator lifted the load above shoulder height repeatedly while carrying the load. This was linked to the manual handling control was inadequate.,MEDIUM,Manual Handling,Musculoskeletal Injury,Manual handling control inadequate,
2967,a technician proceeded with hot work although the permit did not match the site conditions during the grinding operation. This was linked to combustible materials were not controlled.,HIGH,Hot Work,Fire or explosion,Combustible control failed,Hot Work
2968,a maintenance technician verified the circuit was dead before starting work during equipment maintenance.,LOW,Equipment Maintenance,Electric shock or arc flash,No barrier failure / control effective,Energy Isolation
2969,A permit review found that an attendant found debris scattered across the access path in the common work area. Follow-up identified a previously identified corrective action was not closed out.,MEDIUM,Housekeeping,Slip hazard,Corrective action not completed,
2970,An observation from the safety patrol noted that a scaffolder worked on the elevated platform without any fall protection during elevated maintenance.,HIGH,Work at Height,Fall from height,Edge protection absent,Working at Height
2971,a technician verified that mechanical handling aids were available during manual handling.,LOW,Manual Handling,Musculoskeletal Injury,No barrier failure / control effective,
2972,a worker began welding while no fire watch was stationed while welding. The observation was attributed to no fire watch was present.,HIGH,Hot Work,Fire or explosion,Fire watch absent,Hot Work
2973,A supervisor observed that a worker found the restart procedure was not followed during the repair job. The finding cited the energy isolation control was degraded.,MEDIUM,Maintenance,Unexpected startup,Energy isolation control degraded,Energy Isolation
2974,a supervisor verified that spare PPE was available at the worksite during the PPE inspection.,LOW,PPE,PPE deficiency,No barrier failure / control effective,
2975,an auditor completed during the control check with all controls in place.,LOW,Safety Verification,None identified,No barrier failure / control effective,
2976,a safety officer observed the safety clutch fail during during the check. Follow-up identified the required inspection was not completed.,HIGH,Equipment Inspection,Equipment failure,Inspection not completed,
2977,a ground worker observed that the utilities were not marked on the ground during the excavation work. The observation was attributed to the required inspection was not completed.,MEDIUM,Excavation,Utility strike,Inspection not completed,Ground Disturbance
2978,A near miss occurred when housekeeping standards were maintained while setting up the work area.,LOW,Worksite Control,Poor housekeeping condition,No barrier failure / control effective,
2979,a worker started hot work while combustible material remained nearby during the grinding operation. The event traced back to combustible materials were not controlled.,HIGH,Hot Work,Fire or explosion,Combustible control failed,Hot Work
2980,a maintenance technician observed the equipment starting without the safety interlock during the maintenance shutdown. It was noted that the energy isolation control was degraded.,MEDIUM,Equipment Maintenance,Unexpected startup,Energy isolation control degraded,Energy Isolation
2981,A permit review found that a material handler confirmed all tools were tethered before while stacking the pallets.,LOW,Material Handling,Falling object,No barrier failure / control effective,
2982,An observation from the safety patrol noted that a worker moved the vehicle while the spotter had not cleared the route during the yard move. The event traced back to the traffic segregation controls had broken down.,HIGH,Vehicle Movement,Vehicle-pedestrian collision,Traffic segregation failed,Line of Fire
2983,An observation from the safety patrol noted that a safety officer used the harness without inspecting it during the shift.,MEDIUM,PPE,PPE deficiency,PPE compliance issue,No clear Life-Saving Rule detected
2984,A permit review found that a cleaner verified the walkway was clear after the task while clearing the workspace.,LOW,Housekeeping,Slip hazard,No barrier failure / control effective,
2985,an excavator operator continued the excavation while the utility drawings were missing during the excavation work.,HIGH,Excavation,Utility strike,Utility verification failed,Ground Disturbance
2986,a worker found that the load weight was not confirmed before the lift during the lifting operation. The event traced back to the exclusion zone control was degraded.,MEDIUM,Lifting Operation,Dropped load,Exclusion zone control degraded,Lifting Operations
2987,A worker reported that a technician verified the atmospheric readings were within safe limits before while assessing the release.,LOW,Gas Leak Response,Hazardous atmosphere,No barrier failure / control effective,Toxic Gas
2988,An observation from the safety patrol noted that a technician observed the safety clutch fail during during the repair. The finding cited the required inspection was not completed.,HIGH,Hand Tools,Equipment failure,Inspection not completed,
2989,a fitter observed the equipment starting without the safety interlock while the equipment was being worked on. Follow-up identified the energy isolation control was degraded.,MEDIUM,Maintenance,Unexpected startup,Energy isolation control degraded,Energy Isolation
2990,"During the walk-down, a technician verified the circuit was dead before starting work while servicing the switchgear.",LOW,Electrical Maintenance,Electric shock or arc flash,No barrier failure / control effective,Energy Isolation
2991,a maintenance technician observed the machine cycle unexpectedly during the repair during the maintenance shutdown. The event traced back to the stop-work control was not effective.,HIGH,Maintenance,Unexpected startup,Stop-work control failed,Energy Isolation
2992,a cleaner observed an obstruction blocking the aisle while clearing the workspace.,MEDIUM,Housekeeping,Slip hazard,Housekeeping control inadequate,No clear Life-Saving Rule detected
2993,"During the walk-down, a technician confirmed hearing protection was used near the noisy equipment while running the equipment.",LOW,Equipment Operation,Noise exposure,No barrier failure / control effective,
2994,A supervisor observed that an attendant flagged uneven flooring in the work area during routine housekeeping rounds. This was linked to inadequate housekeeping controls.,MEDIUM,Housekeeping,Slip hazard,Housekeeping control inadequate,
2995,An inspection noted that a welder started grinding beside an open chemical container during the grinding operation.,HIGH,Hot Work,Fire or explosion,Permit control failed,Hot Work
2996,A permit review found that the toe boards were verified on the platform during material handling.,LOW,Material Handling,Falling object,No barrier failure / control effective,
2997,A supervisor observed that a technician began work although the rescue plan was not established while entering the vessel.,HIGH,Confined Space Entry,Delayed rescue,Emergency/rescue plan absent,Confined Space
2998,a chemical technician observed chemical vapors near the open container while maintaining the reactor. This was linked to a PPE compliance issue.,MEDIUM,Chemical Maintenance,Chemical exposure,PPE compliance issue,Toxic Gas
2999,a worker confirmed all tools were tethered before during material handling.,LOW,Material Handling,Falling object,No barrier failure / control effective,
3000,An observation from the safety patrol noted that an electrician performed repair work on the circuit without a voltage check during electrical maintenance. The observation was attributed to the energy isolation was not applied.,HIGH,Electrical Maintenance,Electric shock or arc flash,Energy isolation failed,Energy Isolation
3001,A worker reported that a worker observed chemical vapors near the open container during chemical maintenance. Follow-up identified inadequate housekeeping controls.,MEDIUM,Chemical Maintenance,Chemical exposure,Housekeeping control inadequate,Toxic Gas
3002,An inspection noted that a technician checked that the extinguisher charge was valid before during hot work.,LOW,Hot Work,Fire or explosion,No barrier failure / control effective,Hot Work
3003,"During the walk-down, an operator worked in the area without respiratory protection during the release during chemical handling. The finding cited inadequate ventilation.",HIGH,Chemical Handling,Chemical exposure,Ventilation inadequate,Toxic Gas
3004,A supervisor observed that a material handler flagged that the overhead rack was overloaded during material handling. This was linked to the tool control was degraded.,MEDIUM,Material Handling,Falling object,Tool control degraded,
3005,Vehicle and pedestrian routes were segregated during vehicle movement.,LOW,Vehicle Movement,Vehicle-pedestrian collision,No barrier failure / control effective,Line of Fire
3006,a warehouse attendant found waste material blocking the aisle during the warehouse operation. It was noted that a previously identified corrective action was not closed out.,MEDIUM,Storage,Poor housekeeping condition,Corrective action not completed,
3007,an operator confirmed the required PPE was worn throughout during chemical handling.,LOW,Chemical Handling,PPE deficiency,No barrier failure / control effective,
3008,The shift handover mentioned that a worker reached the upper level while the guard rail on the access ladder had been removed while accessing the upper platform. This was linked to fall protection was not in place.,HIGH,Work at Height,Fall from height,Fall protection absent,Working at Height
3009,A permit review found that an operator climbed the access ladder without attaching the safety harness while accessing the upper platform. It was noted that edge protection was missing.,HIGH,Work at Height,Fall from height,Edge protection absent,Working at Height
3010,a traffic marshal reported that the pedestrian route operated as expected while managing the work zone.,LOW,Worksite Control,None identified,No barrier failure / control effective,
3011,The shift handover mentioned that an electrician observed a damaged cable on the energized line during circuit repair. This was linked to the energy isolation control was degraded.,MEDIUM,Electrical Maintenance,Electric shock or arc flash,Energy isolation control degraded,Energy Isolation
3012,a confined-space attendant confirmed the attendant and rescue equipment were ready during confined-space entry.,LOW,Confined Space Entry,Delayed rescue,No barrier failure / control effective,Confined Space
3013,a welder proceeded with hot work although the permit did not match the site conditions during hot work. The event traced back to no fire watch was present.,HIGH,Hot Work,Fire or explosion,Fire watch absent,Hot Work
3014,"During the walk-down, a technician noted that the fire watch had not been briefed before during hot work. The finding cited the required inspection was not completed.",MEDIUM,Hot Work,Fire or explosion,Inspection not completed,Hot Work
3015,a technician confirmed the guard was in place before start-up during the mechanical repair.,LOW,Mechanical Maintenance,Entanglement,No barrier failure / control effective,Line of Fire
3016,"During the walk-down, a warehouse attendant noted that the scrap bin was overflowing near the work area in the storage area.",MEDIUM,Storage,Poor housekeeping condition,Housekeeping control inadequate,
3017,a technician operated the equipment which had no guarding during equipment inspection. This was linked to the required inspection was not completed.,HIGH,Equipment Inspection,Equipment failure,Inspection not completed,
3018,A supervisor observed that a worker checked the energy-isolation register before the start while the equipment was being worked on.,LOW,Maintenance,Unexpected startup,No barrier failure / control effective,Energy Isolation
